question_text,answer_text
Explain key concepts from Robotics (robotics.pdf) - Page 1,"SECTION 1: ROBOTS AND SOCIETY 2 
Principles of Robotic Systems 
Robots & Society 
 
INTRODUCTION 
In today's world, robots now play a significant part of the daily lives of the human race, 
from manufacturing to healthcare, agriculture and homes. This section explores how 
robots impact society, both positively and negatively. You will learn of the importance 
of ensuring that robots can work safely alongside humans, while considering ethical 
concerns. Understanding these ideas will help you think critica lly about the role of 
robots and how they will shape the future. Additionally, you will practice skills like 
writing articles on robotics and preparing you for job opportunities related to robotics, 
an exciting and growing field. 
 
Key Ideas 
● Robot-Human Coexistence: For robots to work with humans, there is a need 
to address issues like safety and have rules for them to follow that they 
cannot change themselves. This ensures a happy and stable relationship 
between robots and people in the home, at work or in the community. 
● Roboethics: This covers the moral and ethical implications of robotics, or put 
another way dealing with ‘right and wrong’ related to the design and use of 
robots. This includes developing the guidelines robots should follow so they 
do not cause harm to humans, respect their privacy, act openly and operate 
within the limits of their roles in society. 
● Safety in Robotics: It is essential to develop and follow safety standards and 
procedures to prevent accidents or harm when robots interact with humans or 
other machines. 
● Job Opportunities in Robotics: Robotics is creating new jobs across 
industries. Learning how to identify these roles and preparing for them can 
open doors to exciting careers in this growing field. 
 
EXPLORING THE BROADER SOCIETAL IMPACT OF ROBOTS 
In year 1 you learned about the amazing things robots can do and how they can help 
people. You studied the many ways robots improve processes, like doing jobs faster 
and making tasks safer. You also found out about roboethics, which means applying 
rules and principles to make sure robots are used in a fair and responsible way. In this 
section you will study in more detail the impact of robots on society. You will explore 
both the good and bad things robots can bring to the world. By doing this, you will 
understand why it is important to use robots wisely and responsibly. 
 
Analysing the Societal Impact of Robots: A Step-by-Step Guide"
Explain key concepts from Robotics (robotics.pdf) - Page 2,"In year one you learned how robots can solve problems and contribute positively to 
society. While problem solving and positive contributions are great you should not 
forget that it is also important to think about the overall impact on society when robots 
are used to replace humans. Using robots can also make problems and cause conflict. 
By considering both the benefits and drawbacks of using robots, designers can make 
robots that are useful and responsible, minimising harm and maximising their benefits 
to society. 
Here are the steps you can follow to analyse how robots might impact society: 
1. Define the Scenario and Robot’s Role: Start by clearly describing what the 
robot is supposed to do and where it will be used. For example, is it going to 
help take care of elderly people, do farming tasks, or provide companionship? 
Knowing this makes it easier to focus on the analysis. 
2. Identify Potential Impacts: Next, think about the possible effects the robot 
could have. You will need to consider how different groups of people might 
feel about the robot. Ask questions like: Will this robot create new jobs or take 
jobs away? Will people need new training to use it? Could it improve 
healthcare, protect the environment, or offer better education? Does it raise 
any issues like privacy, safety, or fairness? Are there any ethical guidelines or 
rules that need to be followed when designing the robot? 
3. Minimise Negative Impacts and Maximise Positive Effects: After 
identifying possible problems, think about how to reduce them. This could 
include adding safety features, securing data, or creating rules for using the 
robot. Also, consider how to increase the robot’s positive contributions to 
society. 
4. Think About the Long-Term: It is important to consider how the robot might 
affect society in the future. Will it become outdated quickly and create 
electronic waste? Can the robot’s design be updated to meet future needs? 
 
This approach helps ensure that robots are designed not only to solve problems 
today but also to have a lasting, positive impact on society. 
Example of Societal Impact Analysis: Robot Companions for Elderly Care 
Elli Q is a robot is designed to provide companionship and help elderly people who 
live alone to do tasks with which they might struggle. 
Scenario and Robot's Function 
Here is a breakdown of what Elli Q is designed to do: 
1. Better Communication: Elli Q can have conversations, noticing the user’s 
tone, facial expressions, and preferences. The robot can also help the elderly 
stay in touch with family and friends through video calls. 
2. Daily Assistance: Elli Q can remind the elderly to take their medication, go to 
appointments, and do daily activities. The robot can also help with small tasks 
like adjusting the thermostat or turning on lights using voice commands."
Explain key concepts from Robotics (robotics.pdf) - Page 3,"3. Health Monitoring: Elli Q can be equipped with sensors that track things like 
heart rate and sleep patterns. If something unusual is detected, it can prompt 
the user to see a doctor (but with a clear warning that it is not a medical 
device). 
4. Emotional Support: Elli Q can recognise how the user is feeling and respond 
accordingly, offering words of encouragement, playing calming music, or 
suggesting ways to relax. 
5. Cognitive Stimulation: Elli Q can offer activities to keep the user’s mind 
active, such as memory games, trivia, or learning activities based on their 
interests. 
Identifying Potential Impacts 
Using the list above which defines what Elli Q can do; it is possible to predict the 
impact it might have on society? 
Positive Impacts: 
1. It could help elderly people stay independent by assisting with daily tasks. 
2. Health might improve because of medication reminders and health 
monitoring. 
3. The mental stimulation features could help keep the mind healthy. 
4. Elli Q might help elderly people feel less lonely by improving communication 
and emotional support. 
5. Early health problems could be detected through basic health monitoring. 
Possible Negative Impacts: 
1. Elderly people might rely too much on Elli Q, leading to less physical activity 
or social interaction which might lead to health problems. 
2. Elderly people need training to use the robot and some might struggle with 
using the technology, creating challenges for those without tech skills. 
3. There could be privacy concerns because Elli Q collects data from 
conversations, health sensors, and activities. 
4. Elli Q’s emotional responses might not always be appropriate if they are not 
programmed carefully. 
5. The health and cognitive (thinking and problem solving) activities might not be 
suitable for the needs and abilities of all individuals. 
Minimising Negative Impacts and Maximising Positive Outcomes 
The following points show how potential problems can be solved to make the most of 
Elli Q’s benefits: 
1. Balanced Support: Elli Q should encourage users to stay active and 
socialise, not just rely on its assistance. 
2. Digital Accessibility: Elli Q should be easy to use, with clear instructions and 
training programs for people who are not familiar with the technology."
Explain key concepts from Robotics (robotics.pdf) - Page 4,"3. Data Transparency and Control: There should be strong security measures 
to protect data, and users should have control over what data is collected and 
how it is used. 
4. Ethical Programming: Elli Q’s emotional responses should focus on 
supporting well-being, and not try to force elderly people do things.  
5. Inclusive Design: The health monitoring and cognitive (thinking and problem 
solving) activities should be designed to include people of all backgrounds 
and abilities. 
Considering the Long-Term 
Looking into the future, there are some long-term impacts to think about: 
1. Obsolescence: Elli Q’s design should allow for software upgrades over time 
to keep it up to date as technology advances. 
2. E-waste: To reduce electronic waste the manufacturers of Elli Q should have 
programs for recycling or refurbishing old models. 
3. Impact on Caregivers: Elli Q should be used to help, not replace, human 
caregivers. Caregivers should be part of the setup process to keep a 
connection between the elderly and their human helpers. 
The Need for Human-Robot Coexistence: A Partnership That Benefits Both 
Sides 
In year one you learned that robots can greatly improve the performance of 
organisations – manufacturing processes can be speeded up, there are fewer 
wasteful mistakes and safety records improve. However, it is important to point out 
that a successful relationship between humans and robots depends on both working 
together and receiving help from each other’s strengths. Even though robots have 
impressive abilities, the integration of robots with humans brings greater 
achievements. Here is why: 
1. Creativity and Problem-Solving: 
Robots are great at following instructions, but they cannot think creatively. 
Humans can produce new ideas, solve unexpected problems, and adjust to 
changes. This creativity is essential for making improvements and dealing 
with challenges that robots cannot handle. 
2. Social Intelligence and Empathy: 
Robots cannot connect with others on an emotional level. Humans are better 
at interacting with customers, coworkers, and patients by building trust and 
understanding. In fields like healthcare, customer service, and education, 
human skills are needed to guide robots and provide the empathy and 
emotional intelligence that robots cannot offer. 
3. Ethical Decision-Making: 
Ethics is becoming a bigger issue as robots play a more significant role in 
society. While robots can be programmed to follow ethical rules, some"
Explain key concepts from Robotics (robotics.pdf) - Page 5,"situations are too complex for robots to handle. Human judgement is essential 
to make sure robots act responsibly and in line with society’s values. 
Activity 1.1: Analysing the Societal Impact of Robots 
1. Your teacher will put you into groups of 3-5 for this activity. 
2. Read the scenarios below on AgriBot (the Agricultural Assistant Robot) and 
ReNurse (the Robotic Nursing Assistant) and choose one for your analysis. 
a. Scenario A: AgriBot - The Agricultural Assistant Robot 
AgriBot is a versatile robot designed to help farmers in various 
agricultural tasks. It can be equipped with different attachments to 
perform functions like: 
i. Planting and Seeding: AgriBot can precisely plant seeds at best 
depths and distances, reducing waste and maximising yield. 
ii. Weed Control: Equipped with cameras and AI -powered weed 
identification, AgriBot can target and cut weeds with minimal 
herbicide use. 
iii. Crop Monitoring and Irrigation: Sensors on AgriBot can check soil 
moisture, nutrient levels, and crop health, enabling precise 
irrigation and targeted fertiliser application. 
iv. Harvesting: For specific crops, AgriBot can be adapted for 
automated harvesting, reducing manual labour, and ensuring 
efficient collection. 
 
b. Scenario B: ReNurse - The Robotic Nursing Assistant 
ReNurse is a mobile robot designed to help nurses in hospitals and care 
facilities. It can perform various tasks to support patient care, including: 
i. Patient Monitoring: ReNurse can check vital signs, medication 
schedules, and patient activity levels, providing real -time data to 
nurses. 
ii. Basic Care Tasks: ReNurse  can help with tasks like delivering 
meals, transporting patients, and helping with mobility exercises. 
iii. Communication and Companionship: ReNurse can engage with 
patients through conversation, games, or entertainment, providing 
social interaction and emotional support. 
iv. Data Collection and Analysis: ReNurse can gather patient data 
and trends, helping nurses in making informed care decisions. 
3. Discuss what your chosen robot does and how they might affect society. 
4. Share your thoughts with your group. “What excites you about these robots? 
What concerns do you have?” 
5. Thoroughly analyse your chosen scenario by filling out the following analysis 
worksheet"
Explain key concepts from Robotics (robotics.pdf) - Page 6,"a. Robot Description: Write a brief description of the robot you chose 
and what field it operates in (agriculture or healthcare). 
b. Positive Impacts: List at least three potential positive impacts of the 
robot on society. Consider effects on jobs, the environment, and overall 
well-being. 
c. Negative Impacts: List at least three potential negative impacts. Think 
about job displacement, privacy concerns, and the possibility of less 
human interaction. 
d. Ethical Considerations: Discuss at least two ethical issues related to 
the robot, such as safety, data security, or biases in its design. 
e. Human-Robot Partnership: Explain how humans will work alongside 
the robot and why this partnership is important. 
6. Be prepared to present your completed worksheet to the whole class as a group. 
Have a discussion about what you learned. What surprised you? What do you think 
is the most important aspect of robot integration into society? 
7, Completed Analysis sheet will be presented to your teacher for scoring. 
Activity 1.2: Article Writing 
Based on reflections from the previous activity and points from your analysis sheet, 
write an article of no more than 400 words which outlines the likely impacts of the 
robot on society. The target audience for your article is a school journal or local 
newspaper. Written language and approach should be engaging and informative and 
for readers who have no technical knowledge of robots.  
These guidelines will help you plan your article. 
a. A clear description of the robot's functionalities and its intended field of  
(agriculture or healthcare) is needed. 
b. An analysis of the robot's potential positive and negative societal 
impacts. This analysis should consider potential effects on jobs, the 
environment, user privacy, and overall well-being. 
c. Ethical considerations surrounding the use of this robot are to be 
discussed. Safety, data security, and potential biases in design or 
operation are key areas for exploration. 
d. The interaction between humans and robots is critical for readers who 
need to be persuaded that the robot cannot cause harm, or accidents 
and there is a role for it in society so make every effort to emphasise it 
throughout the article.  
 
EXPLORING CAREER OPPORTUNITIES IN ROBOTICS 
In this part of section one, you will dive into the world of robotics careers and learn 
how to connect your passion with real job opportunities. As you design and build 
robots, you will also explore how to identify job postings in fields like robotics and 
technology, whether online, in newspapers, or through other media. Additionally, you"
Explain key concepts from Robotics (robotics.pdf) - Page 7,"will practise preparing sample responses to these job postings, equipping you with the 
skills to confidently pursue a career in this rapidly growing field. Let this topic ignite 
your curiosity and inspire you to take the first steps toward becoming a leade r in 
robotics innovation! 
The information below is a guide to what can be achieved. Remember you are at the 
start of your career pathway if you choose robotics. Studying robotics as Senior High 
School will help you move on to higher qualifications in the same area. One day you 
might be able to apply for one of the jobs detailed below. 
Common Career Opportunities in Robotics 
In year one you got a strong foundation in understanding the capabilities of robots and 
familiarised yourself with the design and development process. However, the world of 
robotics extends far beyond the role of designers and programmers. The following 
table shows the different career paths that can be followed to get you working with 
others to create and use robots. For each of the ten (10) robotic-related jobs mentioned 
below, a description of the employment sectors they are linked to, their main job 
responsibilities, entry qualifications required and essential skills are provided in the 
second column. 
Table 2.1: Common Jobs in the field of robotics 
Job Title Description and Requirements 
Robotics Engineer 
Sectors of Operation: Manufacturing, Healthcare, 
Logistics 
 
Job Description/Responsibilities: Designs, develops, 
tests, and implements robotic systems. Responsibilities 
include defining robot requirements, selecting components, 
overseeing construction, and integrating robots into 
existing workflows. 
 
Educational Requirements: Bachelor’s degree in 
Engineering (Mechanical Engineering, Electrical 
Engineering, Computer Engineering, Robotics 
Engineering) 
 
Required Skills, Technical Competencies and 
Experiences: Strong analytical, problem-solving, and 
design skills. 
Robot Programmer 
Sectors of Operation: Manufacturing, Healthcare, 
Agriculture, Logistics. 
 
Job Description/Responsibilities: Writes, tests, and"
Explain key concepts from Robotics (robotics.pdf) - Page 8,"maintains robot control software. Responsibilities involve 
translating engineering designs into robot actions, 
debugging code, and optimising robot performance. 
 
Educational Requirements: Bachelor’s degree in 
Computer Science, Robotics, or a related field 
 
Required Skills, Technical Competencies and 
Experiences: Strong programming skills (C++, Python, 
ROS) 
Robotics 
Technician 
Sectors of Operation: Manufacturing, Mining, Research, 
Education. 
 
Job Description/Responsibilities: Operates, maintains, 
and troubleshoots robots. Responsibilities include 
performing routine maintenance tasks, diagnosing and 
repairing malfunctions, and ensuring robots function safely 
and efficiently. 
 
Educational Requirements: Diploma or an associate's 
degree or technical training in robotics. 
 
Required Skills, Technical Competencies and 
Experiences: Mechanical aptitude and strong attention to 
detail. 
AI Specialist 
Sectors of Operation: Various sectors 
 
Job Description/Responsibilities: Develops and 
implements artificial intelligence algorithms for robots. 
Responsibilities involve machine learning, data analysis, 
and integrating AI functionalities into robotic systems. 
 
Educational Requirements: Requires a bachelor's 
degree in computer science, computer engineering, 
artificial intelligence, or a related field. 
 
Required Skills, Technical Competencies and 
Experiences: Strong analytical and problem-solving skills. 
Human-Computer 
Interaction 
Designer 
Sectors of Operation: Various sectors 
 
Job Description/Responsibilities: Designs user"
Explain key concepts from Robotics (robotics.pdf) - Page 9,"interfaces and interaction methods for robots. 
Responsibilities involve understanding user needs, 
designing intuitive interfaces, and ensuring seamless 
interaction between humans and robots. 
 
Educational Requirements: Requires a bachelor's 
degree in design, human-computer interaction, computer 
science, computer engineering, or a related field. 
 
Required Skills, Technical Competencies and 
Experiences: Strong user experience (UX) design skills. 
Robotics Systems 
Engineer 
Sectors of Operation: Manufacturing, Aerospace, 
Defence, Research. 
 
Job Description/Responsibilities:  Integrates various 
robotic components into complex systems. Responsibilities 
involve designing robot systems architecture, managing 
communication protocols, and ensuring smooth interaction 
between different robotic subsystems. 
 
Educational Requirements: Requires a bachelor's 
degree in engineering (electrical, computer, robotics). 
 
Required Skills, Technical Competencies and 
Experiences: Strong systems engineering and project 
management skills. 
Field Service 
Robotics Engineer 
Sectors of Operation: Manufacturing, Construction, 
Agriculture. 
 
Job Description/Responsibilities:  Provides on-site 
support and maintenance for deployed robots. 
Responsibilities include troubleshooting technical issues, 
performing repairs, and optimising robot performance in 
real-world environments. 
 
Educational Requirements: Requires a bachelor's 
degree in engineering or robotics. 
 
Required Skills, Technical Competencies and 
Experiences: Strong problem-solving and field service 
experience."
Explain key concepts from Robotics (robotics.pdf) - Page 10,"Biomechanics 
Engineer 
Sectors of Operation: Healthcare, Research. 
 
Job Description/Responsibilities:  Applies engineering 
principles to design robots for medical applications. 
Responsibilities involve designing robotic prosthetics, 
surgical robots, or robots for rehabilitation purposes. 
 
Educational Requirements: Requires a bachelor's 
degree in mechanical,  biomechanical or biomedical 
engineering 
 
Required Skills, Technical Competencies and 
Experiences: Strong understanding of human anatomy 
and physiology 
Robotics Software 
Architect 
Sectors of Operation: Manufacturing, Logistics. 
 
Job Description/Responsibilities:  Designs the software 
architecture for complex robotic systems. Responsibilities 
involve defining software components, ensuring system 
scalability, and optimising software performance for real-
time applications. 
 
Educational Requirements: Requires a bachelor's 
degree in computer science or computer engineering 
 
Required Skills, Technical Competencies and 
Experiences: Strong software engineering and 
architecture design skills 
Robotics Patent 
Attorney 
Sectors of Operation: Law Firms 
 
Job Description/Responsibilities:  Specialises in 
intellectual property law related to robotics inventions. 
Responsibilities involve drafting and securing patents for 
robotic technologies, advising clients on intellectual 
property rights, and ensuring legal compliance in the 
robotics domain. 
 
Educational Requirements: Requires a Juris Doctor (JD) 
degree with a specialisation in intellectual property law.  
 
Required Skills, Technical Competencies and"
Explain key concepts from Robotics (robotics.pdf) - Page 11,"Experiences: Strong understanding of robotics 
technology. 
 
After Developing Robotics Skills and Competencies 
Once you have acquired the qualifications, skills and knowledge needed for a career 
in robotics, there are several steps you can take to find a job in this exciting field. 
Job Search Resources: Here are some common places to look for job opportunities 
or vacancies. 
1. Online Job Boards: Many websites focus on job listings for robotics 
positions. These sites let you filter jobs based on location, industry, or job title 
(e.g., Indeed, LinkedIn, Glassdoor). 
2. Company Websites: Robotics companies often post open positions on their 
own websites. These sites also provide information about the company and 
what they are looking for in an employee. 
3. Industry Associations and Networking Events: Groups related to robotics 
sometimes hold career fairs or networking events where you can meet 
professionals in the field and learn about job openings. 
4. Recruitment Agencies: Some agencies focus on finding candidates for 
robotics jobs and can help connect you with the right employers. 
5. Social Media Platforms: Professional sites like LinkedIn are useful for 
connecting with recruiters and companies in robotics. By creating a strong 
profile that highlights your skills, you can become more visible to potential 
employers. 
6. Local Resources: Depending on where you live, local newspapers, job fairs, 
and community colleges may offer job postings or career support in robotics. 
What to Look For: When reading job postings, pay attention to these details: 
1. Required Skills and Qualifications: Do not just look at the job title. Carefully 
review the skills and qualifications needed for the role. Remember, many jobs 
in fields like automation and manufacturing use skills that apply to robotics, 
even if ""robotics"" is not in the job title. 
2. Job Responsibilities: Make sure you understand the tasks and expectations 
of the role. 
3. Company Culture and Values: Research the company to see if their values 
and work environment match what you are looking for. 
Application Process: Once you find a job you are interested in, you will usually need 
to send the following: 
1. Cover Letter: A customised letter that shows your interest in the job and 
highlights your skills and experiences that match the job description."
Explain key concepts from Robotics (robotics.pdf) - Page 12,"2. CV or Resume: A clear, short document that includes your education, work 
experience, technical skills, and achievements. 
Sample Cover Letter for A Robotics-Related Job 
Most job applications require a cover letter. This letter briefly shows your passion for 
robotics and explains your understanding of the company’s work. It should address 
specific requirements and challenges mentioned in the job description. The letter 
should also highlight your relevant skills and experience, showing that you are a good 
fit for the role. Below is a sample: 
[Candidate’s Name and Address] 
[Candidate’s Phone Number] 
[Candidate’s Email] 
 
[Date] 
The Head of Human Resource,  
XYZ Technologies 
P. O. Box 998877 
Kumasi, Ghana 
 
Dear Sir, 
APPLICATION FOR ROBOTICS ENGINEER POSITION 
I am writing to express my keen interest in the Robotics Engineer position advertised 
in the Daily Graphic on March 7, 2024. As a highly motivated and results -oriented 
Robotics Engineer with [Number] years of experience in designing, developing, and 
implementing robotic solutions, I am confident that my skills and experience align 
perfectly with the requirements outlined in the job advertisement. 
In my previous role at [Previous Company Name], I played a key role in [ Briefly 
describe a relevant project or achievement that showcases your robotics engineering 
skills. Quantify your impact whenever possible]. My expertise lies in [List 2 -3 of your 
most relevant technical skills, e.g., robot design, automation systems, programming 
languages (specify which ones)]. I am also proficient in [List any relevant software 
programs you use, e.g., CAD software, simulation software]. 
I am particularly drawn to XYZ Technologies' innovative approach to utilising robotics 
in warehouse management. My strong understanding of [Mention specific areas of 
robotics relevant to the job posting, e.g., warehouse automation, material handling 
systems, path planning] would allow me to contribute significantly to your team's efforts 
in optimising efficiency and productivity within your facilities. 
My resume, attached herewith, provides further details regarding my qualifications and 
experience. I am eager to learn more about this exciting opportunity and discuss how 
my skills and experience can benefit XYZ Technologies. Thank you for your time and 
consideration. 
Sincerely,"
Explain key concepts from Robotics (robotics.pdf) - Page 13,"[Your Name] 
Sample Curriculum Vitae (CV) or Resume for A Robotics-Related Job Position 
Following the above -written cover letter, the candidate is expected to attach a 
proofread CV or Resume. The CV must clearly outline the candidate’s educational 
background, including relevant coursework and any robotics -related certifications. It 
should als o include the candidate’s work experience, highlighting past projects or 
achievements related to robotics and showcasing their technical skills and 
accomplishments. The following is an example of what could have been attached.  
 
[Candidate’s Name and Address] 
[Candidate’s Phone Number] 
[Candidate’s Email] 
 
Summary 
A highly motivated and results -oriented Robotics Engineer with [Number] years of 
experience in designing, developing, and implementing robotic solutions for various 
applications. Proven ability to optimise warehouse operations through automation and 
proficient in robot design, automation systems, and programming languages like [List 
languages]. Skilled in utilising [List relevant software programs] to enhance efficiency 
and productivity. 
 
Skills 
● Robotics Design ● Path Planning ● Teamwork 
● Automation 
Systems 
● CAD Software 
(e.g., Solidworks) 
● Adaptability 
● Programming 
Languages (e.g., 
C++, Python, ROS) 
● Simulation 
Software (e.g., 
Gazebo) 
● Material Handling 
Systems 
● Warehouse 
Automation 
● Communication ● Problem-Solving 
 
Experience 
● Robotics Engineer | [Previous Company Name] | [Start Date] - Present 
Designed and implemented a robotic arm solution for automated product 
picking in a warehouse, resulting in a [Quantifiable improvement] increase in 
picking efficiency. 
Developed and maintained control software for a fleet of warehouse robots, 
ensuring smooth operation and minimal downtime."
Explain key concepts from Robotics (robotics.pdf) - Page 14,"Collaborated with cross -functional teams (engineering, operations) to identify 
automation opportunities and implement effective robotic solutions. 
Performed regular maintenance and troubleshooting of robotic systems, 
ensuring optimal performance and reliability. 
Stayed up to date with the latest advancements in robotics technology and 
participated in relevant training programs. 
 
● [Previous Job Title] (if applicable) | [Previous Company Name] | [Start Date] - 
[End Date] 
[ Briefly describe your responsibilities and achievements in this role, highlighting 
relevant skills] 
 
Education 
[Degree Name] in [Field of Study] | [University Name] | [Graduation Year] 
[List any relevant coursework or certifications related to robotics] 
 
Projects (Optional) 
[Include any personal projects or contributions to open -source robotics projects that 
showcase your skills and interests.] 
 
Note: Replace the bracketed information with your specific details and tailor the 
content of the ""Experience"" and ""Projects"" sections to best reflect your background 
and the requirements mentioned in the job advertisement. 
Activity 1.3: Research Career Paths in Robotics 
Your teacher will put you into small groups for this activity. 
1. In your groups, select at least two career options from the list below (or any 
other robotics career of your choice): 
a. Robotics Sales Engineer 
b. Robotics Safety Engineer 
c. Robotics Quality Control Inspector 
d. Robotics Research Scientist 
2. Research the following aspects for both of your chosen career paths: 
a. Sectors: Explore which industries or industrial sectors the job could be 
available in. For example, is the position common in manufacturing, 
healthcare, education, or technology sectors?"
Explain key concepts from Robotics (robotics.pdf) - Page 15,"b. Job Description: What are the typical responsibilities and tasks 
involved in the career? Write down a detailed list of tasks the employee 
would perform. 
c. Educational Requirements: What qualifications, degrees, or 
certifications are necessary for this career? Include both formal 
education and any additional certifications. 
d. Skills and Knowledge: What technical skills or programming 
languages are commonly required? Examples could include knowledge 
of specific robotics platforms, coding using a recognised language like 
Python, or experience with quality control systems. 
3. After completing your research, create a brief report (300-500 words) for each 
of the two chosen careers, summarising your findings using word processing 
software. You will share this report with the class to help everyone understand 
various career paths in robotics. 
Activity 1.4: Finding Relevant Job Postings 
Your teacher will put you into small groups for this activity. 
1. In your groups, search for current or past job postings that are similar to the 
career paths you selected. You can use resources such as: 
a. Online job boards (e.g., LinkedIn, Indeed, Glassdoor) 
b. Company websites (e.g., major robotics companies like Boston 
Dynamics, iRobot, ABB) 
c. Newspapers or community bulletin boards (if applicable) 
Focus on the following aspects: 
d. Required Skills and Experience: Look for common technical 
skills, programming languages, and experiences mentioned in 
the job posting. 
e. Responsibilities: Compare the listed responsibilities to the 
ones you researched in Activity 1. 
f. Educational Background: Check if the qualifications match 
your findings from the previous activity. 
g. Deadline Considerations: You can include job postings that 
are past their deadlines but still relevant to your chosen career. 
2. Write a summary (200-300 words) for each job posting you find using word 
processing software. Your summary should highlight the job’s main tasks, 
required skills, qualifications, and the sector in which the job is situated. Focus 
on how these align with what you learned in Activity 1.3. 
Activity 1.5: Drafting a Sample Cover Letter 
1. Based on the job posting you researched, draft a personalised cover letter 
using word processing software. Highlight specific skills and qualifications that 
align with the job posting (e.g., ""I have developed proficiency in programming"
Explain key concepts from Robotics (robotics.pdf) - Page 16,"with Python and MATLAB, both of which are listed as required skills in the job 
posting."").  
Follow these guidelines but make sure you use a fictional name, address and 
telephone number if you are sharing it with others. 
a. Introduction: Mention the job position and where you found the 
job posting. Express your enthusiasm for the role. 
b. Body: In 1-2 paragraphs, explain why you are a good fit for the 
job. Reference the skills, experiences, and qualifications that 
match the job description. Even if your experience is fictional, it 
should demonstrate how you are prepared for the job. 
c. Closing: End by expressing your interest in an interview and 
thanking the employer for their time. 
Activity 1.6: Drafting a Sample Resume 
1. Using word processing software draft a personalised resume that includes 
relevant educational background, skills, and (fictional) work experiences that 
directly relate to the job posting you researched. 
2. Tailor your resume to the specific career path you are focusing on. Follow the 
following structure to draft your resume but make sure you use a fictional 
name, address and telephone number if you are sharing it with others: 
a. Contact Information: Full name, phone number, and email 
address. 
b. Objective Statement: A brief statement summarising your 
career goals and interest in the job. 
c. Education: Highlight relevant academic qualifications, including 
any degrees, certifications, or coursework that align with the job 
posting. 
d. Skills: List technical and soft skills relevant to the job posting 
(e.g., ""Experience with robotic programming languages such as 
Python, ROS, or C++""). 
e. Experience: Even if your experience is fictional, describe 
relevant project work, internships, or jobs related to robotics. 
f. Certifications and Awards: Include any certifications, even if 
fictional, to demonstrate your commitment to the field of 
robotics. 
Activity 1.7: Peer Review and Feedback 
1. Pair up with a classmate or work in a  small group which your teacher will 
organise to share your cover letters and resumes. Make sure you are not 
sharing any personal information with others like your address and telephone 
number. 
2. Review your peer’s cover letter and resume, offering constructive feedback on 
areas such as: 
a. Clarity of the content"
Explain key concepts from Robotics (robotics.pdf) - Page 17,"b. Relevance of skills and experiences 
c. Structure and flow of the documents 
3. After receiving feedback, revise your cover letter and resume to ensure your 
documents are well-written and properly formatted. 
 
EXTENDED READING 
Resource QR Code to 
Accessing 
Resource 
1. Ethical Dilemma in Robotics (Video Resource) 
https://www.youtube.com/watch?v=9uoWaYErgrs  
 
2. IEEE standard review—Ethically aligned design: A 
vision for prioritising human wellbeing with artificial 
intelligence and autonomous systems. (Paper 
Publication) 
https://ieeexplore.ieee.org/abstract/document/80581
87?casa_token=Nd2IRVKpGOUAAAAA:YrdzRmtlA
HlSv8ZsgdCL1HSDGR9VU4rlMNq6VkEUV5F3yLao
uGwrU2Qh_NP4LDprKVr90LcDhTM   
3. Ethically aligned design for assistive robotics. 
(Paper Publication) 
https://ieeexplore.ieee.org/abstract/document/85358
89?casa_token=3b8xlYPSnRQAAAAA:1PuuoTYiNh
3lKUJjNae0gpArcA6hAFAtfXsapnUcZNvz4MHvA56
FXRFT7zGDtrFYNE1Opz4o10k"
Explain key concepts from Robotics (robotics.pdf) - Page 18,"1. SciTrends - Robotics Careers (Video Resource) 
 
2. Cool Careers - Episode 4: Robotics and Automation  
(Video Resource) 
 
3. How to write a cover letter  (Video Resource) 
 
4. Resume Writing: 4 Tips on How to Write a Standout 
Resume | Indeed Career Tips (Video Resource) 
 
REVIEW QUESTIONS  
1. What does the term ""roboethics"" refer to? 
a. The study of how robots are built 
b. The principles guiding the ethical use of robots 
c. How robots can replace human workers 
d. The technical specifications of robot systems 
2. Robots are capable of making complex ethical decisions on their own. 
(True/False) 
3. List three general benefits of using robots in society. 
4. Describe one way robot designers can minimise the negative societal impacts 
of robots."
Explain key concepts from Robotics (robotics.pdf) - Page 19,"5. Why is it important for humans and robots to work together in fields like 
healthcare and education? 
6. Study the picture below which shows a service robot that works in a busy airport 
waiting lounge. Visitors catching flights get free soft drinks and snacks from a 
self-service area which they consume at tables. Their empty cups and plates 
are collected by the robot, which is programmed to stay in one area, navigate 
between tables, and return to the kitchen when all its shelves are full. The robot 
stops at each table and asks whether there any items that are finished with and 
visitors place them on the shelves. 
 
Figure 1.1 Robot in Amsterdam Airport, Netherlands   
 
a. List two advantages of using a robot to collect empty cups and plates. 
b. List two disadvantages using a robot to collect empty cups and plates. 
c. Why might staff in the airport lounge be unhappy with their robot colleague? 
d. Name three other locations where a service robot like the one in the picture might 
be useful.  
1.2 Review Questions 
1. What is the primary responsibility of a Robotics Engineer? 
a. Develop and implement AI algorithms for robots 
b. Write, test, and maintain robot control software 
c. Design, develop, test, and implement robotic systems 
d. Operate, maintain, and troubleshoot robots 
2. Fill in the Blank: A _______ is required for the position of Robotics Patent 
Attorney, focusing on intellectual property law related to robotics inventions. 
3. True or False: A Robotics Technician typically requires a bachelor’s degree 
to be eligible for employment in the field. 
4. List two sectors where a Robot Programmer might work and describe one 
primary responsibility of this role. 
5. Why is it important to research a company's culture and values before 
applying for a job in robotics? Provide two reasons based on the content 
provided."
Explain key concepts from Robotics (robotics.pdf) - Page 20,"SECTION 2: ROBOT CONTROL PRINCIPLES 2 
Principles of Robotic Systems 
Robot Control Principles 
 
INTRODUCTION 
In this section, you will learn how to design both non -feedback and feedback control 
systems using component and system diagrams. These diagrams will serve as vital 
tools, helping you visualise and implement controls in various scenarios. You will also 
delve into mathematical modelling, focusing on continuous -time machines and finite-
state machines. By analysing different scenarios, you will gain valuable insights into 
how robots can be programmed to respond effectively to their environments. This 
section a ims to equip you with the knowledge and skills necessary to create 
sophisticated robotic systems, laying the groundwork for your future innovations in 
robotics. Read on to embark on this exciting journey into the world of robot control 
principles! 
 
Key Ideas 
1. Component Diagrams : Component diagrams are like blueprints for robots. 
They show all the individual parts (like motors, sensors, and controllers) and 
how they connect. Learning to create these diagrams helps you understand 
what each part does in a robot. 
2. System Diagrams : System diagrams are like flowcharts for robots. They 
illustrate how different parts of a system interact and work together to achieve 
a goal. By using these diagrams, you can see how information flows through 
the robot and how it responds to different inputs. 
3. Non-Feedback Systems : In a non -feedback system, the robot makes 
decisions based on pre -set instructions without checking how well it is doing. 
Imagine a robot following a simple path: it moves straight ahead without 
adjusting its course based on what it encounters. Learning about these systems 
helps you understand basic control methods. 
4. Feedback Systems: Feedback systems are smarter. They constantly check 
their environment and adjust their actions based on what they observe. For 
example, if a robot is supposed to pick up an object, it will check if it successfully 
grabbed it and adjust if it did not. Und erstanding feedback helps you design 
robots that can adapt to changes in their surroundings. 
5. Mathematical Models: Mathematical models are like formulas that describe 
how robots behave. They help you predict what will happen when you make 
changes to a robot’s design or programming. For example, if you know the 
speed of a robot, you can calculate how far it will travel over time. 
6. Finite-State Machines: A finite-state machine is like a robot’s decision-making 
guide. It helps the robot know what to do based on different situations or 
""states."" For instance, a robot might have states like ""moving forward,"" 
""turning,"" or ""stopped."" Understanding this conce pt helps you create more 
complex behaviours in robots. 
7. Control Implementation: This is all about putting your plans into action and 
making a robot which does something you want it to do. Using the diagrams 
and models you have studied, you will design and program robots to perform"
Explain key concepts from Robotics (robotics.pdf) - Page 21,"specific tasks. It is like taking all the pieces of a puzzle and putting them 
together to see the whole picture. 
 
 
SYSTEMATIC DESIGN METHODS FOR NON-FEEDBACK CONTROL SYSTEMS 
In this section, you will explore how to design non -feedback systems in robotics and 
automation. Non -feedback systems are important because they control processes 
where you can directly connect what you input to what you get out, without needing to 
make changes based on ongoing feedback. For example, if you tell a robot to move 
forward a certain distance, it will just go that distance without checking if it has gone 
too far or not. Learning how to design these systems gives you the skills to turn your 
ideas into real robot designs. You will use diagrams to show the different parts of the 
system and how they work together. This way, you can see how to make your robots 
work in the real world! 
SCENARIOS USING NON-FEEDBACK SYSTEMS 
Non-feedback systems are used in situations where precise control is important, and 
you do not need to get feedback from the environment. Here are some examples: 
1. Simple Timers and Sequencers 
a. Irrigation systems: Sprinklers can be set to turn on at specific times, 
regardless of how wet the soil is. 
b. Holiday lights: Decorative lights can be programmed to turn on and off 
at certain times without checking how bright it is outside. 
2. Open-Loop Automation Tasks 
a. Factory assembly lines: Robots do their tasks in a set order and for a 
set amount of time without changing their actions based on real-time 
conditions. 
b. Car washes: The car wash follows a fixed process (like washing, 
rinsing, waxing) without checking how clean the car is during each 
step. 
3. Simple Remote-Controlled Devices 
a. Toy cars: You control toy cars using a remote, but the cars do not 
send back information about where they are or how fast they are going. 
b. Drones: Basic drones can perform programmed flight paths or respond 
to your controls without checking their height or direction in real time. 
4. One-Way Communication Systems 
a. Fire alarms: Fire alarms go off when they detect smoke or heat but do 
not check if the fire is out or if people have left the building. 
b. Traffic light timers: Traffic lights follow fixed timing schedules to 
change colours without checking how many cars are waiting. 
5. Pre-Programmed Tasks with Limited Environmental Interaction 
a. Vacuum cleaners: Many robotic vacuum cleaners have set paths for 
cleaning rooms and do not change their routes based on obstacles or 
how dirty the floor is."
Explain key concepts from Robotics (robotics.pdf) - Page 22,"b. Lawn mowing robots: Some robotic lawn mowers stay within a set 
area but may not change their path based on the length of the grass or 
uneven ground. 
The next section concentrates on how a Fire Alarm Systems works. This is a non-
feedback system because it operates on a simple trigger mechanism without relying 
on feedback to adjust its function. If there is smoke, then a sensor detects the smoke 
and sets off the alarm. 
UNDERSTANDING KEY ELEMENTS 
To design a non-feedback fire alarm system effectively, you need to understand 
some important parts that help it work. Here is how to do that: 
1. Identify the Inputs 
For our fire alarm system, the main inputs are signals from smoke detectors, 
heat detectors, and emergency switches. 
a. Smoke detectors sense smoke particles in the air. 
b. Heat detectors notice when the temperature goes up, which could 
mean there is a fire. 
c. Emergency switches are protected by a glass panel. When someone 
breaks the glass, it sends a signal to activate the system. These inputs 
are essential for the fire alarm to work. 
2. Define the Outputs 
Next, you need to know what the system will do when it receives those inputs. 
The outputs of a fire alarm system include: 
a. Sounding alarm bells and sirens 
b. Flashing lights 
c. Activating sprinklers 
d. Opening security doors 
3. Determine the Trigger Conditions 
Finally, figure out what conditions need to be met to activate the outputs. For 
the fire alarm system, the alarms will only go off if: 
a. The smoke or heat levels reach a certain point 
b. The emergency switch is activated by breaking the glass 
These conditions need to be programmed into the fire alarm control panel so that 
when the right signals are detected, the alarms and other outputs will activate. 
STEPS TO CREATE DIAGRAMS 
1. Drafting Component Diagrams 
a. List all components: Smoke detectors, heat detectors manually activated 
switches, control unit, alarm bell, siren, and flashing lights, sprinklers. 
b. Represent each component with standardised symbols. 
c. Connect sensors to the control unit and the control unit to the alarms."
Explain key concepts from Robotics (robotics.pdf) - Page 23,"Figure 2.1: Component Diagram of a Fire Alarm system. 
The component diagram in Figure2.1 shows how the alarm works. Signals from the 
inputs (smoke detector, heat detector and glass covered button are picked up by the 
control panel. The control panel processes the signals and sends them to outputs, 
LED flashers, water sprinklers, bells and door release mechanisms.  
No feedback is required in this system, which means once it’s activated, it doesn’t 
check if the fire is still there it just keeps sending signals to the outputs until it is 
manually deactivated. 
 
Creating a System Diagrams for the Fire Alarm 
1. Map out the physical and logical connections 
Start by drawing the connections between each part of the system. Use lines 
to link the smoke detector, heat detector, and emergency break glass to the 
control panel, and from the control panel to alarms, sprinklers, and other 
outputs.  
2. Indicate the signal flow from detection (input) through the control unit to 
the alarm systems (output) 
Use arrows to show the direction that signals take, inputs go from the 
sensors to the control panel, outputs go to the sounders and LEDS. 
3. Ensure clarity in showing how each component interacts within the 
system 
Show how each part of the system sends and receives signals. Your system"
Explain key concepts from Robotics (robotics.pdf) - Page 24,"diagram should look like figure 2.2, below. 
 
Figure 2.2: System diagram of a fire alarm system 
 
A systems diagram helps you understand the operation by providing a big picture 
where all flows, components and connections are represented.  
 
Activity 2.1: Designing a Non-Feedback Control System 
Your teacher will put you into small groups for this activity. 
Design a non-feedback control system for an electric iron. Follow the guidelines 
below. 
1. Identify Core Components: Using keywords like “Working of Electric Iron” 
on YouTube or “How an electric iron works / Components of an Electric Iron” 
on the internet, research on how an electric iron works in your groups. While 
watching the video or doing your research copy and complete the table below 
to make sure you have all the points you need. Make sure all your group has 
access to the notes. 
 Table 2.1 Identify Core Components 
Guiding Questions Response 
What are the key parts of the device?  
What does each part do in the 
system? 
 
What are the inputs that the device 
needs to start (e.g., power) 
 
What triggers the device to begin its 
function (e.g., button press)? 
 
What does the device produce or do 
(e.g., heating, spinning, lighting up)? 
 
How are the outputs connected to the"
Explain key concepts from Robotics (robotics.pdf) - Page 25,"inputs? 
What conditions cause the device to 
stop or change state (e.g., timer, 
movement)? 
 
How does the device move through 
stages without external feedback 
(what prevents the iron overheating)? 
 
 
a. After the research work individually to list the main parts of an electric 
iron and how each part functions within the system. 
b. Pair up with a partner from your group to discuss the components you 
identified. 
c. Share your ideas with the larger group, focusing on how these 
components work together. 
2. Create a Component Diagram: Based on components identified in your 
groups, draw a component diagram that shows how the parts of the electric 
iron are connected and what each component does (e.g., the thermostat 
regulates temperature). You can use sticky notes or a whiteboard to 
physically place and label each component. You can rearrange them to show 
their relationships and signal flow. 
           3. Define Inputs and Outputs: 
a. List the inputs e.g. power supply and outputs e.g. heating of the 
soleplate. 
b. Discuss in your groups to identify trigger conditions (e.g., “reaching 
set temperature,”). Identify when and how the system starts or stops. 
4. Create a system diagram: Draw a system diagram using squares for 
components and arrows in the same way as the fire alarm was done showing 
how signals flow through the system. 
5. Present your system diagram to the class, explaining the flow of signals and 
how the system operates without feedback. Be prepared to answer questions. 
 
Activity 2.2: Open-Ended Non-Feedback System Design 
Your teacher will put you into small groups for this activity 
Apply your knowledge of non -feedback systems to design a system of your choice. 
Follow these guidelines: 
1. Choose Your System: Choose from the following list: automatic coffee maker, 
traffic light system, vending machine, or car wash or suggest a device of your 
own. In your groups, research on your chosen system and core components 
and how the system operates. Use the table in a ctivity 3.1 to ensure that you 
have all the points you will need."
Explain key concepts from Robotics (robotics.pdf) - Page 26,"2. Create a Component Diagram: In your groups, map out a detailed component 
diagram that shows the system structure. Identify all the main parts and their 
roles. 
3. Define Inputs, Outputs, and Trigger Conditions: Define what inputs (e.g., 
buttons, power) and outputs (e.g., coffee pouring, lights changing) your system 
will have. Identify when and how the system starts or stops. 
4. Present these ideas in a system diagram , which shows how signals flow 
through the system. 
 
 
SYSTEMATIC DESIGN METHODOLOGY FOR FEEDBACK CONTROL SYSTEMS 
In this section, you will learn how to design feedback control systems by using 
diagrams that show how the parts of the system work together. Feedback systems 
use sensors to check values and then, based on their readings the controller make 
changes to ensure the system operates within the limits that have been defined. This 
helps the system be more accurate and flexible. By learning how to design these 
systems, you will improve your ability to create robots and machines that can 
respond and adjust to changes in different situations. 
Scenarios of Feedback Loop Systems 
Feedback loop systems are used in many everyday devices to help them adjust and 
work more efficiently. Here are some common examples: 
1. Thermostats: These devices control the temperature in a room by turning the 
heater or air conditioner on and off based on the temperature it senses. It 
keeps adjusting itself to maintain the temperature you set. 
2. Speed Control in Motors: This system helps control the speed of a motor by 
comparing the actual speed to the desired speed and making changes as 
needed. This is used in things like electric cars and machines in factories. 
3. Automated Lighting Systems: These systems adjust the brightness of lights 
based on how much natural light is already in the room. They make sure the 
lighting stays consistent by dimming or brightening the lights. 
4. Robotic Arms: Robotic arms use sensors to adjust their movements based 
on what they sense. This ensures accuracy for tasks like assembling parts in 
a factory. 
In the next section you will learn how an Automated Lighting System takes the 
form of a feedback loop system. 
Understanding The Key Elements 
When designing an automated lighting system that uses feedback, it is important to 
understand the key parts of the system. These are: 
1. Identify the Inputs: 
The first step is to figure out what information the system needs to operate. 
For an automated lighting system, the input is the light sensor. This sensor 
measures how much light is already in the room (ambient light) and sends this"
Explain key concepts from Robotics (robotics.pdf) - Page 27,"information to the system. This is essential because the system needs to 
know if the room is too bright or too dark. A second input to the system is 
power, which is by the controller to provide light. 
2. Define the Outputs: 
The next step is to figure out what the system is supposed to do. For our 
lighting system, the output is the brightness level of the lights. The goal is for 
the system to keep the room at the right brightness by adjusting the lights. 
3. Determine the Control Mechanism: 
The next step to understand how the system makes decisions to adjust the 
light. The controller (often a microcontroller) compares the actual light level 
in the room with the desired light level. Based on this comparison, it sends 
signals to the system to either brighten or dim the lights. 
The light dimmer/driver is the part of the system that receives these signals 
and changes the brightness of the lights by adjusting the power going to the 
lighting system. This ensures the room stays at the right level of brightness. 
Steps to Create Component and System Diagrams 
To design this system, you can follow these steps to create diagrams that show how 
everything is connected: 
1. Drafting Component Diagrams: 
a. List all components: The main parts are the light sensor, 
microcontroller, light dimmer/driver, and the lighting system itself. 
b. Use standard symbols: Represent each component using the correct 
symbols so it is easy to understand. 
c. Show connections: Draw lines to show how the light sensor connects 
to the controller, how the controller connects to the dimmer/driver, and 
how the dimmer/driver controls the lights. 
These diagrams help visualise how each part of the feedback system works together 
to keep the room lit at the perfect brightness."
Explain key concepts from Robotics (robotics.pdf) - Page 28,"Figure 2.3: Component diagram for automated Lighting System 
In an automated lighting system with feedback control, like the one shown in Figure 
2.3, the controller (such as an Arduino) starts by setting up connections for the input 
(light sensor) and output (AC light dimmer). 
Here is how it works step by step: 
1. The light sensor keeps checking the amount of light in the room (ambient 
light) and turns this information into an electrical signal. This signal is then 
sent to the controller. 
2. The controller processes the data from the light sensor using a control 
algorithm. This is a set of instructions that tells the controller what to do 
based on the actual light level and the desired light level (the set point for how 
bright the room should be). 
3. After comparing the actual light to the desired level, the controller sends 
signals to the AC light dimmer, which changes the brightness of the lights to 
match the desired light level. 
This process forms a feedback loop. The system keeps adjusting the light 
brightness in real-time, using the information from the light sensor to maintain the 
perfect amount of light in the room. 
Creating System Diagrams: 
1. Step 1: Map out the connections 
Draw a diagram that shows how all the parts of the system are physically 
connected to each other and how they logically interact. This will help you 
understand how each part works with the others. 
2. Step 2: Show the feedback loop 
In your diagram, show how the feedback loop works. Start with the light 
sensor (input) that detects the light level. Then, follow the path to the 
controller (Arduino), which processes the information. Next, show how the 
controller sends signals to the relay (actuator), which controls the lighting 
system (output). This loop keeps the system working by continuously 
adjusting the light based on the sensor’s readings. 
 
Figure 2.4: Diagram of an automated Lighting System (feedback loop system) 
 
Activity 2.3: Analysing a Feedback System 
Your teacher will put you into small groups for this activity."
Explain key concepts from Robotics (robotics.pdf) - Page 29,"Scenario: In your group, analyse the temperature control system in the image below. 
 
Figure 2.5: How and electric oven maintains a set temperature 
(https://www.coulton.com/) 
1. Prompts for Analysis: 
a. Identify the main components of the system (e.g., sensor, controller, 
actuator). 
b. Explain the function of each component and how they interact. 
c. What is the system's input? 
d. What is the desired output? 
e. How does the controller compare these values? 
f. How does the controller adjust the system's output based on the feedback? 
2. Task: 
a. Sketch a system diagram of the feedback loop. 
b. Interactive Element: Transfer your sketch to digital software using an online 
tool (e.g., draw.io, Google Drawings, TinkerCAD). 
c. Working together, write a brief report using a word processor(200-300 
words) explaining the system’s operation. 
3. Class Presentations: 
a. Present your group’s analysis diagram and report to the class. Receive 
feedback and refine your explanation based on peer input. 
Activity 2.4: Design a Feedback System (Temperature Control) 
Your teacher will put you into small groups for this activity 
In your groups, design a temperature control system for a room which uses a fan to 
remove hot air. You may choose a specific environment, such as: 
a. A greenhouse (where maintaining optimal temperature for plant growth is 
crucial). 
b. A computer server room (where overheating can lead to system failure). 
c. A laboratory (where temperature stability affects experiments). 
2. Design Components: 
a. What kind of sensor will measure the temperature?"
Explain key concepts from Robotics (robotics.pdf) - Page 30,"b. How will the controller (e.g., a microcontroller) decide when to turn the fan on 
or off? 
c. How fast will the fan spin to cool down the room? 
3. Feedback Loop Explanation: 
a. Write a brief explanation describing how the system works: 
i. How does the sensor measure temperature? 
ii. What happens when the room gets too warm or too cold? 
iii. How does the system adjust the fan speed based on the temperature 
difference? 
4. Design Your Diagram: 
a. Use digital tools to create a system diagram showing the flow of information 
from the sensor to the controller, and how it controls the fan. 
b. Extension: Add complexity by considering energy efficiency (e.g., turning the 
system off at night). 
5. Class Presentation: 
a. Present your diagram and explanation to the class. Discuss why it is a 
feedback system, and how it adapts to different conditions. 
Activity 2.5: Design an Advanced Feedback System (Automated Watering) 
Your teacher will put you into small groups for this activity 
Scenario: Design a system that automatically waters plants based on soil moisture levels. 
Before designing, have a group discussion using these prompts: 
a. What kind of sensor will you use to measure soil moisture? 
b. How will the controller know when to turn the water pump on or off? 
c. What device will deliver water to the plants? 
d. What role does the actuator play in the system? 
1. Component Diagram: 
a. Create a detailed component diagram showing how the system's 
components are connected and interact. 
b. Diagram Requirements: 
i. Show how the soil moisture sensor sends data to the controller. 
ii. Indicate how the controller decides when to activate the water pump. 
iii. Use arrows to represent the flow of information between components. 
iv. Present the diagram to the class, emphasising how it works as a 
feedback loop. 
2. System Diagram (Advanced): 
a. Draw a system diagram that highlights the feedback loop: 
i. Input: Soil moisture level. 
ii. Controller’s Decision: Whether to water the plants. 
iii. Output: Amount of water delivered. 
b. Consider External Factors: Include how external factors like weather or soil 
type influence decision-making. 
3. Class Discussion: 
a. Compare different group designs. Discuss the strengths and weaknesses of 
each system design."
Explain key concepts from Robotics (robotics.pdf) - Page 31,"LOGICAL AND MATHEMATICAL MODELLING OF CONTINUOUS -TIME 
MACHINES 
In the following section you will focus on analysing situations and creating 
mathematical models for machines that work continuously. Continuous -time 
machines, unlike those that work in steps (discrete -time machines), operate with 
constant changes. Example s include the smooth motion of a robotic arm or how 
temperature remains constant in a flow control system. To understand how these 
machines work, you will learn how to use a powerful tool: mathematical modelling. 
Here is why mathematical modelling is important: 
1. Design and Control: Mathematical models act like blueprints for designing 
and controlling continuous-time machines. They show how the system 
behaves, helping you predict its actions and create good control strategies. 
2. Optimisation: With models, you can simulate different situations and adjust 
settings to get the best performance. This lets you test control methods on the 
model before using them in the real world, which saves time and resources. 
3. Analysis and Understanding: Models help you better understand the 
principles that guide how the machine works. you can check its stability, how 
fast it responds, and spot any potential problems. 
Key Mathematical Tools 
1. Differential Equations 
Differential equations are equations that show how different variables relate to each 
other and how those relationships change over time. They are crucial for 
understanding the continuous behaviour of machines. 
Example: When you model the motion of a robotic arm, you can use a differential 
equation that connects the arm's position, velocity, and acceleration to the torque 
applied to it. 
2. Laplace Transforms 
Laplace transforms are a mathematical method that changes differential equations 
from the time domain (the variable 𝑡) to the frequency domain (the variable 𝑠). This 
transformation makes it easier to analyse how the system reacts to different input 
signals (or frequencies). 
Benefits of using Laplace transforms: 
a. Simplified Analysis: It makes it easier to study how the system behaves 
when looking at different frequencies instead of just time. 
b. Control System Design: It helps simplify the design of control systems by 
focusing on how they respond to various frequencies."
Explain key concepts from Robotics (robotics.pdf) - Page 32,"c. Manipulating Transfer Functions: It allows you to work with transfer 
functions, which are mathematical expressions that come from Laplace 
transforms, making it easier to create control strategies. 
Common Real-Life Scenarios of Continuous-Time Machines 
Continuous-time machines are all around us, constantly running in various systems. 
Here are some real-world examples: 
Robotics 
1. Robot arms in automation: These arms need to move very precisely. This 
requires continuous control of joint angles and speeds, which is done through 
motor control systems that are modelled using differential equations. 
2. Mobile robots: To move and navigate, mobile robots continuously adjust their 
speed and direction based on sensor data and environmental conditions. 
Process Control 
1. Temperature control systems: In buildings or factories, these systems keep 
temperatures within a set range by constantly monitoring and adjusting based 
on how much heat is gained or lost. Differential equations help model these 
processes. 
2. Chemical reaction control: Chemical processes, such as those in factories, 
need continuous adjustments of temperature, pressure, and flow rates to 
ensure quality. This is done by continuously monitoring these factors and 
using models to make adjustments. 
Case Study: Temperature Control System in a Chick Breeding Coop 
Scenario: Chick Breeding Coop Temperature Control 
In a chick breeding coop, keeping the temperature just right is very important for the 
chicks’ survival and growth. The temperature needs to stay within a certain range to 
keep the chicks healthy. 
Steps in Developing Logical and Mathematical Models 
1. Determine the Objective 
The main goal is to maintain the coop's temperature within a specific range 
around the ideal temperature, ensuring the chicks grow in healthy conditions. 
2. Identify Key Variables 
a. Current temperature (Tcurrent): The temperature inside the coop at 
any given moment. 
b. Optimal temperature (T): The best temperature for the chicks to grow. 
c. Permissible temperature range (±t): The acceptable difference 
between the current and optimal temperatures. 
d. Heating/Cooling system: Adjusts the coop temperature by either 
heating or cooling it."
Explain key concepts from Robotics (robotics.pdf) - Page 33,"Developing Logical Models 
Threshold Management: 
1. If the temperature goes below the ideal range (T − t), the heating system 
turns on. 
2. If the temperature rises above the range (T + t), the cooling system activates. 
3. If the temperature is within the range, no action is needed. 
Developing Logical Models for the System 
The system uses a logical model to manage how the heating and cooling work: 
1. If the temperature drops below T - t, the system turns on the heating. 
2. If the temperature rises above T + t, the system activates cooling. 
3. If the temperature is within the range T - t ≤ Tcurrent ≤ T + t, no action is 
needed because the conditions are just right. 
 𝐼𝑓  𝑇𝑐𝑢𝑟𝑟𝑒𝑛𝑡  <  𝑇 −  𝑡, 𝑖𝑛𝑐𝑟𝑒𝑎𝑠𝑒 ℎ𝑒𝑎𝑡𝑖𝑛𝑔. 
𝐼𝑓  𝑇𝑐𝑢𝑟𝑟𝑒𝑛𝑡  >  𝑇 +  𝑡, 𝑎𝑐𝑡𝑖𝑣𝑎𝑡𝑒 𝑐𝑜𝑜𝑙𝑖𝑛𝑔. 
𝐼𝑓  𝑇 − 𝑡 ≤  𝑇𝑐𝑢𝑟𝑟𝑒𝑛𝑡  ≤  𝑇 +  𝑡, 𝑛𝑜 𝑎𝑐𝑡𝑖𝑜𝑛 𝑟𝑒𝑞𝑢𝑖𝑟𝑒𝑑. 
Designing a Mathematical Model for Heating the Coop 
The heating system operates based on the principle that the number of 
kilowatts of power applied directly influences the temperature increase 
inside the coop. In developing a model to determine the amount of power 
(in kilowatts) needed to be applied to reg ulate the heating in different 
situations, the following assumptions are made so the mathematical 
model is derived from it: 
Assumptions: 
a. 𝑇𝑐𝑢𝑟𝑟𝑒𝑛𝑡 : Current temperature inside the coop. 
b. T: Optimal temperature that you want to achieve (the target 
temperature) 
c. C: Thermal capacity of the coop (a constant based on its physical 
properties i.e. how much heat it can hold). 
d. P: Power in kilowatts (kW) applied to heat the coop. 
e. t: is the time interval (in seconds) for which the power is applied. 
 
𝑃 =  
(𝑇 −  𝑇𝑐𝑢𝑟𝑟𝑒𝑛𝑡) ∗  𝐶
△ 𝑡  
The equation calculates the power (P) needed to achieve the 
desired temperature increase over a specific time interval . This"
Explain key concepts from Robotics (robotics.pdf) - Page 34,"ensures that the heating process is controlled and efficient, 
preventing overheating and ensuring the well-being of the chicks. 
In the following example some actual figures have been used to show 
how to calculate the power needed to raise the temperature inside the 
chick breeding coop to the optimal value. 
Consider you want to raise the temperature in the coop from 20°C to 
35°C.  The thermal capacity of  the coop is 1000 J/°C (a hypothetical 
value). This means that for every degree Celsius the temperature needs 
to increase, it requires 1000 Joules of energy. The time interval taken to 
do this needs to be 1 hour (3600 seconds). 
Step-by-Step: 
Calculate the temperature difference: 
35°𝐶 − 20°𝐶 = 15°𝐶 
1. Use the formula from above and substitute 15°C  and the values 
in the example: 
  𝑃 =  
( 15℃)∗ 1000 𝐽
℃
3600𝑠  
 𝑃 =  
1500 𝐽
3600𝑠 
𝑃 =  4.17
𝐽
𝑠,  
Since 1 watt (W) = 1 joule/second (J/s), it follows that: 
𝑃 =  4.17 𝑊 
2. Convert watts to kilowatts (1 kW = 1000 W): 
𝑃 =  
4.17 
1000  
𝑃 ≈  0.00417𝑘𝑊  
 
Conclusion: 
To raise the temperature from 20°C to 35°C in one hour, you 
would need about 0.00417 kilowatts of power. 
Testing and Refining Models 
Once you develop these models, you need to test them in the real world and refine 
them based on the results. This process helps to minimise errors and make sure the 
system works as expected. 
By learning how to create and use logical and mathematical models, you gain the skills 
to design and control complex systems, like robots and automated machines, which 
need to operate continuously and adapt to changes in the real world."
Explain key concepts from Robotics (robotics.pdf) - Page 35,"Activity 2.6: Designing a Temperature Control System 
You have been asked to design a temperature control system for a small office 
room. Your goal is to keep the temperature inside the room comfortable, even if the 
temperature outside changes. You will use a heater to control the temperature, and 
your task is to develop a mathematical model for this system.  
1. Identify Key Components 
a. Write down a list of all the key parts involved in the system. 
b. Think about things like the heater, the temperature sensor, and the 
controller (the part that tells the heater when to turn on and off). 
c. Write a short description of what each part does in the system. 
2. State the Main Goal 
a. Write a clear sentence that explains the main goal of the system, for 
example: ""The goal is to keep the room temperature at 22°C, no matter 
what the temperature outside is."" 
3. Formulate the Solution 
a. Think about how the system will achieve this goal. 
b. Write down how the system will work, starting from how the 
temperature sensor measures the room’s temperature, how the 
controller decides when to turn on the heater, and how the heater 
works to adjust the temperature. 
4. Develop Logical Models 
a. Create a simple diagram (draw it on paper or digitally) that shows how 
all the parts of the system work together. 
b. Include arrows showing how information flows from the sensor to the 
controller and to the heater. 
c. Use a decision rule for the heater, like: 
i. ""If the room temperature is below 22°C, turn the heater on."" 
ii. ""If the room temperature is above 22°C, turn the heater off."" 
d. Develop logical models for the decision rules. 
5. Create a Mathematical Model for Heat Control 
a. Write down the formula that shows how much power the heater needs 
to add to raise the room’s temperature to 22°C. 
Activity 2.7: Chemical Reaction Control Mathematical Model Design 
In this scenario, you are working with a chemical reaction that requires a steady flow 
of a liquid reactant. You have a sensor to measure the current flow rate and a control 
valve to adjust the flow. Your task is to ensure that the flow rate stays constant. 
Follow the instructions below to guide your work. 
1. Analyse the System 
a. Write a list of the key parts of the flow rate control system: 
i. The sensor that measures the flow rate. 
ii. The control valve that adjusts the flow rate."
Explain key concepts from Robotics (robotics.pdf) - Page 36,"b. Describe the desired flow rate you want to maintain (this could be 
given in the problem, like ""5 litres per minute""). 
c. Think about potential error scenarios where things could go wrong, 
like: 
i. ""What if the sensor stops working?"" 
ii. ""What if the pressure suddenly changes?"" 
2. Write Error Detection and Correction Equations 
a. Write down a simple formula that checks whether the flow rate is 
correct:  
Error = Desired Flow Rate - Actual Flow Rate 
If the error is too big (e.g., more than 10%), you know something is 
wrong. 
b. Write what the system should do to correct the error. For example: 
i. ""If the error is positive (the actual flow rate is too low), the 
control valve should open more."" 
  After writing it down, try to represent these in a mathematical model. 
3. Design Error Avoidance Strategies 
a. Think of ways to avoid errors before they happen. 
b. For example, you could install a backup sensor that takes over if the 
first sensor fails for example. 
4. Present Your Solution 
a. Write out a description of your system and how it works to detect and 
correct errors. 
b. Include any diagrams that help show how your error correction works. 
c. Explain why your error prevention strategies make the system more 
reliable. 
d. Think about safety—how does your system make sure the chemical 
reaction happens safely, even if something goes wrong? 
 
BUILDING LOGIC WITH FINITE STATE MACHINES 
Finite-State Machines (FSMs) are a useful tool for controlling systems that can only 
be in one specific state at a time. In this part of section 2 you will build on what you 
already know about FSMs —like their key parts: states, transitions, and 
inputs/outputs. You will learn how FSMs are used to design control systems in 
automation and robotics. You will see how FSMs can model the way these systems 
should behave by using state diagrams that show how the system moves from one 
state to another, based on signals from sensors. 
You will learn how to set control outputs  for each state and use simple maths 
operations in FSM models to make the system smarter and better at handling more 
complex tasks. By the end of this part of section 2, you will know how to use FSMs to 
design control systems for real-world projects in robotics and automation."
Explain key concepts from Robotics (robotics.pdf) - Page 37,"What is a Finite-State Machine? 
A Finite-State Machine is a way to model systems that change based on different 
events or inputs. Although a machine can have many possible states it can only be in 
one state at any given moment. The word finite refers to the actual number of states 
that are possible for that m achine. For example, imagine a vending machine —it can 
either be waiting for you to select an item, dispensing the item, or out of stock. These 
are its ""states."" 
FSMs are useful because they help model and control how a system should behave 
at different times (in different states)  depending on various inputs and events. FSMs 
are used in robots, traffic lights, and even elevators! 
Key Concepts of FSMs 
1. States: These are the different conditions a system can be in. 
Example: In a traffic light system, the states could be ""Green,"" ""Yellow,"" and 
""Red."" 
2. Transitions: These are the rules for when the system should move from one 
state to another. 
Example: In a traffic light, the transition from ""Green"" to ""Yellow"" might be 
triggered by a timer. 
3. Inputs: These are signals or conditions that trigger transitions between states. 
Example: In a vending machine, the input might be when a button is pressed 
to select an item. 
4. Outputs: Each state can have its own action or output. 
Example: When the traffic light is in the ""Green"" state, it lights up the green 
light to allow cars to move. 
Translating System Requirements into FSMs 
When designing FSMs, it is essential that you follow these steps: 
1. Identify States: First, you need to figure out what the possible states of your 
system are. For example, in a vending machine, the states could be ""Idle,"" 
""Selecting Item,"" ""Dispensing Item,"" and ""Out of Stock."" 
2. Define Transitions: Next, decide how the system will move from one state to 
another. In the vending machine, moving from ""Idle"" to ""Selecting Item"" could 
happen when a customer presses a button. 
3. Create a State Diagram: A state diagram is a drawing that shows all the 
states and how the system moves between them. This makes it easier to see 
how the system works 
State Transitions Triggered by Sensor Inputs 
In a system controlled by a Finite-State Machine (FSM), sensor inputs are very 
important because they decide when the system should move from one state to 
another. 
Example: Traffic Light System"
Explain key concepts from Robotics (robotics.pdf) - Page 38,"In a traffic light system, the states ""Green,"" ""Yellow,"" and ""Red"" are controlled by 
both timers and sensors: 
1. Timers: These are used to control how long each light stays on. 
2. Sensors: These detect when cars are waiting and help decide when the light 
should change. 
For example, the system might switch from ""Green"" to ""Yellow"" when a timer runs 
out, and from ""Yellow"" to ""Red"" when a sensor detects no more cars. 
Control Outputs Defined for Each State 
Each state in an FSM has specific outputs, which are actions that control how the 
system behaves. These outputs are commands that tell the system what to do. 
Example: Vending Machine 
1. Idle State: The machine shows a message like ""Select an Item"" on the screen. 
2. Selecting Item State: The machine activates the buttons so you can choose 
what you want. 
3. Dispensing Item State: The machine gives you the item you picked and 
updates its inventory. 
4. Out of Stock State: The machine shows ""Out of Stock"" and turns off the 
buttons so no one can select that item. 
How It Works: 
Each state tells the system exactly what actions to take, like showing messages on 
the screen, turning on buttons, or physically giving out the item. 
Example 1: Traffic Light System 
The following information shows you how a traffic light system  can be designed 
using an FSM. Here are the states and transitions: 
1. States: 
a. Green: Cars are allowed to pass. 
b. Yellow: Cars are warned that the light is about to turn red. 
c. Red: Cars must stop. 
2. Transitions: 
a. Green to Yellow: This transition happens after a set amount of time 
(using a timer). 
b. Yellow to Red: This happens after a shorter time, also based on a 
timer. 
c. Red to Green: This is triggered when sensors detect that there are no 
more cars waiting. 
Each state has a specific output. For example, in the ""Green"" state, the traffic light 
turns green, and cars are allowed to move."
Explain key concepts from Robotics (robotics.pdf) - Page 39,"Figure: 2.6: Finite state diagram of a traffic light controller 
Example 2: Vending Machine 
An FSM can also be used to design a vending machine: 
1. States: 
a. Idle: The machine is waiting for a user to select an item. 
b. Selecting Item: The user is choosing what they want. 
c. Dispensing Item: The machine gives the user their item. 
d. Out of Stock: The machine has no more items to sell. 
2. Transitions: 
a. Idle to Selecting Item: The user presses a button. 
b. Selecting Item to Dispensing Item: The user confirms their selection, 
and the payment is verified. 
c. Dispensing Item to Idle: After the item is given, the machine goes 
back to waiting for the next user. 
d. Any State to Out of Stock: This happens if the inventory reaches 
zero. 
 
Figure 2.7: Finite state machine diagram of a vending machine"
Explain key concepts from Robotics (robotics.pdf) - Page 40,"Using Arithmetic Expressions for Better Control in FSMs 
Finite-State Machines (FSMs) are great at controlling systems, but using only logical 
conditions (like ""on"" or ""off"") can have some limits. By adding arithmetic expressions 
(simple maths), you can make FSMs smarter and more precise in how they control 
systems. 
Limitations of Using Only Logical FSMs: 
1. Fixed Thresholds: In a logical FSM, the system might move between states 
based on simple rules, like if a sensor reading is ""high"" or ""low."" This can be 
too basic when you need more precise control. 
2. Limited Outputs: The outputs are often just ""on"" or ""off"" actions, which does 
not work well when more detailed control is needed, like adjusting speed or 
distance. 
Benefits of Adding Arithmetic to FSMs: 
1. Dynamic Control: When arithmetic is used, you can control state transitions 
based on actual sensor data. This allows the system make decisions based 
on calculations, not just fixed rules. 
2. Improved Outputs: Arithmetic allows you to calculate precise actions, like 
how fast a motor should go or how far a robot should move, based on real-
time data from sensors. 
 
How to Use Arithmetic in FSMs 
Basic maths opertators like +, -, *, and / are used in FSMs to calculate what the system 
should do next. These operators are used in expressions (equations) which can 
include sensor readings or even values from previous calculations. 
Example 1: Temperature Control System 
In a basic FSM, the system might turn off the heater when the temperature is ""high."" 
But with arithmetic, you can define a specific condition like: 
If 𝑡𝑒𝑚𝑝𝑒𝑟𝑎𝑡𝑢𝑟𝑒 > 35°𝐶, turn off the heater. 
This can be expressed mathematically:  
if T>35∘C, then H=0  
T represents the temperature in degrees Celsius. 
H represents the heater's state (0 = off, 1 = on). 
This makes the system more precise and allows it to adjust based on the actual 
temperature. 
Example 2: Robot Arm 
Imagine a robot arm that needs to pick up an object. In a simple FSM, the command 
might be ""move arm"" when the sensor detects an object. But with arithmetic, you can 
calculate exactly how far the arm needs to move using the formula: 
Distance to object = Object position - Current arm position 
 
This calculation helps the robot arm move the exact distance it needs to reach the 
object, making it much more accurate."
Explain key concepts from Robotics (robotics.pdf) - Page 41,"Real-World Example: Robot Arm with Calculations 
In this next section you will revisit the example of a robot arm picking up an object 
studied in an earlier part of this section. When controlling the movement of robot arms, 
the principle of Euclidean distance is used to calculate how far the arm needs to 
move. Euclidean distance is the straight -line distance between two points in space 
and applying this idea helps to ensure the robot arm move accurately to the object. In 
this case you will learn how this principle is applied to three dimensional space. 
 
Figure 2.8: Robotic arm picking an object 
States of the Robot Arm: 
1. Idle: The robot arm is not doing anything and is waiting for instructions. 
2. Move to Object: The robot arm calculates how far it needs to move and starts 
moving. 
3. Grip Object: The robot arm activates its gripper to grab the object. 
4. Return to Idle: After grabbing the object, the arm moves back to its starting 
position and waits for the next task. 
Transitions: 
1. Idle to Move to Object: The arm starts moving when the sensor detects an 
object. 
Calculation: To work out how far the arm needs to move, the Euclidean 
distance formula is used. For 3D space, the distance between the robot's 
current position (𝑥1, 𝑦1, 𝑧1) and the object's position  (𝑥2, 𝑦2, 𝑧2) this formula 
is: 
𝑑 = √(𝑥2 − 𝑥1)2 + (𝑦2 − 𝑦1)2 + (𝑧2 − 𝑧1)2 
Example Calculation: 
2. The current position of the robot arm (𝑥1, 𝑦1, 𝑧1) is (2,3,1) 
3. The object’s position (𝑥2, 𝑦2, 𝑧2) is (5,7,4) 
Now, substitute these values into the formula above: 
𝑑 = √(5 − 2)2 + (7 − 3)2 + (4 − 1)2 
𝑑 = √(3)2 + (4)2 + (3)2"
Explain key concepts from Robotics (robotics.pdf) - Page 42,"𝑑 = √9 + 16 + 9 
𝑑 = √34 
𝑑 = 5.83 
So, the robot arm needs to move 5.83 units to reach the object. 
4. Move to Object to Grip Object: This transition happens when the robot arm 
reaches the object. At this point, the arm stops moving and activates the 
gripper to grab the object. 
5. Grip Object to Return to Idle: After successfully gripping the object, the arm 
needs to move back to its starting position (Idle). 
Calculation: The distance the arm needs to move back is calculated the 
same way but in reverse. Since the arm is returning to its starting point, the 
distance will be the same, 5.83 units. If the idle position changes, the new 
coordinates should be substituted into the formula to calculate the new 
distance. 
By using arithmetic expressions like the Euclidean distance formula, the robot arm 
can accurately calculate how far to move to pick up the object. This makes the FSM 
model smarter and more precise. Instead of just moving a fixed amount, the robot 
knows exactly how far to go based on real-time data from its sensors. This ensures 
that the arm can always reach and retrieve objects with accuracy. 
Activity 2.8: Designing an Automated Watering System (FSM Model) 
Your teacher will put you into groups for this activity 
In your group, design an FSM model for an automated watering system for a potted 
plant. The system uses a moisture sensor to determine the soil moisture level. 
Based on the sensor readings, the system activates a water pump to maintain 
optimal moisture conditions. Use the following prompts to complete the task: 
1. Define the States: Use the following questions as a guide during discussions to 
identify the states of an automated watering system for a potted plant 
a. What are the possible states the system can be in? Think about what 
the system is doing when it is not watering the plant and when it is 
actively watering. 
Hint: You might have an ""Idle"" state (when the system is just checking 
the soil) and a ""Watering"" state (when the pump is on). What would a 
state where the moisture is perfect look like? 
2. Create Transitions Using Sensor Readings 
a. How does the system know when to move from one state to another? 
Think about what the moisture sensor is measuring. 
Hint: What should the system do if the moisture level drops too low? 
What if the soil reaches the right moisture level? 
3. Use Arithmetic Expressions"
Explain key concepts from Robotics (robotics.pdf) - Page 43,"a. How would you decide when to start and stop watering? Create an 
arithmetic expression that checks the moisture level. 
b. Write an expression like:  
If soil moisture < threshold, start watering 
c. How do you decide what the threshold should be? 
Share your ideas and discuss different approaches with your class. Compare 
your FSM models to others and think about how your model could be 
improved. 
4. Define Control Outputs for Each State 
a. What happens in each state? For example, what should the system do 
in the ""Watering"" state? What should it do when the soil is wet enough? 
Hint: Think about when the water pump should be turned on or off. 
How will the system signal this? 
5. Incorporate Calculations into Control Outputs 
a. The system might not always water for the same amount of time. How 
will you calculate how long to run the pump based on how dry the soil 
is? 
Prompt: Write an expression for the watering time based on how much 
the moisture level needs to increase to reach the desired level.  
b. How do you find the Moisture deficit? How does the Pump rate affect 
the watering? 
6. Present your state diagrams and tables to your teacher or peers and ask for 
feedback on whether your transitions and control outputs make sense. 
 
2.1 Review Questions 
1. Describe the role of the emergency break glass in a fire alarm system. 
2. Explain why a fire alarm system is classified as a non-feedback system. 
3. Discuss why non-feedback control systems, like the fire alarm system, might 
be used in situations where real -time feedback is unnecessary. Give at least 
two real-world examples where this approach is beneficial. 
4. A conveyor belt is an example of a non -feedback system used in 
manufacturing. There are three components, a switch, an electric motor and a 
belt.  
a. Identify the inputs, outputs and controller in this non-feedback system. 
b. Explain why the conveyor belt is a non-feedback system. 
c. Create a systems diagram for the conveyor belt. 
 
2.2 Review Questions 
1. Describe how a feedback loop works in a thermostat system."
Explain key concepts from Robotics (robotics.pdf) - Page 44,"2. How are feedback control systems used to control the speed of electric cars 
and the temperature in home heating systems? Briefly explain the purpose of 
the feedback in each system.  
3. Describe the difference between the input and output of a feedback loop in an 
automated lighting system.  
4. What would happen if a light sensor in an automated lighting system failed to 
detect the correct ambient light level? Provide a possible outcome and how it 
would affect the system.  
5. Discuss the advantages of using feedback loops in control systems like 
thermostats or automated lighting systems. Consider the impact using a 
feedback loop has on energy use, changing environmental conditions, 
maintaining set control values, automation.    
2.3 Review Questions 
1. What is a continuous-time machine?  
2. Give one example of the application of continuous time machines in robotics 
and explain the effect of using it. 
3. What is the main environmental goal of a temperature control system in a 
room?  
4. Explain why a temperature control system can be regarded as a continuous 
time machine. 
5. Predict how the temperature control system would behave if the temperature 
sensor malfunctioned and always read a lower temperature than actual.  
6. Evaluate the importance of feedback in a temperature control system. 
7. A school wants to raise the temperature in classrooms from 15°C to 22°C.  The 
thermal capacity of a typical classroom is 200,000 J/°C . This means that for 
every degree Celsius the temperature needs to increase, it requires 200,000 
Joules of energy. It tak es one (1) hour (3600 seconds) to make the change. 
Work out the power required in kilowatts to raise the temperature in one hour 
from 15°C to 22°C.   
2.4 Review Questions 
1. Define a Finite-State Machine (FSM)  
2. What are the main components of an FSM?  
3. Identify and describe the states and transitions in a simple traffic light controller 
FSM.  
4. Given a vending machine FSM with states ""Idle,"" ""Selecting Item,"" ""Dispensing 
Item,"" and ""Out of Stock,"" outline the transitions and control outputs for each 
state.  
5. State the limitations of a purely logical FSM in a temperature control system 
and explain how incorporating arithmetic expressions can improve its 
functionality. 
6. Evaluate the effectiveness of an FSM model for an automated watering system 
with states ""Idle,"" ""Watering,"" and ""Moisture Sufficient."" Include the role of 
sensor inputs and transitions in your evaluation."
Explain key concepts from Robotics (robotics.pdf) - Page 45,"7. Create an FSM model for a robotic arm that includes arithmetic expressions for 
precise control. The states should include ""Idle,"" ""Move to Object,"" ""Grip 
Object,"" and ""Return to Idle."" Define the transitions and control outputs. 
 
 
 
 
 
 
 
 
 
 
 
 
 
 
 
 
 
 
 
 
 
SECTION 3: SENSORS & ACTUATORS 2 
Principles of Robotic Systems 
Sensors & Actuators 
INTRODUCTION 
In this section, you will learn how to classify sensors based on how they work and the 
type of signal they produce. Sensors can be analogue or digital, depending on whether 
they give smooth, continuous signals or fixed, step-by-step signals. They can also be 
active or passive, based on whether they need power to send out signals or simply 
measure signals around them. 
You will also learn how to change analogue signals, like temperature or light, into 
digital data using mathematics. Additionally, you will explore how to create graphs that 
show how far a robot moves based on how much its wheels rotates. Understanding 
these ideas will give you important skills for working with advanced robotics systems. 
Key Ideas 
● Sensor Classification:  Sensors can be categorised based on two key 
characteristics: their mode of operation (active vs. passive) and the type of 
signal they produce (analogue vs. digital). 
● Analogue to Digital Conversion: Analogue to digital conversion is the process 
of changing real-world continuous signals, like light or temperature, into digital"
Explain key concepts from Robotics (robotics.pdf) - Page 46,"data that computers or electronics (microcontrollers) can understand and 
process. 
● Rotation-Distance graph: It is a graph that shows how far a wheeled robot 
moves based on how often its wheel completes a full rotation. The relationship 
between the number of wheel rotations and the distance travelled by the robot  
is used in the control and navigation of a robot. 
UNDERSTANDING ANALOGUE AND DIGITAL SENSORS 
Analogue vs. Digital Signals 
There are two types of signal: analogue signals and digital signals. You might 
have heard these words before when talking about things like radios, TVs, or clocks. 
1. Analogue signals are smooth and continuous, meaning they can have any 
value at any time. Imagine a dimmer switch for a light as shown on the right in 
Fig 3.1. As you slowly turn it, the light gradually gets brighter or dimmer. The 
change is smooth, with no jumps. This is how an analogue signal works, 
smoothly changing over time. 
2. Digital signals, on the other hand, are made up of clear, fixed or discrete 
steps. Think about a light switch that only has two positions—on or off as 
shown on the left in Fig 3.1. There is no in-between; the light is either fully on 
or completely off. This is how a digital signal behaves. It jumps from one value 
to another, like stepping between numbers. 
 
Figure 3.1 Digital and Analogue Switches"
Explain key concepts from Robotics (robotics.pdf) - Page 47,"Figure3.2 Examples of Analogue Signals represented on a graph. 
In Figure 3.2, the graphs show that the dependent variable (voltage or temperature) is 
on the y -axis, while time, the independent variable (time), is on the x -axis. Between 
the minimum and maximum time values on each graph, there are an uncountable 
(infinite) number of time points. You can picture this by thinking about the number of 
real numbers between 1 and 2 (1.1, 1.11, 1.2, 1.234, …). For each of these points, 
there is a corresponding voltage or temperature reading on the y-axis.  
All signals start off as analogue, which is why it is often said that people live in an 
analogue world. Things like temperature, sound, colours, humidity, and light are all 
analogue because can vary smoothly from one value to another, there are no jumps. 
For example, the number of colours you can see, the sounds you can hear, and the 
smells you can detect are limitless, meaning there is an infinite range of possibilities. 
Given that most signals occur naturally, a question arises: how do digital signals 
emerge? 
Digital signals 
Digital signals are different to analogue signals because they do not use continuous 
values but instead use discrete values. In robotics, the word ""discrete"" means specific 
or definite. A digital signal is rather like counting in a number sequence, each number 
represents a discrete value: 2, 4, 6, 8. So, a digital signal shows changes where the 
value only takes on specific finite points and is recorded at set intervals. 
 
For the temperature graph in Figure3.2, if you collected data only at certain times then 
this can be plotted to represent a digital signal."
Explain key concepts from Robotics (robotics.pdf) - Page 48,"Figure 3.3 Digital Signal represented on a graph. 
 
In Figure 3.3, you can see that there are no temperature records between the hours, 
thereby reducing the number of possible points on the graph from an infinite range of 
values to just 24 at hourly intervals. Also, the temperature readings are precise values 
like 70°C, 75°C, and 80°C 
This is similar to how the digital switch in Figure3.1 works. The switch is either on or 
off, the dimmer switch has a range of values between on and off.   
 
Analogue Sensors: 
Here are the main features of analogue sensors: 
1. Continuous Output: Analogue sensors give an output signal that can take any 
value in a given range, allowing changes to take place smoothly as the 
measured condition changes. For example, an analogue light sensor will 
gradually adjust its signal as the brightness of the li ght in its environment 
increases or decreases over time. Similarly, an analogue temperature sensor 
will slowly change its output as the temperature goes up or down over time as 
shown in Fig 3.4. 
  
Figure 3.4: The output of an analogue temperature sensor"
Explain key concepts from Robotics (robotics.pdf) - Page 49,"2. Voltage (or Current) Output: Analogue sensors typically produce output 
signals in the form of voltage or current signals. For example, in a temperature 
sensor, if the temperature rises, the amplitude of the voltage signal will increase 
in a way that matches the change in temperature. Note that amplitude is the 
height of the wave from its central axis to its peak (or trough).This way, the signal 
gives a clear visual representation of the measured condition. In Figure 3.5, the 
amplitude of the signal is 5V. If a temperature sensor measures a lower 
temperature than it currently is (indicating a decrease in temperature), this leads 
to a reduction in the amplitude of the signal. 
 
Figure 3.5: The output signal of an analogue sensor measured as a 
voltage 
 
3. Precision Limitations: Analogue sensors are less precise and accurate than 
digital sensors because they are easily affected by environmental factors like 
temperature changes and electrical noise. For instance, an analogue colour 
sensor may struggle to detect specific shades of red, especially under varying 
lighting conditions, as many reds can appear similar to oranges. 
4. Direct Connection: Analogue sensors are directly connected to measurement 
devices. To process their signals with a computer, an ADC converts the 
analogue signal into digital data. For example, a heart rate sensor produces an 
analogue signal reflecting your heartbeat, which  can be displayed as voltage 
fluctuations on an ECG/EKG or converted to digital form to show specific heart 
rates. 
5. Applications: Analog sensors are commonly used in applications where 
continuous, real-time monitoring of physical quantities is important. Examples 
include: 
a. Thermocouples for measuring temperature 
b. Heart Rate Sensor for measuring heart rates/pulse 
c. Accelerometer for measuring acceleration 
Digital Sensors 
Here are the key features of digital sensors:"
Explain key concepts from Robotics (robotics.pdf) - Page 50,"1. Discrete Output: Digital sensors give specific, fixed output values that can be 
easily measured. These values are usually displayed in binary code (0s and 
1s), which makes them perfect for working with digital systems like computers 
and robots. 
2. Accuracy and Precision: Digital sensors provide highly accurate and precise 
measurements, essential for reliable data in scientific research and medical 
testing. 
3. Digital Signal Processing Power: Many digital sensors perform digital signal 
processing tasks to enhance their data. They can calibrate for accuracy, filter 
out noise, and compress data without losing important details. These 
capabilities make them versatile for applications like health  monitoring, 
environmental sensing, and smart technology, where accurate and clear data 
is crucial. 
4. Communication Versatility and Microcontroller Compatibility: The ease by 
which digital sensors can connect to networks and their compatibility with 
microcontrollers makes them valuable. Digital sensors feature communication 
interfaces and protocols that enable them to easily connect and share data with 
other devices like computers, smartphones, or microcontrollers. This allows for 
seamless integration in projects such as smart home systems, enhancing 
effectiveness in tasks like monitoring, controlling, and data analysis. 
5. Enhanced Features: Many digital sensors can log data over time, have built -
in clocks for timestamped measurements, and connect to visual displays for 
easy data viewing. 
Analogue vs. Digital Sensors 
For some physical measurements, both analogue and digital sensors are available. 
For example, quantities like acceleration can be measured using either an 
analogue or a digital accelerometer, and temperature can be measured with an 
analogue thermocouple or  a digital temperature sensor. The choice between an 
analogue and digital sensor depends on the specific application requirements. The 
table below provides a comparison to help guide your decision: 
Table 3.1 Comparison between Analogue and Digital Sensors based on application 
requirements 
Requirement Analogue Digital 
Need for Precision and 
Accuracy 
May offer lower precision 
and accuracy. 
Usually provide higher 
precision and accuracy. 
Data Processing 
Capabilities 
Require external 
processing (e.g., ADCs). 
Often have built -in 
processing capabilities. 
Nature of Data 
Required 
Suitable for continuous, 
real-time data. 
Suitable for discrete data 
points."
Explain key concepts from Robotics (robotics.pdf) - Page 51,"High-Fidelity, 
Continuous Data 
Acquisition 
Excel in capturing 
detailed, real -time data 
(e.g., audio, vibration 
analysis). 
May not capture as 
detailed real-time data. 
Simplicity and Cost -
Effectiveness 
Often simpler and more 
cost-effective. 
Tend to be more complex 
and expensive. 
Ease of Integration 
Require additional 
components (e.g., 
ADCs) to interface with 
digital systems. 
Easily integrated with 
digital systems. 
 
Passive vs. Active Sensors 
Understanding the difference between passive and active sensors is important 
when selecting the right sensor for a task. Both types can be effective, however, 
power considerations in robotic designs may influence the choice. The table below 
shows some differences between passive and active sensors 
Table 3.2 Differences between Passive and Active Sensors 
Characteristics Passive Active 
Power requirement No external power 
needed. They operate 
by responding to 
ambient energy. 
Require an external 
power source to 
generate the outgoing 
signal. 
Energy Emission Do not emit energy; 
they only detect and 
respond to existing 
energy in the 
environment. 
Emit energy (e.g., 
sound waves, light, or 
radio waves) into the 
environment. 
Detection Method Respond to natural 
stimuli such as light, 
heat, magnetism, or 
vibrations. 
Emit a signal and 
measure the reflected 
or returned energy to 
gather information. 
Energy Efficiency Energy-efficient due to 
lack of need for external 
power. 
Less energy-efficient as 
they require power to 
emit signals. 
Examples Light sensors, 
photodiodes (light 
Ultrasonic sensors (use 
sound for distance"
Explain key concepts from Robotics (robotics.pdf) - Page 52,"detectors), infrared 
sensors (temperature 
detection), 
microphones (sound 
detection). 
measurement), LiDAR 
sensors (use light 
waves for 3D mapping), 
radar sensors (use 
radio waves for object 
detection). 
 
Choosing the Right Sensor 
When deciding between an active and passive sensor, it is important to know the 
specific task that the robot is to undertake. Here are some factors to consider when 
making this choice: 
1. Task requirements: The robot's task dictates the information it needs. For line 
following, passive colour sensors detect the line's contrast. For obstacle 
avoidance, active ultrasonic sensors measure distances by sending out sound 
waves and timing their return. Thus, different tasks require different sensors to 
gather the right data. 
2. Environmental conditions:  Passive sensors can be affected by external 
factors like light or noise, causing incorrect readings. In contrast, active sensors 
generate their own signals, providing precise measurements even in 
challenging environments, making them more reliable in low light or noisy 
conditions. 
3. Power availability: If saving power is important, passive sensors are better as 
they use less energy by detecting changes rather than generating signals. This 
makes them ideal for long-term, battery-powered use. Active sensors, though more 
precise, require more power due to their need to generate a signal. 
The picture below shows some types of sensors typically used for Arduino projects.  
 
Figure 3.7: Examples of Sensors [https://www.geeksforgeeks.org/types-of-
sensors/]"
Explain key concepts from Robotics (robotics.pdf) - Page 53,"Classifying Sensors 
The information above helps to classify sensors based on how they operate and the 
type of signal they produce into 
1. Active analogue 
2. Passive analogue 
3. Active digital 
4. Passive digital 
Each sensor will have its own datasheet that gives detailed information about a 
specific sensor model. It provides the sensor’s: 
1. Specifications: This refers to important details about the sensor, such as the 
voltage it needs to operate, the range it can measure, how sensitive it is to 
changes, how accurate its readings are, and how much power it uses. 
2. Functionality: This explains how the sensor works by turning a physical 
property, like temperature, pressure, or light, into an electrical signal that a 
computer or device can understand and use. 
3. Pinout Diagram: This is a visual guide that shows the connection points (or 
pins) of the sensor and explains what each pin does, helping you connect it 
correctly to other devices. 
4. Applications: These are examples of how the sensor can be used in different 
projects, such as in robots, weather stations, or smart home devices, showing 
its practical uses in various fields. 
Measuring the Output Signals of Sensors 
Multimeters and oscilloscopes are two devices that can measure the output signal of 
a sensor. 
1. Multimeter: this tool measures voltage, current, and resistance and can be 
used to verify the output signal of an analogue sensor and determining its 
range.  
a. Analogue Multimeter: This type features a needle that moves across a 
scale to display the measured value. (Fig 3.7, right) 
b. Digital Multimeter: This version uses a numerical display to show the 
exact measured value, making it easier to read and interpret results. (Fig 
3.7, left) 
Both types usually have two probes: a red one (positive) and a black one 
(negative/ground). Connect the probes to the multimeter and the sensor. Set the 
multimeter to measure voltage. If the voltage changes smoothly, the sensor is 
analogue. If the voltage jumps between fixed values, the sensor is digital. For instance, 
an analogue temperature sensor’s voltage varies gradually with temperature, while a 
digital sensor jumps between set values."
Explain key concepts from Robotics (robotics.pdf) - Page 54,"Figure 3.7: An Analogue and Digital Multimeter 
 
1. Oscilloscope: This instrument is used to show electrical signals as graphs. It 
allows you to see how an analogue signal changes over time or how the voltage 
levels in a digital signal vary. It helps in understanding the behaviour of the 
signals by displaying them visually. Like multimeters, oscilloscopes come in two 
types: analogue and digital. 
o Analogue Oscilloscope: This type captures and displays the voltage 
waveform in its original form, allowing you to see the signal as it is. 
o Digital Oscilloscope : This version uses an analogue -to-digital 
converter (ADC) to capture and store information digitally. Because of 
their advanced features and capabilities, most engineers prefer digital 
oscilloscopes for debugging and design tasks.  
It is important to note that both types of oscilloscopes can graphically represent 
both digital and analogue signals.  
To check if a sensor's output is analogue using an oscilloscope, connect the 
probes to the sensor's output and ground. If the waveform is smooth and 
continuous, it is analogue. If it shows sharp transitions like square waves, it is 
digital. Analogue signals, such as from a microphone, show gradual changes, 
while digital signals have distinct high and low levels."
Explain key concepts from Robotics (robotics.pdf) - Page 55,"Figure 3.8: A Digital Oscilloscope 
 
Figure 3.9: An Analogue Oscilloscope 
Follow the links below to read more about multimeters and oscilloscopes. 
 
Reference Link QR Code"
Explain key concepts from Robotics (robotics.pdf) - Page 56,"How to Use a Multimeter 
https://learn.sparkfun.com/tutorials/how-
to-use-a-multimeter 
 
What is an Oscilloscope? 
https://www.tek.com/en/blog/what-is-an-
oscilloscope?bpv=2 
 
 
 
ACTIVITY 3.1 
Your teacher will put you into small groups for this activity and provide a number of sensors 
for you to handle from the Lego Spike Prime robotics kit. 
1. Your first task is to study the Lego Spike Prime sensors state whether they are 
either passive or active sensors (use the table above to help you along with 
information from the data sheet if you have it) 
2. Your second task is to study some sensor datasheets and review the 
information provide for users. In your groups search the internet and find some 
video clips or read books to find out more about different types of sensors and 
download their datasheets. Collect your information together in a digital folder 
or write detailed written notes. Answer the following questions based on your 
research: 
a. Name three pieces of information you saw on the first page of each 
datasheet you analysed. 
b. What information does the part number on a datasheet provide? 
c. List some of the technical specifications of the sensors you analysed? 
d. What is the relevance of 2D images of components in datasheets? 
e. Do all datasheets have graphs? 
f. Identify specific values (e.g., voltage range, output signal type) and 
explain how this information helps determine the sensor category 
(active/passive, analogue/digital) from the sensor datasheet you 
analysed. 
3. In the same groups as for question one (1) search the internet and find some 
video clips or read books to watch videos to find out more about multimeters 
and oscilloscopes are, and how to use them. Answer the following questions 
based on your research:"
Explain key concepts from Robotics (robotics.pdf) - Page 57,"a. Describe the key features of an analogue and digital oscilloscope you 
have researched. 
b. What does the horizontal and vertical axis of an oscilloscope represent? 
c. What does the trigger function in an oscilloscope do? 
d. Describe the key features of an analogue and digital multimeter you have 
researched. 
e. To what voltage range should you set your multimeter if you want to 
measure the voltage of a 1.5V DC battery? 
f. Describe how you can use a multimeter to decide whether a sensor is  
analogue or digital.  
g. Under your teacher’s supervision, measure the voltage of an AA battery 
and the resistance of a piece of wood using a multimeter. Discuss your 
results and share them with the class. 
 
 
MATHEMATICAL METHODS FOR SENSOR DATA PROCESSING IN ROBOTICS 
INTRODUCTION 
Robots use sensors to understand their environment. Analogue sensors provide 
continuous data, while the microcontrollers used in robots can only use discrete 
digital signals. To bridge this, mathematical concepts like ratios and gradients are 
used to convert analogue data into digital form. 
 
Analogue Sensors and the Need for Analogue-To-Digital Converters (ADCs) 
Most sensors in robotics are analogue, producing continuous signals. 
Microcontrollers, however, understand digital signals (0s and 1s). An Analogue -to-
Digital Converter (ADC) is used to convert analogue signals into digital form for the 
microcontroller to process. 
What is an ADC and How Does it Work? 
An Analogue-to-Digital Converter (ADC) converts continuous analogue signals, like 
sound or temperature, into digital form.  
This involves two steps: sampling and quantisation.  
Sampling involves the ADC taking voltage measurements at regular intervals.  
Quantisation involves the ADC converting these measurements into binary codes that 
digital devices can process. 
This is summarised in fig 3.10 below."
Explain key concepts from Robotics (robotics.pdf) - Page 58,"Figure 3.10: Analogue to Digital Conversion [Source: https://dewesoft.com/blog/what-
is-adc-converter] 
Example Step-by-Step Approach of Converting Analogue Signal to Digital Signal 
This example will use the water levels in a tank which is measured continuously over 
time – the analogue signal.  
To change the water level data from analogue to digital Sampling and Quantisation 
are undertaken. The analogue data is represented by the continuous time graph in fig 
3.11. 
 
Figure 3. 11: A Continuous-time Graph showing Water Levels Readings  
Step 1: Sampling (Discretising the Time Axis) 
By sampling the water levels at fixed 30 -minute intervals, a discrete -time signal is 
created as shown in Figure3.12."
Explain key concepts from Robotics (robotics.pdf) - Page 59,"Figure 3.12 A Discrete-time Graph showing Water level Readings 
 
Table 3.3: Discrete-Time Water Level Readings 
Time Water Level (m) 
9:00 1.75 
9:30 1.90 
10:00 2.00 
10:30 1.85 
11:00 1.70 
11:30 1.79 
12:00 1.88 
 
Mathematical Representation of Sampling: 
Using the sampling data from table 3.3 the following formula is applied:"
Explain key concepts from Robotics (robotics.pdf) - Page 60,"x[n]=xa(nT) 
Where: 
● x[n] is the sampled data which forms the discrete digital signal. 
● xa(t) is the analogue signal at time t. 
● T is the sampling interval (how often you take the measurements). 
● n is an integer representing the sample number. 
● xa(nT) is the value of from the continuous-time graph at time t = n * T  
● * represents multiplication 
The continuous -time graph (the graph is  x a) shown in Figure3.11, represents the 
analogue signal.  
With the sampling interval T set to 30 minutes and the values of n ranging from 1 to 7 
(representing the number of data points), the values of xa(t) at times like xa(1 * 30mins), 
xa(2 * 30mins), xa(3 * 30mins) can be worked out.  
This will give a discrete range of x[1] – x[7] for the sampled graph as shown in Fig 
3.12, with x[1] having a value of 1.75m and x[2] having a value of 1.90m as shown in 
Table 3.3.  
This means the value of the analogue signal is being measured every 30 minutes 
starting from time 9:00 which is the first sample time (n = 1), just like taking water level 
readings at specific times of the day. 
Step 2: Quantisation (Assigning Discrete Values) 
Digital signals differ from analogue signals because they only represent a fixed set of 
discrete values. While sampling only discretises the time axis (x -axis), quantisation 
discretises both the time and signal (value) axes (i.e. both x- and y-axis)."
Explain key concepts from Robotics (robotics.pdf) - Page 61,"Figure 3.13: Digital Signal 
Using the water level example in Fig 3.13, the measurements are to be quantised to 
the nearest 0.1 metres. This means that a recorded value of 1.85 metres quantised to 
the nearest 0.1 would be 1.8metres if rounded down or 1.9 metres if it were to be 
rounded up, depending on the systems rounding rules. 
In the quantised version of this water level scenario, a rule can be applied which only 
allows readings like 1.7 m, 1.8 m, 1.9 m, and so on. The rule applied in this case is 
round down all values. For example, the actual reading at 11:30 which was 1.79 
metres is rounded down to 1.7 metres which is the closest allowed value. Similarly, 
the reading at 12:00 which was originally 1.88 metres, is rounded to 1.8 metres. This 
is shown in Table 3.4: 
Table 3.4: Quantised Water Level Readings 
Time Original Water Level 
(m) 
Quantised Water Level (m) 
9:00 1.75 1.7 
9:30 1.90 1.9 
10:00 2.00 2.0"
Explain key concepts from Robotics (robotics.pdf) - Page 62,"10:30 1.85 1.8 
11:00 1.70 1.7 
11:30 1.79 1.7 
12:00 1.88 1.8 
 
Mathematical Representation of Quantisation: 
This process can be described mathematically as: 
1. Define the Quantisation Level: This is the step size between discrete values 
(e.g., 0.1 m). 
2. Determine the Quantisation Range: This includes the minimum and maximum 
values (e.g., 1.7m to 2m). 
3. Round Each Sampled Value: Round each sampled value to the nearest 
quantisation level (e.g., 1.88 to 1.8). 
Mathematically, this can be represented as: xq[n]=Q[x[n]] 
Where: 
1. xq[n] is the quantised sample. 
2. x[n] is the sampled value. 
3. Q is the quantisation function. 
In this case, the quantisation function which can be thought of as a floor function or 
method will simply round down the value to the nearest accepted value. In Figure3.13, 
where temperature values are rounded down, the quantisation function does exactly 
this. It can be further expressed mathematically as: 
xq[t]=QL * floor(x[t] / QL) 
Where: 
1. xq[t] is the quantised value at time t. 
2. x[t] is the sampled value at time t. 
3. QL is the quantisation level. 
4. The floor() function rounds down the value to the nearest whole number. 
Example: 
Apply the above equations to the water level reading at 12:00 from Fig 3.12 assuming 
the quantisation level is 0.1: 
Solution:"
Explain key concepts from Robotics (robotics.pdf) - Page 63,"QL = Quantisation level = 0.1 
x[t] = x[12:00] = 1.88m (from Table 3.4) 
xq[12:00] = 0.1* floor(1.88m/0.1) 
               = 0.1 * floor(18.8) 
               = 0.1 * 18m 
              = 1.8m 
In this example, the level reading of 1.88m at 12:00 is rounded down to 1.8m, which 
is the nearest quantisation level based on a 0.1m step size. 
Percentage Error in Digital Signals 
In digital signals, both the x and y axes are discretised, which means that only a 
specific set of values is allowed. When a value does not fall within this accepted set, 
it must be rounded up or down, leading to some error because the exact measured 
values are not always represented perfectly. 
For example, rounding down a water level of 1.88m at 12:00 to 1.8m introduces a 
percentage error of 4.26%. This error can be calculated using the formula: 
Percentage Error = (∣Approximate Value −Actual Value∣/ |Actual Value|) * 100% 
i.e. In the 6PM example above, Percentage Error = (|1.8 – 1.88|/|1.88|) * 100% = 
4.26% 
(The ""| |"" symbols mean absolute value, so even though 1.8 – 1.88 = negative 0.08,  
positive  0.08 is used). 
Note that percentage error is always positive because it represents the absolute 
difference between measured value and the true value, divided by the true value. 
This error does not mean that digital signals are inaccurate or undesirable. In fact, 
there are several methods to manage these errors, and digital signal errors are often 
easier to handle than those in analogue signals. The benefits of digital signals wil l 
become clearer when  comparing the analogue with digital signals 
One simple way to reduce the 4.26% error in this example is to increase the number 
of intervals (quantisation levels) on the y -axis. Instead of only accepting values like 
1.7m, 1.8m, 1.9m and 2m (with 0.1m intervals), you could reduce the interval to 0.05m. 
The set of accepted values would then include 1.7m, 1.75m, 1.8m, 1.85m and so on. 
This means that the value 1.88m at 12:00 would be rounded down to 1.85m instead 
of 1.8m, reducing the percentage error from 4.26% to 1.60%. 
ADC in Microcontrollers 
Analogue-to-digital conversion (ADC) can be demonstrated more easily on some 
microcontroller boards than on others. For instance, most Arduino -based 
microcontrollers have analogue input pins that can receive signals from analogue"
Explain key concepts from Robotics (robotics.pdf) - Page 64,"sensors and convert these signals into digital formats. These boards often feature 
dedicated ADC pins. 
In contrast, Raspberry Pi boards are designed primarily for digital input and output. 
When connecting an analogue sensor to a Raspberry Pi, you need to use an external 
ADC chip. This chip converts the analogue signal from the sensor into a digital format 
that the Raspberry Pi can understand. This setup requires additional hardware and 
programming.  
 
                 ADC0804: An 8-bit ADC                           MAX11131: A 12-bit, high-speed 
ADC 
Figure 3.14 Examples of commonly used ADC chips 
In educational platforms like the LEGO Spike Prime, the sensors, such as the colour 
sensor and distance sensor, primarily collect analogue data (e.g., light or pressure) 
but transmit this data digitally. Inside these sensors, an inbuilt ADC chip converts t he 
analogue data before sending it to the main controller. This setup simplifies the 
process for beginners, allowing them to focus on programming and problem -solving 
with digital data. 
While platforms like Arduino offer more flexibility for working directly with analogue 
signals, using LEGO Spike Prime helps beginners understand how digital systems 
work without dealing with the complexities of ADC programming. So far in the robotics 
course you have focused on LEGO Spike Prime, but future lessons will introduce 
Arduino-based boards, which will allow you to explore how ADC is handled 
programmatically.  
Refer to the links below to learn more about Analog to Digital Conversion. 
Reference Link QR Code"
Explain key concepts from Robotics (robotics.pdf) - Page 65,"LEGO Spike - Using Force Sensor 
https://www.youtube.com/watch?v=YtWkRYzpUS
g  
 
Analogue to Digital Conversion 
https://www.youtube.com/watch?v=zucfv7lU0Ws  
 
 
ACTIVITY 3.2 
Your teacher will put you into groups of 3-5 and provide you with a continuous time 
graph. 
1. In this activity, you will learn how to convert continuous-time analogue signals 
(smooth curves) into both discrete-time graphs and digital signals by using the 
methods of sampling and quantisation. As a group study the continuous-time 
graph provided by your teacher and convert it into a discrete-time graph and 
digital signal graph, respectively. Plot your two new graphs and present your 
graphs to your classmates. Your presentation should answer the questions 
below: 
a. What were the steps you took to achieve the two new plots? 
b. What was your sampling interval? 
c. What was your quantisation level? 
d. What was the reasoning behind the values in b and c above? 
2. In this activity, you will calculate how much error was introduced when you 
converted the continuous-time signals to digital signals in the previous activity 
and find ways to reduce these errors. In your groups from the previous 
activity, go online and watch a video or read an article on real-life scenarios 
that need high accuracy in their applications. Also, use your digital signal 
graphs to: 
a. Calculate the percentage error for each value you plotted. 
b. Calculate the average percentage error for the whole graph 
Present your results to your classmates. Your presentation should address 
the following issues: 
a. How can you reduce the errors you calculated?"
Explain key concepts from Robotics (robotics.pdf) - Page 66,"b. Use a real-life scenario to explain why it is important to reduce the 
errors. 
 
ROTATION-DISTANCE RELATIONSHIP IN WHEELED ROBOTS 
Robotic systems often depend on wheeled movement, where understanding the 
connection between wheel rotation and the distance travelled is critical. This 
knowledge enables the accurate control of robotic motion, which is a key skill in both 
basic and advanc ed robotics applications. In this next part of section three you will 
explore the mathematical principles governing the movement of wheeled robots, 
focusing on the relationship between wheel rotation and distance travelled. 
The Mechanics of Wheeled Robots 
The way wheeled vehicles move is very important for learning about robotics. From 
bicycles ridden every day to advanced machines like industrial robots, wheels are 
used everywhere. To truly understand how robots move, you must understand the 
relationship between the distance covered when a wheel turns and how far the robot 
travels. 
The Concept of Circumference 
Just like bicycles, cars, and trucks, most robotic wheels are circular in shape. distance 
around the edge of the wheel is known as the circumference. To calculate the 
circumference of a circle, you use the formula: 
C=πd 
In this formula, C is the circumference, d is the diameter (the distance across the 
circle), and π is a constant value approximately equal to 3.142. Since the diameter is 
twice the radius of the circle, the formula can also be written as: 
C=2πr 
where r is the radius of the wheel. 
In one single rotation a circular wheel covers the distance equal to the circumference 
of the wheel. This is illustrated in Fig 3.14 where the wheel is seen to undergo one full 
rotation as seen from the position of the white pointer (referred to as a Bionicle tooth) 
in the three frames (the down, up, down motion). 
 
Figure 3.15 Rotational movement of a wheel  
In figure 3.15 the two-wheel robot has wheels with a radius of 2.8 cm, giving a 
circumference of about 17.59 cm. So, one full wheel rotation moves the robot 17.59 
cm. The angle of wheel rotation relates to the distance travelled: 180 degrees (half 
rotation) covers half the circumference, and 90 degrees (quarter rotation) covers"
Explain key concepts from Robotics (robotics.pdf) - Page 67,"one-quarter. For example, a 90-degree rotation moves the robot 0.25 * 17.59 cm. 
Understanding this relationship between angular turns and distance helps predict 
and control the robot’s movement. 
What if the wheel completes five full rotations, what distance will the robot travel? 
Follow the video link below to watch a tutorial on the concepts covered in this lesson. 
 
Resource Link QR Code 
How to calculate rotations for distance with Lego 
Mindstorms EV3 robots 
https://www.youtube.com/watch?v=2VEaebQuamc
  
 
 
Mathematical Modelling 
Based on the knowledge that the circumference of a wheel is equal to the distance 
travelled in one rotation then you can see that in more than one rotation the robot will 
travel more than the circumference. 
If 1 rotation = X metres which is also equal to the circumference of the wheel, then Y 
rotations will be equal to (Y/1) * X metres [i.e. if more, less divide] which can be 
written in words as  
Distance travelled = Number of rotations (Y) * Circumference (X)                       eqn. 
1 
For example, the distance travelled by the robot in Figure3.15 after four full rotations 
of both wheels can be calculated as: 
Distance = Number of rotations * Circumference 
Distance = 4 * 17.59 cm = 70.36 cm 
In similar fashion, the number of rotations required for the robot to move a specific 
distance can be calculated using the formula below which can be derived by simply 
making the Number of rotations the subject from eqn. 1, i.e. 
Number of Rotations (Y) = Distance / Circumference (X) 
For example: The number of rotations required by the robot in Fig 3.14 to move a 
distance of 1 metre can be calculated as: 
Number of Rotations = Distance / Circumference 
Number of Rotations = 1m / 17.59cm, (NB: 1m = 100cm), 
Number of Rotations = 100cm / 17.59cm or 1 m / 0.1759m 
Number of Rotations = 5.69 rotations"
Explain key concepts from Robotics (robotics.pdf) - Page 68,"The distance moved can also be calculated using angles. One full rotation is 
equivalent to 360 degrees. As such, in the example above, the angle through which 
the wheels rotate to move the robot a distance of 1 metre can be calculated as: 
Number of Rotations (degrees) = (Distance/Circumference) * 360 degrees     OR 
Number of Rotations (degrees) = Rotations * 360 degrees 
Number of Rotations (degrees) = (1m/0.1759m) * 360 degrees = 5.69 * 360 degrees  
Number of Rotations (degrees) = 2048.4 degrees 
 Activity 3.3: Checking How Far a Wheel Moves in One Turn 
This activity will help you to verify that the distance a wheel moves is directly 
proportional to its circumference. 
Materials You will Need: 
1. Wheels from a robot. (It could be one from your available Lego kits, one you 
make from cardboard or a simulated one) 
2. Measuring tape or a ruler 
3. A piece of string or thread 
Steps to Follow: 
1. Measure the Wheel: 
a. Use the string and a ruler to measure the wheel’s diameter (This may be indicated 
on the wheel depending on the type you are using).  
b. Work out circumference of the wheel using the πd formula, where π = 3.142 and d 
is the diameter. The result of the calculation is how far the wheel will move in one full 
rotation. 
2. Test Your Calculation: 
a. Take the string and wrap it around the wheel to measure its circumference.  
b. Compare this string length with the number you calculated.  
c. Mark a point on the wheel or attach a Bionicle tooth to it.  
d. Move the wheel, so it completes exactly one full turn and measure how far it 
travelled.  
e. See if the distance the wheel moved matches the circumference you calculated 
earlier. 
3. Do More Tests: 
a. Try this experiment with wheels of different sizes to see how the size of the wheel 
affects the distance travelled in one full rotation.  
b. Look at your results to check if the relationship between wheel size and the 
distance it moves stays the same. i.e. how is the distance travelled related to the 
wheel size? 
Graphing and Understanding the Data"
Explain key concepts from Robotics (robotics.pdf) - Page 69,"To help you see how wheel rotations affect the distance a robot travels, you can 
draw a graph using the data that you collected. 
● On the x-axis (abscissa/horizontal axis) is the number of wheel rotations. This 
is the independent variable—it is what you choose to change. 
● On the y-axis (ordinate/vertical axis) is the distance travelled by the robot. 
This is the dependent variable—it depends on how many times the wheel 
rotates. 
Each point you plot on the graph represents one set of measurements, showing how 
far the robot has travelled after a certain number of wheel rotations.  
For example, the wheel from the robot in Fig 3.15 was seen to have a circumference 
of 17.59cm. If the wheel undergoes one full rotation, the robot should travel 17.59cm. 
If it turns twice, it should travel 35.18cm, and so on. 
This relationship between rotations and distance is shown in the graph in Figure3.16, 
and the actual numbers you used for plotting the points can be found in Table 3.5. 
These tools help us understand the connection between wheel rotations and how far 
the robot moves. 
Table 3.5: Data points for Robot wheel with a circumference of 17.59cm 
Number 
of 
rotations 
1 2 3 4 5 6 7 8 9 
Distance 
(cm) 
17.5
9 
35.1
8 
52.7
7 
70.3
6 
87.9
5 
105.5
4 
123.1
3 
140.7
2 
158.3
1 
 
 
Figure 3.16: Rotation Distance graph for a robot wheel with circumference 17.59cm 
What Happens After You Plot the Data 
Once you have put all your data points on the graph, you will start to see a pattern. If 
everything went well, the points should line up in a straight line as seen in"
Explain key concepts from Robotics (robotics.pdf) - Page 70,"Figure3.16. This shows that the more the times the wheel rotates, the farther the 
robot moves. In other words, the number of rotations of the wheel and the distance 
moved are directly proportional, meaning that for every extra rotation, the distance 
increases by the same amount. 
The steepness of the line on the graph is called the slope or gradient. In this case, 
the gradient tells you how far the robot moves with each wheel rotation. The steeper 
the line, the farther the robot travels for each turn of the wheel. 
To figure out the gradient, you can use this formula: 
Gradient = change in y/change in x = y2 – y1/x2 – x1 
This means that for the graph in Figure3.16, you can state that: 
Gradient = change in distance / change in rotations. 
For example, for 2 and 3 rotations, their corresponding distances are 35.18cm and 
52.77cm, respectively. Using the formula above gives a gradient of: 
Gradient = (52.77 - 35.18 )/(3-2) = 17.59cm 
Why is this important? The gradient actually tells you the circumference of the wheel 
as seen in this example. So, by calculating the gradient, you will know how far the 
robot moves for each wheel rotation—basically, the wheel’s size! 
 
Programming Robots to Move 
Now that you understand how wheel rotations relate to the distance a robot travels, 
the next step is to use this knowledge in robot programming. By controlling how 
many times the robot's wheels turn, you can make it move forward or backward over 
exact distances. 
This is the basis for making the robot do more complicated things. You tell the 
robot's motors how many turns the wheels should make but getting it to move the 
right distance means you also need to think about things like wheel size, motor 
speed, and the type of surface the robot is on. 
To make the robot move in a straight line, you will need to use more advanced 
programming. The robot might need to check its direction regularly using sensors 
and make small adjustments to stay on track. These corrections stop the robot from 
drifting off course. Watch the videos below to learn more about programming robots 
to move in a straight line. 
Resource QR Code"
Explain key concepts from Robotics (robotics.pdf) - Page 71,"SPIKE Robot Programming (Part 1): Forward/Backward 
and Left/Right 
https://www.youtube.com/watch?v=Fs1MsJ0kwEo  
 
Perfect Straight Movement on the SPIKE Prime Robot!!! 
https://www.youtube.com/watch?v=WT-aUj57rpI   
 
 
Activity 3.4: Understanding How Wheel Rotations Affect Distance Travelled 
Your teacher will put you into groups for this activity and give you a number of 
wheels of different diameters and a tape measure 
1. In this activity, you will explore how the number of times a wheel rotates is 
related to the distance a robot travels. You will also see how different wheel 
sizes change the distance travelled with each rotation.   
a. Use the measuring tape provided by your teacher to measure the 
diameter of your wheel (the distance across the wheel from one side to 
the other). Write down this measurement. 
b. Next, use the string provided to wrap around the wheel to measure the 
distance around it. 
c. Then, check your result by calculating the circumference using the 
formula for circumference and the diameter you measured in a. 
d. Now, predict how far your group’s wheel will move in one full rotation 
by using the circumference you calculated. Mark a starting point on the 
floor and a mark on your wheel, then roll the wheel forward for one full 
turn and see if it matches your prediction. 
e. Repeat parts a to d for wheels of different sizes. 
f. Compare your results with other groups. Discuss why larger wheels 
move farther than smaller ones with each rotation. 
2. In this activity, you will use your knowledge of wheel rotations to program a 
robot to move specific distances. You will learn how to control its movement 
by calculating the number of wheel turns needed. In the same groups as the 
previous activity search the internet, for a video clip on the basic commands 
needed to make a robot move forward or backward (watch one related to the"
Explain key concepts from Robotics (robotics.pdf) - Page 72,"robotic kit you have available like LEGO). Now it is time for a challenge! You 
will program your available robot to move exactly 1 metre. 
a. Use what you learned in the first activity to calculate how many wheel 
rotations are needed for the robot to travel this distance. Then, 
program the robot to move that number of turns. 
b. Run your program and measure the actual distance your robot 
travelled. Did it go the full metre? If not, adjust your program and try 
again until you get the distance right. 
c. After testing, discuss what happened with your classmates.  
i. Did different groups have different results? Think about how 
changes in wheel size or the type of surface might have affected 
the robot’s accuracy. 
ii. If you want a bigger challenge, you can also experiment with 
programming the robot to correct its path using sensors, making 
sure it moves in a straight line. 
 
EXTENDED READING 
Resource QR Code  
  
How to Convert Analog Signals to Digital Signals || Electronic 
Terminology Course Preview 
https://www.youtube.com/watch?v=OBcCZkCf-OI  
 
Sampling and Quantization of Analog Signal [HD] 
https://www.youtube.com/watch?v=W5q-Ac0JVdk"
Explain key concepts from Robotics (robotics.pdf) - Page 73,"Get Your SPIKE Prime Robot Moving Straight Forward 
https://www.youtube.com/watch?v=gAnNf3ji-Ig  
 
 
3.1 REVIEW QUESTIONS 
1. Define the term “continuous value” in the context of analogue signals  
2. State 3 differences between passive and active sensors.  
3. What type of sensor (analogue or digital) will be more suitable for a scenario 
where the sensor is to detect whether a button has been pressed to switch light 
on or off? Explain your reasoning.  
4. State and explain any 3 properties of a sensor that can be found on a sensor 
datasheet.  
5. Why might you choose an active sensor over a passive one for certain tasks?  
3.2 REVIEW QUESTIONS 
1. What is the difference between an analogue signal and a digital signal?  
2. What are the two main steps involved in converting an analogue signal into a 
digital signal?  
3. Calculate the percentage error for each data point in the table below.  
Time Sampled values (cm) Quantised values (cm) 
7:00 74.78 70 
8:00 83.50 80 
9:00 92.00 90 
10:00 88.97 85 
 
4. If you were working with a device that required a high level of accuracy in 
signal conversion, what adjustments could you make to minimise errors?  
3.3 REVIEW QUESTIONS 
1. What is the circumference of a robot wheel with a diameter of 10 cm?  
2. If a robot wheel has a diameter of 5 cm and completes 3 rotations, how far will 
the robot travel?  
3. A robot needs to move forward 2 metres. If its wheels have a diameter of 8 cm, 
how many rotations are needed?  
4. Why does a robot with larger wheels travel further with the same number of 
rotations compared to a robot with smaller wheels?"
Explain key concepts from Robotics (robotics.pdf) - Page 74,"SECTION 4: DIGITAL AND ANALOGUE SYSTEM DESIGN 
Robot Design Methodologies 
Digital and Analogue System Design 
 
 INTRODUCTION 
Imagine you are building a robot. You need to make sure it can make decisions like 
""Should I move forward or turn left?"" Boolean Algebra is like a magical tool that helps you 
give robots the brainpower to make these decisions. In this section, you will learn how to 
use Boolean Algebra to design the ""brain"" of a robot. You will use simple building blocks 
called logic gates to create complex thinking patterns. It is like building with LEGO bricks, 
but instead of bricks, you will be using logic gates to build a robot's mind. 
 
Key Ideas 
1. Boolean Algebra: This is a foundational concept in digital system design. It 
allows you to define the logic behind digital circuits using variables (representing 
logical values) and operators (for example AND, OR, NOT) to express 
relationships between these values. By applying Boolean algebra rules and 
theorems, you can simplify complex expressions, leading to more efficient and 
cost-effective digital circuits. 
2. Karnaugh Map (K-Map): This is a visual tool used to simplify Boolean 
expressions further. They represent truth tables in a grid system, allowing for 
easier identification of patterns and redundancies within the logic. This is 
necessary for optimising digital systems, which make all robots work correctly. 
3. Soldering Techniques: Assembling robots requires not only an understanding of 
system schematics but also practical skills like soldering and PCB (printed 
circuit board) assembly to ensure the electronic circuits work correctly. 
 
INTRODUCTION TO BOOLEAN ALGEBRA 
Imagine trying to communicate with a friend who only understands ""YES"" and ""NO"" — 
this is exactly how computers work, using a language called binary code.  A binary 
system is a way of representing information using only two possible values . In the 
language of computers YES is given the value one (1) and NO  the value zero (0). That is 
the world of binary code, the language of computers. To make sense of this binary world, 
robotics uses a special kind of maths called Boolean Algebra. A long time ago, a clever  
mathematician named George Boole created this maths. He used symbols and 
operators to represent YES or TRUE (1) and NO or FALSE (0), and he figured out rules to 
combine these symbols and operators to solve logic problems. This is a lot like solving 
logic puzzles  with numbers, but instead of numbers, digital engineers use  TRUE and 
FALSE.  
Boolean Algebra is like the building blocks of computer science and robotics. It helps 
engineers design the circuits that make computers and robots work. By understanding"
Explain key concepts from Robotics (robotics.pdf) - Page 75,"Boolean Algebra, you can model complex systems, from simple calculators to powerful 
robots. It is like learning a secret language that only computers understand. 
 
IMPORTANCE OF BOOLEAN ALGEBRA IN DIGITAL SYSTEMS 
All digital devices, such as computers, smartphones, smart TVs, digital cameras, gaming 
consoles, and robots, make use of the binary number system to encode all their signals. 
In the binary number system, information is represented using just two states: 0 (which 
represents False) and 1 (which represents True). Boolean algebra uses this binary system 
to achieve the following in these systems: 
1. It helps understand how the circuits in these digital systems work. 
2. It helps describe the connections between different parts of a circuit. 
3. By understanding and describing these circuits, you can  make these circuits 
simpler and faster (optimisation). 
 
Key Concepts and Rules of Boolean Algebra: 
Boolean algebra uses several basic concepts and rules. It is only by becoming familiar 
with these rules that one can better apply them in understanding digital systems. The 
following are some important concepts to take note: 
1. Variables: Imagine you have a light switch. It can be either ON or OFF. By using a 
letter, like ""A"", to represent the switch. When the switch is ON, then A = 1. When 
it is OFF, then A = 0. The letter you use to represent the state of the switch is known 
as a “Variable”. These variables in Boolean algebra represent logical values, and 
are represented by letters like A, B, C. They can only have one value, either  True 
(1) or False (0). 
2. Logical Operators : Imagine you have a robot that needs to make decisions. It 
needs to know when to move forward, turn, or stop. You can use logic gates , 
which are like small digital circuit based  decision-makers, to help the robot. A 
logic gate in an electronic circuit receives a signal, processes it, and sends it to 
the next step, much like a gate opens to let someone pass through.  These are 
used to perform basic logical functions or operations on binary values (0s and 1s). 
These operations/operators implemented by logic gates are fundamental in 
building digital circuits. Here are some common logic gates: 
a. AND Gate: This gate only lets the signal through (or outputs 1) when both 
of its inputs are 1. It is like saying, ""If this and that is true, then do this."" This 
operation is usually represented using a simple dot (.) or simply by placing 
the variables next to each other. For example, A AND B can be written a s 
A⋅B or simply AB. It can also be represented diagrammatically, as shown in 
Figure4.1."
Explain key concepts from Robotics (robotics.pdf) - Page 76,"Figure 4.1: Two-input AND Gate 
 
The AND gate represented in Figure4.1 has two inputs (A and B) and one 
output (F). Below is a simple truth table for this two-input AND gate. You 
can see that from all the possible signal (or input) combinations there is 
only ONE which has two inputs that are 1.  
 
 
 
 
 
 
 
 
(An important learning point for you at this stage is that the term ""truth table"" comes 
from the table's function of displaying the ""truth"" (or output value) for every possible 
combination of input variables, making it a fundamental tool in Boolean algebra and 
digital logic design) 
 
b. OR Gate: This lets the signal through  if at least one of its inputs is 1. It is 
like saying, ""If this or that is true, then do this."" This is often represented by 
a plus sign (+). For example, A OR B is written as A+B. It can also be 
represented diagrammatically, as shown in Figure4.2. 
 
 
Figure 4.2: Two-input OR Gate 
 
The OR gate represented in Figure4.2 has two inputs (A and B) and one 
output (F). Below is a simple truth table for this two-input AND gate. 
 
 
 
 
 
 
 
 
c. NOT Gate: This gate inverts (reverses) the signal input. If the input is 1, the 
output is 0, and vice versa. It is like saying, ""If this is true, then make it 
false."" NOT is represented by a bar over the variable  (𝐴̅). It can also be 
represented diagrammatically, as shown in Figure4.3. So, the inverse of 1 
is 0, in Boolean Algebra this is written as the inverse on the variable A is 𝐴̅ 
 
 
A B F = A.B 
0 0 0 
0 1 0 
1 0 0 
1 1 1 
A B F = A+B 
0 0 0 
0 1 1 
1 0 1 
1 1 1"
Explain key concepts from Robotics (robotics.pdf) - Page 77,"Figure  4.3: NOT Gate 
 
The NOT gate represented in Figure4.3 has one input (A) and one output 
(F). Below is the truth table for this NOT gate. 
 
 
 
 
 
d. NAND Gate : The NOT Gate can be combined with the AND Gate to 
produce a NAND Gate (NOT -AND). It implies an AND gate with a 
complemented or inverted output.  It can also be represented 
diagrammatically, as shown in Figure4.4. The circular shape at the output 
represents the inversion (change to opposite). 
 
 
Figure 4.4: Two-input NAND Gate 
 
The NAND gate represented in Figure4.4 has two inputs (A and B) and one 
output (F). Below is a simple table for this two-input NAND gate. 
 
 
 
 
(An important learning point for you at this stage is that the term ""complemented"" in 
Boolean Algebra means ""reversed"" or ""inverted. The complement of a Boolean variable 
is the opposite value of the variable. If the variable is 1 (TRUE), its complement is 0 
(FALSE), and vice versa)  
 
e. NOR Gate: The NOT Gate can be combined with the OR Gate to produce a 
NOR Gate (NOT-OR). It implies an OR gate with a complemented (inverted) 
output.  It can also be represented diagrammatically, as shown in 
Figure4.5. The circular shape at the output represents the inversion 
(change to opposite). 
A F = 𝑨̅ 
0 1 
1 0 
A B AB F = (𝑨𝑩̅̅̅̅) 
0 0 0 1 
0 1 0 1 
1 0 0 1 
1 1 1 0"
Explain key concepts from Robotics (robotics.pdf) - Page 78,"Figure4.5: Two-input NOR Gate 
 
The NOR gate represented in Figure4.5 has two inputs (A and B) and one 
output (F). Below is a simple table for this two-input NOR gate. 
 
Some other logic gates or operations, which may not be common but are 
sometimes used, are as follows: 
a. XOR (Exclusive OR): An XOR gate only activates if one of its inputs is on, 
but not both. It outputs 1 when the inputs are different and 0 when they are 
the same. It is like saying, ""one or the other, but not both"". It is represented 
by a circle with a plus sign inside (⊕). Example: 1 ⊕ 0 = 1, but 1 ⊕ 1 = 0.  
It can also be represented diagrammatically, as shown in Figure4.6.  
 
 
Figure 4.6: Two-input XOR Gate 
 
Below is a simple truth table of an XOR operator.  
 
 
b. XNOR (Exclusive NOR) : An XNOR gate is the opposite of an XOR gate. It 
turns on only when both switches are in the same state: either both on or 
both off. It outputs 1 if both inputs are the same (either both 0 or both 1). It 
is like saying, ""either both or neither."" (i.e., Outputs 1 if the inputs are the 
same, and 0 if they are different). it is represented by a circle with a dot  
(⊙). Example: 1 XNOR 1 = 1, and 0 XNOR 0 = 1, but 1 XNOR 0 = 0. It can 
also be represented diagrammatically, as shown in Figure4.7. 
 
A B A+B F = (A+B)’ 
0 0 0 1 
0 1 1 0 
1 0 1 0 
1 1 1 0 
A B F = A⊕B 
0 0 0 
0 1 1 
1 0 1 
1 1 0"
Explain key concepts from Robotics (robotics.pdf) - Page 79,"Figure 4.7: Two-input XNOR Gate 
(note that the circle at the output of the XNOR gate represents an 
inversion or negation of the XOR gate output) 
 
Below is a simple truth table of an XNOR operator. 
 
 
 
3. Boolean identities : These are equations  or expressions  that are always true 
regardless of the values of the variables involved. Examples include: 
a. A + A = A (if you have a condition (A), and you combine it with itself using 
the OR operation, it does not change the outcome. The result is still (A). In 
other words, ORing a variable with itself does not change its value . So, in 
this case 1 + 1 = 1) 
b. A ⋅ A = A (if you have a condition (A), and you combine it with itself using the 
AND operation, it does not change the outcome. The result is still (A) In 
other words, ANDing a variable with itself does not change its value. So, in 
this case 1 ⋅ 1 = 1) 
c.  A + 𝐴̅= 1 (This principle is known as the Law of Complementation in 
Boolean algebra. It signifies that any Boolean variable OR ed with its 
complement will always result in TRUE, indicating the system's ability to 
account for both possible states of 𝐴. So, in this case 1 + 0 = 1. 
 
By understanding these concepts and applying the rules of Boolean algebra, you can 
create expressions that represent the logic behind digital circuits. These expressions can 
then be translated into actual circuit designs using logic gates ( for example AND, OR, 
NOT gates).  
Important Note on Truth Tables 
Just as demonstrated in the logic gates demonstrated above, truth tables are used to 
show all the possible combinations of inputs and their corresponding outputs  for a 
given logic gate or circuit. It is important to note that the number of inputs determines the 
number of outputs. Since  this is binary data, a single variable or input will have 2 (21) 
possible outputs (0 and 1).  
The combination of two inputs (A and B) will have 4 (22) outputs or outcomes determined 
from the four possible combinations (00, 01, 10, 11), which can be matched to the four 
rows in the table below: 
A B F = A⊙B 
0 0 1 
0 1 0 
1 0 0 
1 1 1"
Explain key concepts from Robotics (robotics.pdf) - Page 80,"Now for 3 inputs (A, B and C), there will be 8 (23) possible combinations (000, 001, 010, 
011, 100, 101, 110, 111) which can be matched to the eight rows in the table below.  
 
 
 
 
 
 
 
 
 
So, the rule is  for 𝑥 number of inputs, there will be 2𝑥 possible outputs. Also, note the 
logical treatment  of the all the possible combinations of 1’s and 0’s . They are always 
arranged in increasing order, counting in binary from 0 to 2𝑥- 1, just as demonstrated in 
the tables above. 
Application of Boolean Algebra in Digital Systems 
Boolean algebra acts as a good tool for defining the control logic behind various 
automation solutions. For example: 
1. You can use Boolean variables to represent the different control conditions or 
states of sensors and actuators in an automated system.  
For example, a variable ""LightSensor"" could be True (1) if light is detected and 
False (0) if light is not detected. 
2. You can use Boolean operators (AND, OR, NOT) to express the desired 
relationships between these conditions.  
For example, an automatic light can be controlled by the following expression: 
LightOn = LightSensor + MotionSensor . This can be expressed in Boolean terms 
as LightOn will be TRUE if either LightSensor or MotionSensor\ is TRUE. 
That is, either the light sensor detects darkness  (true) and triggers the turning on 
of the light OR when the Motion Sensor detects motion  (true) or both (true, true). 
A B F 
0 0  
0 1  
1 0  
1 1  
A B C F 
0 0 0  
0 0 1  
0 1 0  
0 1 1  
1 0 0  
1 0 1  
1 1 0  
1 1 1"
Explain key concepts from Robotics (robotics.pdf) - Page 81,"Just like the OR Gate functions. Check this with the section on the OR gate above 
which explains that it lets the signal through if at least one of its inputs is 1. 
3. By representing digital circuitry using Boolean algebra, you can analyse them and 
simplify complex expressions, leading to more efficient and cost -effective 
automation designs. Techniques like De Morgan's Laws and Boolean identities 
can help minimise the number of logic gates needed to implement the control 
logic. 
Combinational Logic Functions 
The three basic logic functions AND, OR, and NOT, together with the other  logic gates, 
can be combined in various forms to make more  complex logic functions known as 
Combination Logic Circuits. These circuits may be used to implement functions such 
as comparison, arithmetic, code conversion, encoding, decoding, data selection, 
counting and storage. A digital system can, therefore, be seen as composed of an 
arrangement of these individual logic functions connected in such a way as to perform a 
specified operation or produce a defined output. 
The output function of a combinational logic circuit can be determined simply by 
following the basic mode of operation of its comprising logic gates, as explained in the 
earlier sections. They may seem complex at first sight, however, with patience and 
adherence to the rules of operation of these logic gates, you will soon find the outputs 
for the various input combinations. Consider the combinational logic circuit in Figure4.8. 
 
Figure 4.8: An Example of a combinational logic circuit 
To derive the Boolean expression and truth table for a given combinational logic circuit, 
first generate all the possible input combinations that exist for the logic circuit. 
Remember from earlier in the section that for a x input logic circuit, it would have 2𝑥 
possible combinations. Begin at the left -most inputs and work toward the final output, 
writing the expression for each gate. For the example circuit in Figure 1 -21, the Boolean 
expression is determined in the following three steps: 
1. The combinational circuit has 3 inputs (A, B and C).  
2. The expression for the left-most AND gate with inputs A and B is AB."
Explain key concepts from Robotics (robotics.pdf) - Page 82,"3. The output of the left-most AND gate ( AB) is one of the inputs to the OR gate, and 
C is the other input.  
4. Therefore, ORing AB with C the Boolean expression for the combinational circuit 
is AB + C, which is the final output expression for the entire circuit, written as  
F = AB + C. 
So the truth table for a combinational circuit with three inputs, A and B and C, where A 
and B are ANDed, the output becomes an input of an OR gate along with the input C can 
be generated as follows. 
A B C AB F=AB+C 
0 0 0 0 0 
0 0 1 0 1 
0 1 0 0 0 
0 1 1 0 1 
1 0 0 0 1 
1 0 1 0 1 
1 1 0 1 1 
1 1 1 1 1 
 
Explanation of truth table: 
Inputs: The table lists all possible combinations of the inputs A, B, and C. 
AND Gate Output ( AB) is column 3: Shows the result of the AND operation between A 
and B. 
Final Output ((AB + C): Shows the result of the OR operation between the output of the 
AND gate and the input C. 
Note that it may not be necessary to show all the intermediary steps, such as AB, in the 
truth table; however, including them sometimes helps resolve the output function (F) 
faster. 
The following example in Figure4.9 is a bit more complicated but you can see the Boolean 
outputs of each logic gate in red . To resolve this combinational logic circuit, follow the 
steps in the previous example."
Explain key concepts from Robotics (robotics.pdf) - Page 83,"Figure 4.9:  An Example of a combinational logic circuit 
1. The combinational circuit has 4 inputs (A, B, C and D); therefore, it would have 16 
possible input combinations. 
2. The expression for the left-most AND gate with inputs C and D is CD.  
3. The output of the left-most AND gate (CD) is one of the inputs to the OR gate along 
with another input B is the other input. Therefore, the expression for the OR gate 
is CD + B.  
4. The output of the OR gate is one of the inputs to the right -most AND gate a long 
with another input A . Therefore, the expression for this AND gate is A(B + CD), 
which is the final output expression for the entire circuit, written as F = A(B + CD). 
Based on the mode of operation of the AND gates and OR gate, the truth table can be 
generated as follows. 
A B C D CD B + CD F=A(B+CD) 
0 0 0 0 0 0 0 
0 0 0 1 0 0 0 
0 0 1 0 0 0 0 
0 0 1 1 1 1 0 
0 1 0 0 0 1 0 
0 1 0 1 0 1 0 
0 1 1 0 0 1 0 
0 1 1 1 1 1 0 
1 0 0 0 0 0 0 
1 0 0 1 0 0 0 
1 0 1 0 0 0 0 
1 0 1 1 1 1 1 
1 1 0 0 0 1 1"
Explain key concepts from Robotics (robotics.pdf) - Page 84,"1 1 0 1 0 1 1 
1 1 1 0 0 1 1 
1 1 1 1 1 1 1 
 
Examples of Boolean Expressions in Digital Circuits: 
1. Automatic Door Lock: 
Scenario: A door should only unlock if both a key is present ( KeySensor), and a correct 
code is entered on the keypad (CodeCorrect). 
Solution: 
Boolean Expression: DoorUnlock = KeySensor ⋅ CodeCorrect 
This expression uses the AND operator, ensuring both conditions (key and code) are met 
for unlocking. 
2. Security System Activation: 
Scenario: An alarm should sound (AlarmOn) if either a window sensor (WindowSensor) 
detects a break -in or a motion sensor (MotionSensor) detects movement inside the 
house when the system is armed (SystemArmed). 
Solution: 
Boolean Expression: AlarmOn = SystemArmed ⋅ (WindowSensor + MotionSensor)   
The OR operator in the control box electronics is used to trigger the alarm if either sensor 
detects an issue while the system is armed. 
2. Security System Activation: 
Scenario: An alarm should sound (AlarmOn) if either a window sensor (WindowSensor) 
detects a break -in or a motion sensor (MotionSensor) detects movement inside the 
house when the system is armed (SystemArmed). 
Solution: 
Boolean Expression: AlarmOn = SystemArmed ⋅ (WindowSensor + MotionSensor)   
The OR operator in the control box electronics is used to trigger the alarm if either sensor 
detects an issue while the system is armed. 
 
Boolean Algebra Rules and Theorems: 
By s implifying Boolean expressions, you are making the digital circuitry, such as the 
robot's brain, more efficient. It is like taking a long, complicated sentence and turning it 
into a short, easy -to-understand phrase. By doing this, robotics engineers  can build 
robots that are faster, cheaper, and more reliable. To achieve this, it is important to 
understand some basic Boolean algebra rules and theorems. These theorems and"
Explain key concepts from Robotics (robotics.pdf) - Page 85,"properties of Boolean algebra help simplify complex Boolean expressions and design 
digital circuits efficiently. The sections that follow explain these theorems. 
Theorem 1: The Complement of a Complement 
You have already learned that the NOT gate acts as an inverter  in a binary system.  
Therefore, the NOT (1), or the complement of 1, yields 0. Conversely, the NOT (0), or the 
complement of 0, results in 1, as shown in the truth table below for a NOT Gate.  
 
From this table, Boolean Algebra establishes that the complement of a complemented 
value is the same as the original value uncomplemented. In short 𝐴̿  =  𝐴. This is 
demonstrated in the truth table below. 
 
Theorem 2: Theorems Relating to the OR Gate 
By observing the truth table of a 2 input OR gate, as shown in the table below, a number 
of theorems can be derived. 
 
From this OR Gate the following deductions can be made"
Explain key concepts from Robotics (robotics.pdf) - Page 86,"Theorem 3: Theorems Relating to the AND Gate 
By observing the truth table of a 2 input AND gate, as shown in the table below, a number 
of theorems can be derived. 
 
From this AND Gate, the following deductions can be made 
 
 
Theorem 4: Commutative Theorem  
The commutative law of addition for two variables is written as: 
𝑨 + 𝑩 = 𝑩 + 𝑨 
This law states that the order in which the variables are ORed makes no difference. 
Remember, in Boolean algebra, just as applied to logic circuits, addition and OR 
operations are the same."
Explain key concepts from Robotics (robotics.pdf) - Page 87,"Also, the commutative law of multiplication for two variables is written as: 
𝑨 · 𝑩 = 𝑩 · 𝑨 
Or 𝑨𝑩 = 𝑩𝑨 
This law states that the order in which the variables are ANDed makes no difference. 
Remember, in Boolean algebra as applied to logic circuits, the dot (•) or the absence of 
an operator means the same as an AND operation. 
Theorem 5: Associative Theorem 
The associative law of addition is written as follows for three variables: 
𝑨 + (𝑩 + 𝑪) = (𝑨 + 𝑩) + 𝑪 
This law states that when ORing more than two variables, the result is the same 
regardless of the grouping of the variables. 
The associative law of multiplication is written as follows for three variables: 
𝑨(𝑩𝑪) = (𝑨𝑩)𝑪 
This law states that it makes no difference in what order the variables are grouped when 
ANDing more than two variables. 
Theorem 6: Distributive Theorem  
The distributive law is written for three variables as follows: 
𝑨(𝑩 + 𝑪) = (𝑨𝑩) + (𝑨𝑪) 
This law states that ORing two or more variables and then ANDing the result with a single 
variable is equivalent to ANDing the single variable with each of the two or more variables 
and then ORing the products. The distributive law also expresses the process of factoring 
in which the common variable A is factored out of the product terms, for example: 
AB + AC = A(B + C) 
The distributive law can also be written as follows: 
𝑨 + (𝑩𝑪) = (𝑨 + 𝑩)(𝑨 + 𝑪) 
This other expression states that ANDing two or more variables and then ORing the result 
with a single variable is equivalent to ORing the single variable with each of the two or 
more variables and then ANDing their additions. The distributive law also expresses the 
process of factoring in which the common variable A is factored out of the addition terms, 
for example: 
(A+B) (A+C )= A+(BC) 
 
Based on this distributive law, you can say that 𝑨 + (𝐴̅𝑩) = 𝑨 + 𝑩. This can be proven below 
as:"
Explain key concepts from Robotics (robotics.pdf) - Page 88,"𝑨 + (𝑨̅𝑩) = (𝑨 +𝑨̅) · (𝑨 + 𝑩)  
Remember that from the theorems relating to the OR Gate ( 𝑨 +𝐴̅) = 𝟏; therefore, the 
expression above can be resolved as: 
= 𝟏 · (𝑨 + 𝑩) 
Also, remember that from the theorems relating to the AND Gate (𝑨. 𝟏) = 𝑨, therefore 
the expression above can be resolved as: 
= 𝑨 + 𝑩 
Based on this distributive law, you can say that 𝐴̅+ (𝐴𝑩) = 𝐴̅+ 𝑩. This can be proven below 
as: 
𝑨̅+ (𝑨𝑩) = (𝑨̅+ 𝑨) · (𝑨̅+ 𝑩) 
Remember that from the theorems relating to the OR Gate ( 𝑨 +𝐴̅) = 𝟏; therefore, the 
expression above can be resolved as: 
= 𝟏 · (𝑨̅+ 𝑩) 
Also, remember that from the theorems relating to the AND Gate (𝑨. 𝟏) = 𝑨, therefore 
the expression above can be resolved as: 
= 𝑨̅ + 𝑩 
Finally, based on this theorem and the principle of factoring, consider the following 
logical expression: 
𝑨 + 𝑨𝑩 
By factoring out the common factor A, you have the expression now as 
𝑨(𝟏 + 𝑩) 
From the theorems relating to the OR Gate, when any variable is ORed with 1, the result 
is 1. Therefore, the expression above can be simplified as: 
𝑨(𝟏) 
Also, from the theorems relating to the AND Gate, when any variable is ANDed with 1, 
the result is that variable. Therefore, the above expression can simply be stated as: 
𝑨 
In other words, 𝑨 + 𝑨𝑩 = 𝑨, as simple as that. 
So, in short, the important equations to remember under the Distributive Law are 
summarised and presented in the table below."
Explain key concepts from Robotics (robotics.pdf) - Page 89,"Theorem 7: DeMorgan’s Theorem 
DeMorgan, a mathematician who knew Boole, proposed two theorems that are an 
important part of Boolean algebra. In practical terms, DeMorgan’s theorems provide 
mathematical verification of the equivalency of the NAND and NOR gates.  
DeMorgan’s first theorem is stated as follows: 
“The complement of a product of variables is equal to the sum of the complements of 
the variables.” 
Stated another way, “The complement of two or more ANDed variables is equivalent to 
the OR of the complements of the individual variables.” 
The formula for expressing this theorem for two variables is: 
𝑨𝑩̅̅̅̅ =  𝑨̅ +  𝑩̅  
DeMorgan’s second theorem is like the first and is stated as follows: 
“The complement of a sum of variables is equal to the product of the complements of 
the variables.” 
Stated another way: “The complement of two or more ORed variables is equivalent to 
the AND of the complements of the individual variables.” 
The formula for expressing this theorem for two variables is 
𝑨 + 𝑩̅̅̅̅̅̅̅̅ = 𝑨̅. 𝑩̅ 
 
Figure4.7 shows the gate equivalencies and truth tables for the two DeMorgan’s 
Theorems stated above."
Explain key concepts from Robotics (robotics.pdf) - Page 90,"Figure 4.7: Gate equivalencies and the corresponding truth tables of DeMorgan 
 
As stated earlier, DeMorgan’s theorems also apply to expressions in which there are 
more than two variables. The table below illustrates the application of DeMorgan’s 
theorems to 3-variable and 4-variable expressions. 
 
When working on complex logical expressions with more than two variables that require 
the application of DeMorgan’s Theorems, it is important to simplify the expression first. 
In simplifying, you can represent one set of complemented variables as a single variable, 
such as X and the others as Y or any other variable. To demonstrate work through this  
complex examples: 
(𝑨𝑩 + 𝑪)(𝑨 + 𝑩𝑪)̅̅̅̅̅̅̅̅̅̅̅̅̅̅̅̅̅̅̅̅̅̅̅̅"
Explain key concepts from Robotics (robotics.pdf) - Page 91,"This expression can be first simplified if the term  (𝐴𝐵 +  𝐶) is represented by X and (𝐴 +
 𝐵𝐶) by Y, thus making the expression simply as: (𝑋)(𝑌)̅̅̅̅̅̅̅̅̅which, according to DeMorgan, 
is equivalent to 𝑋̅ + 𝑌̅  
So, by replacing the X and Y with what they stand for, you would get the following: 
𝑋̅ + 𝑌̅ = (𝐴𝐵 + 𝐶)̅̅̅̅̅̅̅̅̅̅̅̅ + (𝐴 + 𝐵𝐶)̅̅̅̅̅̅̅̅̅̅̅̅ 
Notice that in the preceding result, you have two terms (𝐴𝐵 + 𝐶)̅̅̅̅̅̅̅̅̅̅̅̅ 𝑎𝑛𝑑 (𝐴 + 𝐵𝐶)̅̅̅̅̅̅̅̅̅̅̅̅, to each 
of which you can again apply DeMorgan’s theorem 𝑋 + 𝑌̅̅̅̅̅̅̅̅ =  𝑋̅. 𝑌̅ individually as follows: 
(𝐴𝐵 + 𝐶)̅̅̅̅̅̅̅̅̅̅̅̅ + (𝐴 + 𝐵𝐶)̅̅̅̅̅̅̅̅̅̅̅̅ = (𝐴𝐵̅̅̅̅) ∙ 𝐶̅ + 𝐴̅ ∙ (𝐵𝐶̅̅̅̅) 
Notice that you still have two terms in the expression to which DeMorgan’s theorem can 
again be applied. These terms are 𝐴𝐵̅̅̅̅ 𝑎𝑛𝑑 𝐵𝐶̅̅̅̅.  A final application of DeMorgan’s theorem 
gives the following result: 
(𝐴𝐵̅̅̅̅) ∙ 𝐶̅ + 𝐴̅ ∙ (𝐵𝐶̅̅̅̅) = (𝐴̅ + 𝐵̅)𝐶̅ + 𝐴̅(𝐵̅ + 𝐶̅) 
Although this result can be simplified further by the use of some of the Boolean Algebra 
rules you examined earlier, DeMorgan’s theorems cannot be used any further. 
Summarisation of Boolean Algebra Theorems 
All the laws/theorems you have examined  up to this point are summarised in the Table 
below. It is important to keep them at your fingertips because their main purpose is to  
minimise Boolean expressions."
Explain key concepts from Robotics (robotics.pdf) - Page 92,"Now that you have been introduced to the  basics of Boolean algebra, your challenge is 
to try to simplify some complex expressions. But remember, when you simplify, you 
follow a specific order: 
1. NOT operations come first. This includes things like De Morgan's Law. 
2. AND operations are next. 
3. OR operations are the last. 
By following this order, you can make sure your simplifications are correct. Look at some 
examples below to see how the simplification process works. 
Step-by-Step Simplification Process:"
Explain key concepts from Robotics (robotics.pdf) - Page 93,"To demonstrate the simplification process of complex Boolean expressions, examine the 
following example 𝐹 = 𝐴 ⋅ 𝐵 + 𝐴 ⋅ 𝐵̅ + 𝐴̅ ⋅ 𝐵. This uses the laws in the table above. 
Example 1: 𝐹 = 𝐴 ⋅ 𝐵 + 𝐴 ⋅ 𝐵̅ + 𝐴̅ ⋅ 𝐵  
The following laws are applied to simplify: 
1. Apply Distributive Law: Group common terms to apply the distributive law: 
𝐹 = 𝐴 ⋅ (𝐵 + 𝐵̅) + 𝐴̅ ⋅ 𝐵 
2. Simplify Using theorems relating to the OR Gate : According to the theorems 
relating to the OR Gate, 𝐵 + 𝐵̅ = 1, hence substitute into the expression to further 
simplify it: 
𝐹 = 𝐴 ⋅ 1 + 𝐴̅ ⋅ 𝐵 
3. Apply theorems relating to the AND Gate : according to the identity law, 𝐴 ⋅ 1 =
𝐴, hence substitute into the expression to further simplify it: 
𝐹 = 𝐴 + 𝐴̅ ⋅ 𝐵 
4. Apply Distributive and Complement: to further simplify the expression, you 
must expand it using the Distributive law.  
Hence 𝐴 + 𝐴̅ ⋅ 𝐵 becomes (𝐴 + 𝐴̅) ⋅ (𝐴 + 𝐵) 
Since, 𝐴 + 𝐴̅ = 1 according to the theorems relating to the OR Gate, you can  
substitute into the expression to further simplify it: 
𝐹 = 1 ⋅ (𝐴 + 𝐵) 
5. Apply Identity law again:  by applying identity law to the expression again, 1 ⋅
(𝐴 + 𝐵) becomes (𝐴 + 𝐵). 
Thus, the simplified form of 𝐹 = 𝐴 ⋅ 𝐵 + 𝐴 ⋅ 𝐵̅ + 𝐴̅ ⋅ 𝐵 is  𝐹 = (𝐴 + 𝐵) 
 
Example 2: 𝑨𝑩 + 𝑨(𝑩 + 𝑪) + 𝑩(𝑩 + 𝑪) 
1. This expression has no complement (NOT) of terms; therefore, you must start with 
the application of the distributive law to the second and third terms in the 
expression, which involve AND 
𝑨𝑩 + 𝑨𝑩 + 𝑨𝑪 + 𝑩𝑩 + 𝑩𝑪 
2. Apply theorems relating to AND Gate (BB = B) to the fourth term, as follows: 
𝑨𝑩 + 𝑨𝑩 + 𝑨𝑪 + 𝑩 + 𝑩𝑪 
3. Apply theorems relating to OR Gate (AB + AB = AB) to the first two terms as follows: 
𝑨𝑩 + 𝑨𝑪 + 𝑩 + 𝑩𝑪 
4. Apply Distributive Law (B + BC = B) to the last two terms as follows: 
𝑨𝑩 + 𝑨𝑪 + 𝑩 
5. Apply the Associative Law to restate the expression as follows:"
Explain key concepts from Robotics (robotics.pdf) - Page 94,"𝑩 + 𝑨𝑩 + 𝑨𝑪  
6. Apply Distributive Law (B + AB = B) to the first and second terms as follows 
𝑩 + 𝑨𝑪  
At this point, the expression is simplified as much as possible. Once you gain experience 
in applying Boolean algebra, you can often combine many individual steps without 
stating them explicitly like this example did. 
Example 3: 𝐴𝐵 +  𝐴 𝐵̅ 
Solution: 
𝐴𝐵 +  𝐴 𝐵̅ 
apply the distributive law to the terms in the expression to factor out A, as follows 
𝐴(𝐵 +    𝐵̅) 
apply the theorems relating to the OR Gate (𝐵 +    𝐵̅) = 1 as follows 
𝐴(1) 
apply the theorems relating to the AND Gate 𝐴 ⋅ 1 =  𝐴 as follows 
𝐴 
At this point, the expression is simplified as much as possible. You can demonstrate that 
these two expressions are equivalent using the truth table below. 
 
 
 
Example 4: 𝐴𝐵 +  𝐴𝐵̅𝐶 + 𝐴𝐵̅𝐶̅"
Explain key concepts from Robotics (robotics.pdf) - Page 95,"Solution: 
𝐴𝐵 +  𝐴𝐵̅𝐶 + 𝐴𝐵̅𝐶̅ 
apply the distributive law by factoring out the common factor of A as follows: 
𝐴(𝐵 +  𝐵̅𝐶 + 𝐵̅𝐶̅) 
apply the distributive law on the terms (𝐵 +  𝐵̅𝐶)  =  𝐵 +  𝐶 as follows: 
𝐴(𝐵 +   𝐶 + 𝐵̅𝐶̅) 
apply the distributive law on the terms (𝐵 +   𝐵̅𝐶̅)  =  𝐵 +  𝐶̅ as follows: 
𝐴(𝐵 +   𝐶 + 𝐶̅) 
apply the theorems relating to the OR Gate (𝐶 +   𝐶̅)  =  1 as follows: 
𝐴(𝐵 +   1) 
apply the theorems relating to the OR Gate (𝐵 +   1)  =  1 as follows: 
𝐴(1) 
apply the theorems relating to the AND Gate (𝐴 ⋅ 1)  =  𝐴 as follows: 
𝐴 
From the above examples, you can conclude that by carefully applying the Boolean rules 
and theorems, you can systematically simplify complex Boolean expressions, making 
them easier to implement in digital circuits and ensuring efficient design.  
 
Activity 4.1: Simplifying Complex Boolean Expressions 
Organise yourselves into groups of 3-5 for this activity. 
Sit and work in your groups to analyse at least one of the following scenarios and develop 
Boolean logic systems for automated decision -making. Follow the steps below to 
complete your design, formulation, and simplification for each system scenario 
provided. 
Scenario 1: Automated Home Control System 
In your Design a Boolean logic system to control a home’s alarm and lighting functions 
based on specific conditions: 
1. Alarm Control 
a. The alarm should activate if any of the doors (D1, D2) or windows (W1, 
W2) are open when the system is armed (A). 
2. Lighting Control 
a. The lights should turn on if it is dark outside (DarkSensor) and motion is 
detected inside the house (MotionSensor)."
Explain key concepts from Robotics (robotics.pdf) - Page 96,"Task Requirements: 
1. Boolean Expression Formulation 
a. Write the Boolean expression for the alarm system that meets the above 
conditions. 
b. Write the Boolean expression for the lighting system. 
2. Truth Table Creation 
a. Create a truth table for each Boolean expression. Include all possible 
combinations of inputs and their corresponding outputs. 
3. Simplification of Boolean Expressions 
a. Using Boolean algebra rules and theorems, simplify each Boolean 
expression as much as possible. 
Scenario 2: Digital Voting System for Robotics Competition 
Design a Boolean logic system to determine the winner in a robotics competition based 
on votes from three judges (J1, J2, J3). 
1. The system should declare a candidate the winner if at least two out of three 
judges vote in favour of the candidate. 
Task Requirements: 
1. Boolean Expression Formulation 
a. Write the Boolean expression that determines if a candidate wins based 
on the votes from the three judges. 
2. Truth Table Creation 
a. Create a truth table for the Boolean expression. Include all possible 
combinations of votes and the output that indicates a win or loss. 
3. Simplification of Boolean Expressions 
a. Simplify the Boolean expression using Boolean algebra rules and 
theorems. 
Documentation 
For each scenario, create a detailed report that includes: 
1. The initial Boolean expression 
2. The truth table for all input combinations 
3. The final simplified Boolean expression 
Group Presentation 
After completing your selected scenario(s), present your findings and explain each step 
of the Boolean logic process to the class. Discuss any challenges you encountered and 
explain how you resolved them."
Explain key concepts from Robotics (robotics.pdf) - Page 97,"ADVANCED DIGITAL SYSTEM OPTIMISATION WITH KARNAUGH MAPS 
In this lesson, you will begin by strengthening your understanding of two key forms for 
expressing Boolean expressions: The Sum -of-Products (SOP) and the Product -of-Sums 
(POS). Knowing these standard forms is essential because they serve as a foundation for 
simplifying Boolean expressions systematically, especially when using more advanced 
tools. SOP and POS forms allow for clear organisation of logic terms, making it easier to 
analyse, reduce, and eventually optimise digital circuits. 
With this foundation, you will then apply Karnaugh Maps (K -Maps), a visual method to 
simplify Boolean expressions even further. K -Maps are valuable for identifying and 
eliminating redundant steps in complex logic, which helps make digital circuits more 
efficient and cost-effective by minimising unnecessary components. Through hands -on 
practice, you will learn to group adjacent ones or zeros on the K -Map, reducing the 
number of logic gates required. This lesson will improve your problem -solving skills and 
prepare them to optimise digital systems effectively, building on your knowledge of 
Boolean Algebra and logic gates. 
STANDARD FORMS OF BOOLEAN EXPRESSIONS 
All Boolean expressions, regardless of their form, can be converted into either of two 
standard (or canonical) forms: 
1. the sum-of-products (SOP) form or 
2. the product-of-sums (POS) form 
Standardisation makes the evaluation, simplification, and implementation of Boolean 
expressions much more systematic and easier. 
The Sum-of-Products (SOP) Form 
In presenting a Logical expression in the SOP form, you must consider the various input 
combinations which have a functional output value of 1 or TRUE . The individual input 
variables are then ANDed (or multiplied), and finally, all the ANDed Combinations are 
ORed (or Summed), hence the name Sum-of-Products. 
Task Requirements: 
4. Boolean Expression Formulation 
b. Write the Boolean expression that determines if a candidate wins based 
on the votes from the three judges. 
5. Truth Table Creation 
b. Create a truth table for the Boolean expression. Include all possible 
combinations of votes and the output that indicates a win or loss. 
6. Simplification of Boolean Expressions 
b. Simplify the Boolean expression using Boolean algebra rules and 
theorems."
Explain key concepts from Robotics (robotics.pdf) - Page 98,"Documentation 
For each scenario, create a detailed report that includes: 
4. The initial Boolean expression 
5. The truth table for all input combinations 
6. The final simplified Boolean expression 
Group Presentation 
After completing your selected scenario(s), present your findings and explain each step 
of the Boolean logic process to the class. Discuss any challenges you encountered and 
explain how you resolved them. 
 
ADVANCED DIGITAL SYSTEM OPTIMISATION WITH KARNAUGH MAPS 
In this lesson, you will begin by strengthening your understanding of two key forms for 
expressing Boolean expressions: The Sum -of-Products (SOP) and the Product -of-Sums 
(POS). Knowing these standard forms is essential because they serve as a foundation for 
simplifying Boolean expressions systematically, especially when using more advanced 
tools. SOP and POS forms allow for clear organisation of logic terms, making it easier to 
analyse, reduce, and eventually optimise digital circuits. 
With this foundation, you will then apply Karnaugh Maps (K -Maps), a visual method to 
simplify Boolean expressions even further. K -Maps are valuable for identifying and 
eliminating redundant steps in complex logic, which helps make digital circuits more 
efficient and cost-effective by minimising unnecessary components. Through hands -on 
practice, you will learn to group adjacent ones or zeros on the K -Map, reducing the 
number of logic gates required. This lesson will improve your problem -solving skills and 
prepare them to optimise digital systems effectively, building on your knowledge of 
Boolean Algebra and logic gates. 
STANDARD FORMS OF BOOLEAN EXPRESSIONS 
All Boolean expressions, regardless of their form, can be converted into either of two 
standard (or canonical) forms: 
3. the sum-of-products (SOP) form or 
4. the product-of-sums (POS) form 
Standardisation makes the evaluation, simplification, and implementation of Boolean 
expressions much more systematic and easier. 
The Sum-of-Products (SOP) Form 
In presenting a Logical expression in the SOP form, you must consider the various input 
combinations which have a functional output value of 1 or TRUE . The individual input 
variables are then ANDed (or multiplied), and finally, all the ANDed Combinations are 
ORed (or Summed), hence the name Sum-of-Products."
Explain key concepts from Robotics (robotics.pdf) - Page 99,"Consider the truth table below having 3 inputs, A, B and C and an output function F: 
 
From the truth table, we realise that the output function F is True for the input 
combinations at Row3, Row5 and Row7. In generating the Standard SOP form, you must 
we express the input variable A: 
1. as when A is TRUE or 1 and 
2. as when A is FALSE or 0 
We would tFirstlyhen AND or find the product of the input variables where the output 
Function is True or 1. So, you we would have the following ANDed terms to consider: 
1. Row3: ABC 
2. Row5: ABC and 
3. Row7: ABC 
These terms would then be ORed (summed) together to give youus the 
Standard/Canonical SOP form, as seen in the expression below: 
F =ABC+ABC +ABC  
This expression can simply be represented or implemented using a combinational circuit 
using simple AND and OR gates known as an AND-OR logic. 
 
Here is Let us take another example. Consider the truth table below having 3 inputs, A, B 
and C and an output function F:"
Explain key concepts from Robotics (robotics.pdf) - Page 100,"From the truth table , we realise that the output function F is True for the input 
combinations at Row2, Row3, Row5, Row6 and Row7. Now w7. So, we would have the 
following AND the variablesed terms to produce the following termso consider: 
1. Row2: ABC 
2. Row3: ABC 
3. Row5: ABC 
4. Row6: ABC and 
5. Row7: ABC 
These terms would then be ORed (summed) together to give us the Standard/Canonical 
SOP form, as seen in the expression below: 
F =ABC+ABC+ABC+ABC+ABC  
The Product-of-Sums (POS) Form 
In presenting a Logical expression in the POS form, you should consider only   we are 
interested in the various input combinations which have a functional output value of 0 
or FALSE. The individual input variables are then ORed (or summed), and finally, all the 
ORed Combinations are ANDed (or multiplied/product), hence the name Product -of-
Sums. So, this is like the reverse of the standard SOP form. 
Consider the truth table below having 3 inputs, A, B and C and an output function F:"
Explain key concepts from Robotics (robotics.pdf) - Page 101,"From the truth table, you can seewe realise that the output function F is False for the 
input combinations at Row0, Row1 and Row4. In generating the Standard POS form, you 
we express the input variable A: 
1. as when A is FALSE or 0 and 
2. as when A is TRUE or 1 
You must We nowwould then OR  (or find the sum of) the input variables where the output 
Function is False or 0. So, you we would have the following ORed terms to consider: 
1. Row0: A+B+C 
2. Row1: A+B+C and 
3. Row4: A+B+C 
These terms would then be ANDed (multiplied) together to give youus the 
Standard/Canonical POS form, as seen in the expression below: 
F = (A+B+C)(A+B+C)(A+B+C) 
Implementing a POS expression using a combinational logic circuit simply requires 
ANDing the outputs of two or more OR gates. A summed term is produced by an OR 
operation, and the product (multiplication) of two or more sums terms is produced by an 
AND operation. Therefore, a POS expression can be implemented by OR-AND logic  
Here is Let us take another example to find the Product of Sums. Consider the truth table 
below having 3 inputs, A, B and C and an output function F:"
Explain key concepts from Robotics (robotics.pdf) - Page 102,"From the truth table, you can seewe realise that the output function F is False for the 
input combinations at Row0, Row1, Row2, Row4 and Row6. NowWe would then OR (or 
find the sum of) the input variables where the output Function is False or 0. This gives 0. 
So, we would have the following ORed terms to consider: 
1. Row0: A+B+C 
2. Row1: A+B+C 
3. Row2: A+B+C 
4. Row4: A+B+C and 
5. Row6: A+B+C 
These terms would then be ANDed (multiplied) together to give youus the 
Standard/Canonical POS form, as seen in the expression below: 
F = (A+B+C)(A+B+C)(A+B+C)(A+B+C)(A+B+C) 
Note that the Standard/Canonical SOP can be used to generate the 
Standard/Canonical POS form by simply complementing it and applying DeMorgan’s 
Theorem.  
Having understood these standard forms, you we can progress to apply this knowledge 
in minimising Boolean expressions using K-Maps. 
THE KARNAUGH MAP (K-Map) 
A Karnaugh map offers a structured approach for simplifying Boolean expressions , 
serving as a visual tool that, when used correctly, yields the simplest Sum -of-Products 
(SOP) or Product -of-Sums (POS) expression —known as the minimum expression. 
Previously, you learnedwe saw that simplifying Boolean expressions relied heavily on 
understanding and accurately applying Boolean theorems. In contrast, the Karnaugh"
Explain key concepts from Robotics (robotics.pdf) - Page 103,"map acts as a “cookbook” method, allowing for straightforward simplification without 
needing to manually apply each theorem. 
A Karnaugh map is similar to a truth table  in that it shows all possible values of input 
variables and the resulting output for each. However, instead of using columns and rows 
like a truth table, a Karnaugh map is organised into an array of cells, where each cell 
represents a binary combination o f input variables. The cells are arranged so that 
simplifying an expression becomes a straightforward process of grouping adjacent cells. 
Although Karnaugh maps can handle expressions with two, three, four, or even five 
variables, you we will focus on 3 -variable and 4 -variable cases  to illustrate the key 
principles. 
The number of cells in a Karnaugh map, as well as the number of rows in a truth 
table, is equal to the total number of possible input variable combinations (output). 
So, for three variables, the number of cells is 23 = 8. For four variables, the number of 
cells is 24 = 16. 
The 3-Variable Karnaugh Map 
The 3-variable Karnaugh map is an array of eight cells, as shown in Figure 4.8(a). In this 
case, A, B, and C are used for the variables although other letters could be used. Binary 
values of A and B are downalong the left side (notice the sequence) and the  values of C 
are across the top. The value of a given cell is the binary values of A and B at the left in the 
same row combined with the value of C at the top in the same column. For example, the 
cell in the upper left corner has a binary value of 000 and the cell in the lower right corner 
has a binary value of 101. Figure4.8(b) shows the standard product terms that are 
represented by each cell in the Karnaugh map 
 
Figure. 4.8: A 3-variable Karnaugh map showing Boolean product terms for each cell"
Explain key concepts from Robotics (robotics.pdf) - Page 104,"The 4-Variable Karnaugh Map 
The 4-variable Karnaugh map is an array of sixteen cells, as shown in Figure 4.9(a). Binary 
values of A and B are downalong the left side, and the values of C and D are across the 
top. The value of a given cell is the binary values of A and B at the left i n the same row 
combined with the binary values of C and D at the top in the same column. For example, 
the cell in the upper right corner has a binary value of 001,0  and the cell in the lower 
right corner has a binary value of 1010. Figure4.9(b) shows the standard product terms 
that are represented by each cell in the 4-variable Karnaugh map. 
 
Figure. 4.9: A 4-variable Karnaugh map showing Boolean product terms for each cell 
Cell Adjacency 
The cells in a Karnaugh map are arranged so that there is only a single -variable change 
between adjacent cells. In a 3 -variable map, the 010 cell is adjacent to the 000 cell, the 
011 cell, and the 110 cell. The 010 cell is not adjacent to the 001 cell, the  111 cell, the 
100 cell, or the 101 cell.The cells in a Karnaugh map are arranged so that there is only a 
single-variable change between adjacent cells.  Adjacency is defined by a single -
variable change. In the 3-variable map the 010 cell is adjacent to the 000 cell, the Oil cell, 
and the 110 cell. The 010 cell is not adjacent to the 001 cell, the 111 cell, the 100 cell, or 
the 101 cell. 
 
Physically, each cell is adjacent to the cells that are immediately next to it on any of its 
four sides. A cell is not adjacent to the cells that diagonally touch any of its corners. 
Also, the cells in the top row are adjacent to the corresponding cells in the bottom row 
and the cells in the outer left column are adjacent to the corresponding cells in the outer 
right column. This is called “wrap-around” adjacency because you can think of the map 
as wrapping around from top to bottom to form a cylinder or fr om left to right to form a"
Explain key concepts from Robotics (robotics.pdf) - Page 105,"cylinder. Figure4.10 illustrates the cell adjacencies with a 4 -variable map, although the 
same rules for adjacency apply to Karnaugh maps with any number of cells. 
 
Figure. 4.10: Adjacent cells on a Karnaugh map (arrows point between adjacent cells) 
Karnaugh Map SOP Minimisation 
As stated in the last section, the Karnaugh map is used for simplifying Boolean 
expressions to their minimum form. A minimised SOP expression contains the fewest 
possible terms with the fewest possible variables per term. Generally, a minimum SOP 
expression can be implemented with fewer logic gates than a stand ard expression. In 
this section, Karnaugh maps with up to four variables are covered. 
Mapping a Standard SOP Expression 
Consider three input variables A, B and C. 
These produce an SOP expression: 
ABC + ABC + ABC+ ABC 
Now determine the binary, or equivalent value, of each product term in the 
expression.  For example, ABC  would be 000, ABC, 001, and so on. 
Construct a three variable Karnaugh map. 
For an SOP expression in standard form, a 1 is placed on the Karnaugh map for each 
product term in the expression, . Each 1 is placed in a cell corresponding to the BINARY 
value of a product term. In thisFor example, for the product term AB C, a 1 goes in the 
11001 cell on figure 4.11, a a 3-variable map."
Explain key concepts from Robotics (robotics.pdf) - Page 106,"When an SOP expression is completely mapped, there will be a number of Is on the 
Karnaugh map equal to the number of product terms in the standard SOP expression. No 
need to worry about theThe cells that do not have a 1 because they are the cells for which 
the value of the product term expression is 0. Usually, when working with SOP 
expressions, the 0s are left off the map.  
The following steps and the illustration in Figure4.11 shows the mapping process for the 
all the product terms in the SOP expression:. 
 
 
• Step 1 : Determine the binary value of each product term in the standard SOP 
expression. After some practice, you can usually do the evaluation of terms 
mentally. 
• Step 2: As each product term is evaluated, place a 1 on the Karnaugh map in the 
cell having the same value as the product term. 
 
Figure. 4.11: Example of mapping a standard SOP expression on a K-Map 
Here is Let’s consider another example: 
Example: 
Map the following standard SOP expression on a Karnaugh map: 
ABC+ABC+ABC+ABC 
Solution: 
Evaluate the expression as shown below. Place a 1 on the 3 -variable Karnaugh map as 
illustrated in Figure10.5 for each standard product term in the expression."
Explain key concepts from Robotics (robotics.pdf) - Page 107,"ABC+ABC+ABC+ABC 
0 0 1     0 1 0    1 1 0     1 1 1 
 
Figure. 10.5: Example of mapping a standard SOP expression on a K-Map 
Example: 
Map the following standard SOP expression on a four variable Karnaugh map: 
 
Solution: 
Evaluate the expression as shown below. Place a 1 on the 4-variable Karnaugh map as 
illustrated in Figure10.6 for each standard product term in the expression."
Explain key concepts from Robotics (robotics.pdf) - Page 108,"Figure. 4.12: Example of mapping a standard SOP expression on a K-Map 
A Boolean expression must first be in standard form before you use a Karnaugh map. If 
an expression is not in standard form, then it must be converted to standard form by the 
procedure used to convert a minimal SOP expression into a standard SOP form or by 
numerical expansion. Since an expression should be evaluated before mapping anyway, 
numerical expansion is probably the most efficient approach. 
Recall that a nonstandard product term has one or more missing variables. For example, 
assume that one of the product terms in a certain 3 -variable SOP expression is AB. This 
term can be expanded numerically to standard form as follows. 
1. First, write the binary value of the two variables and attach a 0 for the missing 
variable C: 100. 
2. Next, write the binary value of the two variables and attach a 1 for the missing 
variable C: 101. 
3. The two resulting binary numbers are the values of the standard SOP terms ABC 
and ABC 
 
As another example, assume that one of the product terms in a 3 -variable expression is 
B (remember that a single variable counts as a product term in an SOP expression). This 
term can be expanded numerically to standard form as follows:  
• Write the binary value of the variable; then attach all possible values for the 
missing variables A and C as shown in Figure4.14"
Explain key concepts from Robotics (robotics.pdf) - Page 109,"Figure4.13: Numerical Expansion of B in a 3-variable expression 
• The four resulting binary numbers are the values of the standard SOP terms , ,  and  
Karnaugh Map Simplification of SOP Expressions (minterms) 
The process that results in an expression containing the fewest possible terms with 
the  fewest possible variables is called minimiszation. After an SOP expression has been 
mapped, a minimum/minimal SOP expression is obtained by grouping the 1Is and 
determining the minimum SOP expression from the map. 
Grouping the 1s 
You can group 1s on the Karnaugh map according to the following rules by enclosing 
those adjacent cells containing Is. The goal is to maximise the size of the groups and to 
minimise the number of groups. 
1. A group must contain either 1, 2, 4, 8, or 16 cells, which are all powers of two. In 
the case of a 3-variable map, 23 = 8 cells is the maximum group. 
2. Each cell in a group must be adjacent to one or more cells in that same group, but 
all cells in the group do not have to be adjacent to each other. 
3. Always include the largest possible number of Is in a group in accordance with 
rule 1. 
4. Each 1 on the map must be included in at least one group. The 1Is already in a 
group can be included in another group as long as the overlapping groups include 
noncommon Is. 
For example, by following the rules above, the 1Is in each of the Karnaugh maps in 
Figure4.1410.8 below are grouped as illustrated in Figure4.154."
Explain key concepts from Robotics (robotics.pdf) - Page 110,"Figure. 4.14:  Is in various K-Maps 
 
 
Figureg. 4.15: Grouped 1s in various K-Maps showing Adjacency 
 
Determining the Minimum SOP Expression from the K-Map 
When all the 1s representing the standard product terms in an expression are properly 
mapped and grouped, the process of determining the resulting minimum SOP expression 
begins. The following rules are applied to find the minimum product terms and the 
minimum SOP expression: 
1. Group the cells that have 1s. Each group of cells containing 1Is creates one 
product term composed of all variables that occur in only one form (either 
uncomplemented or complemented) within the group. Variables that occur both 
uncomplemented and complemented within the group are eliminated. These are 
called contradictory variables. 
2. Determine the minimum product term for each group. 
a. For a 3-variable map: 
i. A 1-cell group yields a 3-variable product term 
ii.A 2-cell group yields a 2-variable product term 
iii.A 4-cell group yields a 1-variable term 
iv.An 8-cell group yields a value of 1 for the expression 
a. For a 4-variable map: 
i.A 1-cell group yields a 4-variable product term"
Explain key concepts from Robotics (robotics.pdf) - Page 111,"ii.A 2-cell group yields a 3-variable product term 
iii.A 4-cell group yields a 2-variable product term 
iv.An 8-cell group yields a 1-variable term 
v.A 16-cell group yields a value of 1 for the expression 
1. When all the minimum product terms are derived from the Karnaugh map, they 
are summed to form the minimum SOP expression. 
For example, for the K -Map in Figure4.16, by following the rules above, the resulting 
minimum SOP expression is B+AC+ACD 
 
Figure. 4.16: Grouped Is in a K-Map showing Adjacency and product terms 
Consider the K-Maps depicted in Figure4.17: 
 
Figure. 4.17: Grouped Is in various K-Maps showing Adjacency and product terms"
Explain key concepts from Robotics (robotics.pdf) - Page 112,"The resulting minimum SOP expressions are: 
 
Mapping Directly from a Truth Table 
Remember that earlier youon we represented each combinational logic circuit 
function with a truth table. After generating the truth table from a logic diagram, you can 
determine the minimal SOP form by drawing a Karnaugh map and placing 1l’s in the map 
for input combination that resulted in a 1. 
An example of a Boolean expression and its truth table representation is shown in 
Figure4.18. Notice in the truth table that the output X is 1 for four different input variable 
combinations. The 1Is in the output column of the truth table are mapped directly onto a 
Karnaugh map into the cells corresponding to the values of the associated input variable 
combinations, as shown in Figure4.18. In the figure you can see that the Boolean 
expression, the truth table, and the Karnaugh map are simply different ways to represent 
a logic function."
Explain key concepts from Robotics (robotics.pdf) - Page 113,"Figure. 4.18: Example of mapping directly from a truth table to a Karnaugh map. 
 
“Don’t Care” Conditions 
Sometimes a situation arises in which some input variable combinations are not 
allowed; in order words youwe don’t care what these input variable combinations would 
result in. That is, for these “don’t care” terms either a 1 or a 0 may be assigned to the 
output; it really does not matter since they will never occur. 
The “don’t care” terms can be used to advantage on the Karnaugh map. Figure4.19 
shows that for each “don’t care” term, an X is placed in the cell. When grouping the 1Is, 
the Xs can be treated as 1Is to make a larger grouping or as 0s if they cannot be used to 
advantage. The larger a group, the simpler the resulting term will be."
Explain key concepts from Robotics (robotics.pdf) - Page 114,"Figure. 4.19: Example of the use of “don’t care” conditions to simplify an expression. 
If the “don’t cares” are used as 1Is, the resulting expression for the function is A+BCD, 
as indicated in part (b). If the “don’t cares” are not used as 1s, the resulting expression is 
ABC+ABCD; so, you can see the advantage of using “don’t care” terms to get the 
simplest expression. 
Karnaugh Map POS Minimiszation 
In the last section, you studied the minimiszation of an SOP expression using a Karnaugh 
map. TIn this section will n, we focus on POS expressions. The approaches are much the 
same except that with POS expressions, 0s representing the standard sum terms ar e 
placed on the Karnaugh map instead of 1Is. The process is similar to that   for SOP 
expressions, so the section below only covers As a result of the similarity, we would only 
highlight the essential points. 
 
Mapping a Standard POS Expression 
For a POS expression in standard form, a 0 is placed on the Karnaugh map for each sum 
term in the expression. Each 0 is placed in a cell corresponding to the value of a sum 
term. For example, for the sum term A+B+C, a 0 goes in the 010 cell on a 3-variable map."
Explain key concepts from Robotics (robotics.pdf) - Page 115,"When a POS expression is completely mapped, there will be a number of 0s on the 
Karnaugh map equal to the number of sum terms in the standard POS expression. The 
cells that do not have a 0 are the cells for which the expression is 1. Usually, when 
working with POS expressions, the Is are left off. The following steps and the illustration 
in Figure4.20 show the mapping process. 
• Step 1 : Determine the binary value of each sum term in the standard POS 
expression. This is the binary value that makes the term equal to 0. 
• Step 2 : As each sum term is evaluated, place a 0 on the Karnaugh map in the 
corresponding cell 
 
Figure. 4.20: Example of mapping a standard POS expression. 
Karnaugh Map Simplification of POS Expressions 
The process for minimising a POS expression is basically the same as for an SOP 
expression except that you group 0s to produce minimum sum terms instead of grouping 
Is to produce minimum product terms. The rules for grouping the 0s are the same as 
those for grouping the 1Is that you learned earlier. 
Example: 
Use a Karnaugh map to minimise the following POS expression: 
 
Solution: 
The first term must be expanded into A+B+C+D and A+B+C+D  to get a standard 
POS  expression, which is then mapped; and the cells are grouped as shown in Fig 4.21. 
The sum term for each group is shown and the resulting minimum POS expression is"
Explain key concepts from Robotics (robotics.pdf) - Page 116,"Keep in mind that this minimum POS expression is equivalent to the original standard 
POS expression. 
 
Figure. 4.21: Example of mapping a standard POS expression on a K-Map and Grouping 
the 0’s 
Converting Between POS and SOP Using the Karnaugh Map 
When a POS expression is mapped, it can easily be converted to the equivalent SOP form 
directly from the Karnaugh map. Also, given a mapped SOP expression, an equivalent 
POS expression can be derived directly from the map. This provides a good way to 
compare both minimum forms of an expression to determine if one of them can be 
implemented with fewer gates than the other. 
For a POS expression, all the cells that do not contain 0s contain 1Is, from which the SOP 
expression is derived. Likewise, for an SOP expression, all the cells that do not contain 
1Is contain 0s, from which the POS expression is derived. 
Common Pitfalls and Best Practices for K-Maps"
Explain key concepts from Robotics (robotics.pdf) - Page 117,"1. Do not Ignore Small Groups: Even small groups of 1s (like pairs) can help simplify 
your Boolean expression. 
2. Mark Groups Clearly : Circle the groups you identify on the K -Map to keep track 
and avoid mistakes. 
3. Avoid Overlaps: Make sure the groups do not overlap unnecessarily, as this can 
lead to errors. 
4. Look for Better Groupings : Sometimes there is more than one way to group the 
1s. Choose the grouping that gives the simplest solution. 
Optimising Robot Control Systems: Practical Example 
At this point, you will examine awe will use a practical example to demonstrate how 
Karnaugh Maps (K -Maps) can be applied  to optimise the logic design of robot control 
systems. 
Real-world Scenario: Design a logic system to control a robot's movement. The robot 
has three sensors (A, B, C) that detect obstacles in front, left, and right, respectively. The 
robot should move forward (F) only if there are no obstacles in front and either no 
obstacle on the left or right. 
Solution 
Step 1: Understanding the Problem Statement: First you need to identify the specific 
problem or functionality that the digital circuit needs to solve or perform and translate 
the problem statement into a functional requirement.  
From the problem statement you we can derive the variables A, B and C which will 
determine forward movement. For forward movement (F), sensor A needs to sense no 
obstacles and(.) either no on sensor B or (+) C.  
Variables: 
a. A: Obstacle sensor (front) - 0 (no obstacle), 1 (obstacle) 
b. B: Obstacle sensor (left) - 0 (no obstacle), 1 (obstacle) 
c. C: Obstacle sensor (right) - 0 (no obstacle), 1 (obstacle) 
d. F: Forward movement output - 0 (stop), 1 (move forward) 
Step 2: Develop a truth table:  From the derived problem statement, develop a truth 
table. The truth table for this our scenario is:  
A B C F 
0 0 0 1 
0 0 1 1 
0 1 0 1"
Explain key concepts from Robotics (robotics.pdf) - Page 118,"0 1 1 1 
1 0 0 0 
1 0 1 0 
1 1 0 0 
1 1 1 0 
Step 3: Derive the Boolean Expression: Write the initial Boolean expression that 
represents the logic of the Truth Table. From the truth table in Figure10.13, you should be 
able we to can see that F = 1 only when there is no obstacle in front (A = 0) and either no 
obstacle on the left (B = 0) or right (C = 0). This translates to the Boolean 
expression:  F=ABC+ABC+ABC+ABC 
Step 4: Use K-Maps to Simplify Boolean Expressions: draw a K-map to further simplify 
the derived Boolean expression. The following K -map was derived from theour Boolean 
expression using the logical steps a to c: 
a. This K-Map will have 23 = 8 cells (3 variables). 
b. Assign A, B, and C to the axes (order does not affect the outcome). 
c. Mark 1s in the cells where the truth table indicates forward movement (F = 1). 
Here, the 1s will be concentrated in the top row (A = 0) and form a horizontal line across 
B and C (representing either B = 0 or C = 0). 
 
Figure. 4.22: Karnaugh map of derived Boolean expression 
Step 6: Derive the Simplified Expression: By Grouping the 1s and simplifying further, 
the following expression was derived: F=A"
Explain key concepts from Robotics (robotics.pdf) - Page 119,"Step 7: Design the Circuit Diagram: Based on the simplified expression F=A, create the 
optimised circuit diagram. The circuit will use a NOT gate to invert the input A, allowing 
the robot to move forward when there is no obstacle in front. 
By following these steps, youlearners can learn how to apply K-Maps to optimise the logic 
design of robot control systems, making them more efficient and effective. 
Benefits of K-Maps: 
Karnaugh Maps offer a visual and systematic approach to simplifying Boolean 
expressions, leading to an optimised circuit with fewer gates. This reduces hardware 
complexity, potentially improving the robot's performance and efficiency. 
 
Activity 4.2: Exploring Simple Boolean Expressions with K-Maps 
1. Simplify the expression AB+AB using a 2-variable K-Map. 
2. You can go about this task by following these steps: 
a. Create a truth table for the expression. 
b. Map the values onto a 2-variable K-Map. 
c. Group the adjacent 1s and write down the simplifiedy the expression. 
d. . Explain why this simplified circuit would not need a gate.Write the simplified 
expression and explain the steps you took. 
Activity 4.3: Solving a Real-World Problem 
SCritically analyse and select one of the following scenarios to develop truth tables and 
optimised circuit diagrams. 
Scenario 1: A robot has three sensors (S1, S2, S3). The output (O) is true if at least two 
sensors detect an obstacle. 
a. Formulate the truth table for this scenario. 
b. Convert the truth table into a Karnaugh Map. 
c. Group adjacent ones and simplify the Boolean expression. 
d. Design and draw the optimised circuit diagram based on the simplified 
expression. 
Scenario 2: A home security system has three sensors (S1, S2, S3) at entry points. The 
alarm (A) should trigger if any sensor detects a breach. 
a. Formulate the truth table for this scenario 
b. Convert the truth table into a Karnaugh Map. 
c. Group adjacent ones and simplify the Boolean expression. 
d. Design and draw the optimised circuit diagram based on the simplified 
expression. 
You can go about any of these task by following these guidelines:"
Explain key concepts from Robotics (robotics.pdf) - Page 120,"a. Formulate truth table: First identify the variables and the possible 
outputs and plot them onto a truth table 
b. Convert the truth table into a Karnaugh Map 
ii. Plot the truth table values onto a 3-variable K-Map. 
ii. Group adjacent 1s to simplify the Boolean expression. 
ii. Write down the simplified expression and explain how it represents the 
robot's forward movement. 
c. Draw the optimised circuit diagram based on the simplified expression using 
basic logic gates. 
c. Present your design to the class. Discuss challenges and how the K -Map 
helped simplify the system. 
c.  
 
 
f.  
BUILDING AND TESTING BASIC COMBINATIONAL CIRCUITS ON PRINTED CIRCUIT 
BOARDS 
What is a Printed Circuit Board (PCB)? 
Imagine a city. Roads connect different parts of the city, allowing people and vehicles to 
move around. Similarly, a printed circuit board (PCB) is like a city for electronic 
components. It's a flat board with copper tracks that connect different electroni c 
components, like transistors, resistors, and capacitors. 
 
Figure. 4.22: A Printed circuit board 
 
Why does electronics do we use PCBs?"
Explain key concepts from Robotics (robotics.pdf) - Page 121,"1. Organisation: PCBs keep all the electronic components in one place and 
organised. 
2. Reliability: They make sure that the connections between components are 
strong and reliable. 
3. Efficiency: PCBs help manufacturers us make smaller and more efficient 
electronic devices. 
4. Accuracy: Machines can make PCBs very precisely, reducing errors. 
Parts of a PCB: 
A PCB can have many layers of copper, like a layer cake. More layers mean more complex 
circuits, but they also make the PCB more expensive and harder to repair. The most 
common layers in a PCB are as follows. 
• Copper Layers: These are the electrical pathways, like roads on a city map. 
• Substrate: This is the base material of the PCB, similar to the ground beneath a 
city. 
• Solder Mask: This protects the copper tracks from damage, like a protective 
coating on a road. 
• Silkscreen: This layer has labels and markings, like street signs, to help people 
understand the PCB. 
 
Figure. 4.23: A 3-D schematic design of a multi-layer printed circuit board (PCB) board 
composed of four copper layers (two internal layers), five dielectric layers, and the top 
and bottom mask layer. 
Common Components mounted on a PCB: 
• Resistors: These are like traffic lights for electricity. They control the flow of 
electricity."
Explain key concepts from Robotics (robotics.pdf) - Page 122,"Figure. 4.23: Resistors on a PCB 
• Capacitors: These are like tiny batteries. They store and release electrical 
energy.  
 
Figure. 4.24: Capacitors on a PCB 
 
Transistors: These are like electronic switches. They control the flow of electricity."
Explain key concepts from Robotics (robotics.pdf) - Page 123,"Figure. 4.25: Transistors on a PCB 
 
Integrated Circuits (ICs): These are tiny chips that contain many transistors and other 
components. They do complex tasks, like processing information or amplifying signals.  
 
Figure. 4.26: An IC on a PCB 
 
Connectors: These are used to connect the PCB to other devices, like cables and 
wires."
Explain key concepts from Robotics (robotics.pdf) - Page 124,"Figure. 4.27: Connectors on a PCB 
 
 SOLDERING TECHNIQUES 
Soldering is a fundamental skill in electronics, involving the joining of electronic 
components using a heated soldering iron and molten solder. It's like welding, but on a 
much smaller scale. By mastering soldering techniques, you will be able to: 
1. Build Your Own Electronic Projects: From simple circuits to complex robots, 
soldering allows you to bring your ideas to life. 
2. Repair Electronic Devices: Extend the life of your gadgets by fixing broken parts. 
3. Customise Electronics: Modify existing devices to suit your needs. 
4. Understand How Electronics Work: Soldering gives you hands-on experience with 
the inner workings of electronic devices. 
Safety Measures to Observe when Soldering 
Before you begin practising soldering techniques, observe the following measures: 
1. Ventilation: Always work in a well -ventilated area to avoid breathing in harmful 
fumes. 
2. Eye Protection: Wear safety glasses to protect your eyes from hot solder splashes. 
3. Hot Iron: Be careful not to touch the hot tip of the soldering iron. 
4. Fire Hazard: Keep flammable materials away from your workspace. 
Tools used in Soldering 
The following tools will become helpful when soldering: 
Table 4.1: Soldering Tools 
NAME AND FUNCTION IMAGE"
Explain key concepts from Robotics (robotics.pdf) - Page 125,"Soldering Iron: This is used 
to melt the solder 
 
Solder: This is a metal alloy 
that melts and hardens to 
connect components. 
 
PCB: This is the board 
where you will solder 
components."
Explain key concepts from Robotics (robotics.pdf) - Page 126,"Components: These are the 
electronic parts, like 
resistors, capacitors, and 
ICs. 
 
Tweezers: These are used 
to hold small components.  
 
Solder Wick: This is used to 
remove excess solder. 
 
 
 
Proper Handling of Soldering Equipment: 
1. Use a soldering iron with an appropriate wattage (typically 15-30 watts for 
electronic work). 
2. Ensure the soldering iron tip is clean and well-tinned (covered with a thin layer of 
solder). 
3. Use a damp sponge or brass wire cleaner to wipe the tip periodically. 
4. Handle the soldering iron by its insulated grip to avoid burns or electric shock."
Explain key concepts from Robotics (robotics.pdf) - Page 127,"Figure. 4.28: Proper handling of soldering equipment 
 
Steps in Soldering 
Most soldering activities on A PCB will require following the steps below: 
1. Prepare the PCB: Make sure the holes in the PCB are clean. 
2. Insert Components: Place the components into the holes. 
3. Heat the Joint: Use the soldering iron to heat both the component lead and the 
PCB pad. 
4. Apply Solder: Touch the solder to the heated joint. 
5. Remove the Iron: Once the solder flows smoothly, remove the iron. 
6. Cool Down: Let the joint cool naturally. 
Mistakes to Avoid When Soldering  
The following are three common mistakes people make when soldering and how to avoid 
them. 
1. Cold Joint: This happens when the solder doesn't flow properly. To avoid it, make 
sure both the component and the PCB pad are hot enough. 
2. Solder Bridge:  This happens when solder connects two nearby points 
accidentally. To avoid this, always use less solder and be careful. 
Overheating: Too much heat can damage components. To prevent this, do not keep the 
iron on one spot for too long. 
Additional Materials: Watch the following videos for tutorials on how to solder on a 
PCB board: 
 
Description QR CODE"
Explain key concepts from Robotics (robotics.pdf) - Page 128,"Soldering Crash Course: Basic Techniques, 
Tips and Advice! 
 
HOW TO SOLDER! (Beginner's Guide) 
 
Building a circuit (Practical Example) 
Scan the QR codes below for videos on practical examples on how to build a circuit 
 
Resource QR Code 
How to Build a Circuit from a Circuit Diagram"
Explain key concepts from Robotics (robotics.pdf) - Page 129,"Design and Build a PCB - SMD LED Learn 
electronics engineering  
 
 
 
 
 
Testing and Troubleshooting 
How to Use a Multimeter and Other Tools to Check if a Circuit Works Properly 
1. Select the correct setting on the multimeter. 
Choose the mode for what you want to measure, such as voltage, continuity, or 
resistance. 
2. Check for voltage at important parts of the circuit. 
Measure the voltage at different points to make sure power is flowing to all the 
components. 
3. Test for good connections using the continuity mode. 
The multimeter can check if the wires and parts are properly connected or if 
there is a break in the circuit. 
4. Measure the resistance of resistors. 
Check the resistance of resistors to confirm they have the values written on 
them. 
5. Test diodes and transistors. 
Use the diode test mode to make sure diodes and transistors are working 
correctly."
Explain key concepts from Robotics (robotics.pdf) - Page 130,"Figure. 4.29: Using a Multimeter to test PCB components 
Other Testing Tools: 
a. Oscilloscope: Use to observe the signal waveforms at various points in the circuit. 
 
Figure. 4.30: Using an Oscilloscope to test PCB components 
 
 
b. Logic Analyser: Helpful for debugging digital circuits by capturing and 
displaying multiple signals."
Explain key concepts from Robotics (robotics.pdf) - Page 131,"Figure. 4.31: Logic Analyser Module 
 
Common Problems in PCB Assembly and How to Find Them 
1. Cold (or dry) Joints 
a. What it looks like: The circuit works sometimes or does not work at all. 
b. How to check: Look at solder joints carefully. If they look dull or cracked, they 
may need fixing. Reheat the solder to make a smooth and shiny joint. 
2. Bridging 
a. What it looks like: The circuit shows strange behaviorbehaviour, or some parts 
stop working because of short circuits. 
b. How to check: Look for extra solder connecting two pads that should not be 
joined. Use a desoldering tool to remove the extra solder. 
3. Wrong Component Placement 
a. What it looks like: The circuit does not work as planned. 
b. How to check: Compare how the components are placed with the circuit 
diagram (schematic). Make sure polarised components, like diodes or capacitors, are 
in the correct direction. 
4. Damaged Components 
a. What it looks like: Some parts of the circuit do not respond or behave 
incorrectly. 
b. How to check: Use a multimeter to test each component. Replace any 
component that does not give the correct reading. 
Practical Tips for Troubleshooting PCBs 
Step-by-Step Approach 
1. Start with a visual check. 
Look for obvious problems like solder bridges or components in the wrong place. 
2. Test the power supply. 
Check if the circuit is getting the correct amount of power."
Explain key concepts from Robotics (robotics.pdf) - Page 132,"3. Follow the schematic. 
Use the circuit diagram to trace the flow of signals and check each section step 
by step. 
4. Divide and test. 
Break the circuit into smaller sections and test each part separately to find 
where the problem is. 
Keep Good Records 
1. Write down your measurements and observations while troubleshooting. 
2. Compare your results with the expected values from the schematic or the 
datasheet of the components. 
Be Patient and Persistent 
1. Solving problems can take time. If you are stuck, take a break and come back 
with fresh eyes. 
2. Work with classmates or ask your teacher for help if needed. 
 
Why Precision is Important in PCB Assembly 
1. Ensures the Circuit Works Correctly 
a. Correct Component Placement: Placing components in the right spot and 
direction ensures the circuit performs as designed. Misplaced parts can cause failures 
or even damage components. 
b. Accurate Soldering: Proper soldering prevents problems like cold joints or 
solder bridges, ensuring reliable electrical connections. 
2. Reduces Errors and Saves Time 
a. Fewer Defects: Being careful during assembly reduces mistakes, saving time 
and effort on repairs. 
b. Consistent Quality: Precision leads to high-quality circuits that meet the 
required standards, whether for small projects or large-scale production. 
3. Improves Durability and Reliability 
a. Long-Lasting Circuits: Careful assembly ensures the circuit works well over 
time. 
b. Avoids Failures: Precision is especially important in critical applications, like 
medical devices or car electronics, where failures can be serious. 
Why PCB Skills Are Useful 
Professional Benefits 
1. Better Job Opportunities: Knowing how to assemble PCBs can lead to careers 
in electronics design, manufacturing, or repair. Industries like robotics and 
telecommunications need skilled workers. 
2. Advanced Roles: Mastering PCB skills can help you move into roles in project 
management, quality control, or research and development. 
3. Understanding Standards: Knowing industry rules for PCB assembly makes you 
more credible and increases job opportunities. 
Personal Benefits"
Explain key concepts from Robotics (robotics.pdf) - Page 133,"1. DIY Projects: With PCB skills, you can create your own electronic devices, from 
simple gadgets to complex systems, which encourages creativity. 
2. Problem-Solving Skills: Designing and fixing PCBs improves your ability to think 
critically and solve problems. 
3. Lifelong Learning: Working with PCBs helps you stay updated with new 
technologies, fostering continuous learning. 
 
Activity 4.4: Identifying and Understanding Electronic Components  
1. Watch a short video or presentation introducing components like resistors, 
capacitors, LEDs, diodes, and transistors. Take note of the symbols and 
functions of each component. 
2. Organise Your teacher will divide yourselves into groups of 3-5 and get give 
you a PCB to work with. This will be also used for following activities. 
3. In your small groups, examine your PCB or loose components. Use a magnifying 
glass (if available) to closely observe each part. Discuss the purpose of each 
component in the circuit. 
4. Each group will explain one or two components they identified, including their 
ratings and significance after the discussion. 
5. Independently research one specific component (e.g., resistor, diode) and 
prepare a short presentation. Explain the component’s role in circuits, its rating, 
and why it is important. 
6. Write a summary of 100 – 150 words of the components you explored, including 
their functions and key features. 
 
Activity 4.5: Measuring Component Ratings with a Multimeter  
1. Observe athe teacher’s demonstration on how to useing a multimeter to 
measure resistance, capacitance, and continuity or watch a video on same 
topic. Take notes on the steps and safety precautions. 
2. Work with a friend andIn pairs , use a multimeter to measure the values of 
various components like resistors and capacitors on the PCB provided at your 
station. Record your readings in a table and compare them with the standard 
values printed on the components. 
3. Use the multimeter to test faulty components you have access toprovided by 
your teacher. Identify and document the errors or inconsistencies. 
4. Share your findings with the class, explaining common issues you encountered 
and how you resolved them. 
5. Reflect on what you learned about using a multimeter and its importance in 
troubleshooting circuits. 
 
Activity 4.6: Soldering a Simple Circuit on a PCB 
1. Learn how to read a schematic diagram by watching a demonstration from a 
video or from your teacher. Pay attention to symbols, connections, and 
component placement. 
2. In your groups, plan your layout for a simple circuit, such as a buzzer operated 
by a switch. Sketch your layout and mark where each component will go. 
3. Follow your schematic and layout to solder the components onto the PCB. 
Ensure proper soldering techniques to avoid issues like cold joints or bridging."
Explain key concepts from Robotics (robotics.pdf) - Page 134,"4. Use a multimeter to test the soldered circuit. Check for continuity, correct 
voltage, and proper functionality. 
5. If the circuit does not work, identify and fix the problem using the multimeter. 
Present your circuit to peers for feedback on design and soldering quality. 
6. Demonstrate your working circuit to the class, explaining the purpose of each 
component and how the circuit works. 
7. Reflect on your experience, including challenges faced and what you learned 
about soldering and testing circuits. 
 
Extended Reading 
Resource QR Code to 
Accessing 
Resource 
Online tutorials for Boolean algebra with interactive examples 
https://www.youtube.com/watch?v=EPJf4owqwdA&list=PLTd6
ceoshprcTJdg5AI6i2D2gZR5r8_Aw  
 
Boolean Algebra 2 – Simplifying Complex Expressions:"
Explain key concepts from Robotics (robotics.pdf) - Page 135,"Digital Logic - Implementing a logic circuit from a Boolean 
expression.  
 
 
Review Questions 4.1 
1. Generate the truth table and the final output expression for the following 
combinational logic circuits. 
a."
Explain key concepts from Robotics (robotics.pdf) - Page 136,"b.  
2. Simplify the following Boolean expressions using applicable Boolean theorems 
and laws: 
a. (A+B+C) ( A+ B+C)(A+B+C) 
b. AB+ABC+ABC 
c. ABC+ABC+ABC+ABC 
 
Review Questions 4.2 
1. What is a Karnaugh Map (K-Map)?  
2. Explain the purpose of Karnaugh Map in digital system optimisation. 
3. Fill out the K-Map for the Boolean expression AB+AB. Circle the adjacent 1s and 
write the simplified Boolean expression. 
4. A robot with three sensors detects obstacles. The robot should move forward (F) 
only if there is no obstacle in front (S1 = 0) and at least one of the side sensors (S2, 
S3) detects no obstacles. 
a. Derive the Boolean expression for the forward movement output (F) based on 
the scenario. 
b. Simplify the expression using a K-Map and provide the optimised circuit design 
using logic gates. 
Review Questions 4.3 
1. What is the purpose of a resistor in an electronic circuit? 
2. Explain how to use a multimeter to check the rating of a resistor. What steps will you 
follow to ensure your measurement is accurate? 
3. Explain the steps involved in measuring the capacitance of a capacitor using a 
multimeter. 
4. After soldering a simple LED blinking circuit onto a PCB, you find it is not working. 
Explain how you would use a multimeter to identify and fix potential faults."
Explain key concepts from Robotics (robotics.pdf) - Page 137,"5. Why is it important to ensure precision when soldering components onto a PCB? 
Provide two examples of potential problems that could arise from poor soldering 
techniques and how they can be avoided. 
6. Create a detailed plan for converting a complex schematic diagram into a 
soldered circuit on a PCB. Include steps for layout planning, component 
placement, and soldering. Explain how you would test the circuit to ensure it 
functions correctly."
Explain key concepts from Robotics (robotics.pdf) - Page 138,"SECTION 5: TOOLS AND APPS FOR ROBOT DESIGN 2 
Robot Design Methodologies 
Tools & Apps for Robot Design  
 
 INTRODUCTION 
This section focuses on building a strong foundation in digital design and its practical 
application through 3D printing. You will begin by learning how to use computer-aided 
design (CAD) software to create precise three-dimensional models of robotic 
components. You will then use slicing software to convert these models into g-codes, 
which are instructions that a 3D printer can follow. By integrating digital design and 
fabrication, you will gain hands-on experience in transitioning from conceptualising 
robotic designs to creating tangible prototypes. Through these activities, you will not 
only understand the design-to-production process but also develop innovation and 
problem-solving skills essential for robotics development. By the end of this section, 
you will be equipped to design, print, and refine robotic parts, laying the groundwork for 
advanced design and engineering challenges. 
 
Key Ideas 
1. Computer-Aided Design (CAD): CAD software such as Tinkercad and Fusion 
360 enables the creation of precise 2D and 3D models for robotic components. 
It allows users to start with basic designs and progressively develop more 
advanced simulations and manufacturing-ready models. 
2. Parametric Modelling and Assemblies: Parametric modelling and assembly 
techniques allow you to adjust design details to make sure components fit 
together and work properly. These techniques also help improve designs by 
checking for overlaps (interference checks) and ensuring smooth movement 
through motion analysis. 
3. Digital-to-Physical Workflow: CAD models are turned into physical objects 
using slicing software and 3D printing methods like FDM and SLA. FDM is often 
chosen because it is safe, easy to use, and ideal for learning environments. 
4. Additive Manufacturing: Additive manufacturing, like 3D printing, creates 
objects layer by layer. By designing digital models and printing them with FDM 
printers, you can quickly make and test robotic parts. 
5. Material Selection for 3D Printing: Materials like PLA, ABS, and PETG are used 
for 3D printing. The choice depends on what the part needs to do, such as being 
strong, durable, or suitable for certain environments. 
6. 3D Printing Workflow: Making functional robotic parts involves several steps, 
starting with designing in CAD software, preparing the model with slicing 
software, and printing it with a 3D printer. This process helps bring digital 
designs to life. 
 
 
UNDERSTANDING COMPUTER-AIDED DESIGN (CAD) 
Computer-Aided Design (CAD) is an essential tool in modern robotics. In this section, 
you will learn how CAD works as a virtual workshop, helping you design robot parts. By 
understanding how CAD works, you will be able to turn your ideas for robots into 
detailed designs, which can later be used for building actual prototypes."
Explain key concepts from Robotics (robotics.pdf) - Page 139,"What is CAD? 
Computer-Aided Design (CAD) is a digital tool that helps people create, change, and 
improve designs. It has changed the way designs are made in many industries, 
including robotics. CAD software allows engineers and designers to move from 
traditional drawing methods (like using pencil and paper) to digital tools, making 
designs more accurate, efficient, and easier to share with others. 
Core Principles of CAD for Robotics 
Here are some of the main ideas that show how CAD helps designers create and 
improve robotic parts: 
1. 2D and 3D Modelling: CAD software allows you to create both 2D sketches (like 
blueprints) and 3D models of robot parts. This helps you see and understand 
your designs from different angles. 
2. Parametric Modelling: Some CAD systems allow you to create designs using 
parameters or numbers. This makes it easier to change designs quickly and test 
different ideas. 
3. Assemblies: CAD can combine different parts into one digital model, helping 
you check if the parts fit together, move correctly, or interfere with each other. 
For example, interference checks in CAD help make sure parts do not collide 
when assembled. Kinematic analysis looks at how the robot moves, like how its 
joints work and how fast it moves, without worrying about forces or motors. 
4. Drawing Creation: CAD can automatically create detailed engineering drawings 
from your 3D models. This ensures that the parts can be made accurately. 
5. Simulation and Analysis: Advanced CAD software can test designs virtually, 
simulating things like stress, movement, and other factors to make sure 
everything works before creating a physical model. 
2D vs. 3D in CAD 
A model is a simplified version of a real-world object or system. In CAD, there are two 
types of models: 2D and 3D. Understanding the difference between these two is 
important for using CAD tools effectively when designing. 
 
2D Model 3D Model 
Stands for Two-Dimensional Three-Dimensional 
Definition A flat representation of an 
object, defined by length and 
width. 
A representation of an object with 
length, width, and depth, providing 
a realistic view. 
Appearance Like a drawing on paper, lacking 
depth. 
Similar to a physical object, offering 
a complete visual representation. 
Use in CAD Primarily for creating blueprints, 
schematics, and technical 
drawings. Useful for initial 
Essential for creating detailed 
models of complex objects like 
robotic parts. Allows for analysis,"
Explain key concepts from Robotics (robotics.pdf) - Page 140,"design concepts and 
documentation. 
simulation, and visualisation from 
multiple angles. 
Examples Floor plans, electrical circuit 
diagrams, orthographic 
projections. 
Solid models of robot arms, gears, 
and enclosures. 
It is quite difficult to show the clear differences of 2D and 3D models on a plain sheet of 
paper, hence the following video resource below has been provided. 
Resource QR Code 
What is 1D, 2D and 3D? 
https://www.youtube.com/watch?v=0TUmVaga95
o  
 
CAD in the Robotics Workflow 
The use of Computer -Aided Design (CAD) is a key part of the robotics development 
process. CAD helps turn ideas into real designs that can be made into actual robot parts. 
Here is how CAD fits into the overall robotics workflow: 
1. Conceptual Design 
CAD helps quickly turn rough ideas into visual designs. You can create quick sketches or 
simple models that help you see how your robot or robot parts might look and function. 
This step helps you decide which direction to take with your design. 
2. Detailed Design 
Once you have a basic concept, you use CAD to create precise 3D models of the parts. 
This means adding details like size, shape, and how each part fits together, which is 
crucial for the actual building of the robot. 
 
3. Digital Prototyping 
With CAD, you can test your design without actually building it. You can virtually check if 
parts fit together, move as expected, and identify potential problems before spending 
time and resources on physical prototypes."
Explain key concepts from Robotics (robotics.pdf) - Page 141,"4. Manufacturing Integration 
After finalising the design, CAD software helps you generate the data needed to make the 
parts. This might include creating instructions (like G-code) for machines to use, helping 
ensure that the manufacturing process is smooth and efficient. 
Popular CAD Software for Robotics 
Different CAD software programs are available for different needs. Below are some 
common options: 
1. Tinkercad: A beginner-friendly, cloud-based tool that is great for those just 
starting with CAD, often used in schools and for simple designs. 
2. SolidWorks: A powerful tool used by professionals for designing complex 
mechanical parts. It is widely used in robotics for its detailed and precise 
designs. 
3. Fusion 360: A versatile tool that combines CAD (for design), CAM (for 
manufacturing), and CAE (for engineering analysis). It is great for robotics 
because it covers the entire design-to-manufacture process. 
4. Autodesk Inventor: A CAD program focused on product design and 
manufacturing. It is used for detailed, industrial-level designs. 
5. FreeCAD: A free, open-source CAD tool with a lot of features, useful for those 
who want a customiszable, no-cost solution. 
In robotics, CAD is used for creating models, while Computer-Aided Manufacturing 
(CAM) takes those models and turns them into instructions for machines like 3D printers 
or CNC machines. Computer-Aided Engineering (CAE) helps test and optimise designs 
by simulating how they’ll behave in real life. 
Freehand Sketch 
While CAD software is powerful for precise designs, starting with a freehand sketch can 
be a helpful part of the design process. Before jumping into CAD, it is good to sketch 
ideas on paper. This helps you quickly visualise your concept and make changes easily. 
Sketching can be a great way to brainstorm with your team, get feedback, and refine 
ideas. Though CAD provides accuracy, freehand drawing often sparks creativity and can 
help in coming up with innovative ideas that you might not think of otherwise. In robotics, 
the initial sketching phase is an important part of thinking through the design and refining 
it before going digital."
Explain key concepts from Robotics (robotics.pdf) - Page 142,"Figure13.1: Freehand sketches of robots (source) 
The following resource may be helpful in developing this skill of freehand sketch. 
Resource QR Code 
Marklin's Freehand Sketching for Engineers Playlist 
https://www.youtube.com/playlist?list=PLbgj-
zgqid54GYCrOXtzHYzOF3to1A2M_  
 
Getting Started with CAD in Robotics 
Choosing the right CAD software can feel overwhelming because there are so many 
options. For beginners, Tinkercad is an excellent starting point. It has a simple, user -
friendly interface, making it easy to learn and use. However, because Tinkercad is cloud-
based, it might be difficult to access in areas with unreliable internet connections. 
In such cases, Fusion 360 is a good alternative. It is more advanced than Tinkercad but 
includes offline capabilities, making it more flexible for students in areas without 
consistent internet. Fusion 360 is also a versatile tool, as it combines design, 
manufacturing, and analysis features, which are useful for robotics projects. 
Mastering either software takes time and practice. To help you get started, step -by-step 
tutorials for both Tinkercad and Fusion 360 are included in the resources below. These 
tutorials are designed to guide you through the basic tools and functions, ensur ing a 
smooth learning experience."
Explain key concepts from Robotics (robotics.pdf) - Page 143,"Tinkercad Tutorial Resources: 
Resource QR Code 
TinkerCAD - Tutorial for Beginners in 10 MINS! [ FULL 
GUIDE 2024 ] 
https://www.youtube.com/watch?v=QIn9c5TjrKk    
 
Tinkercad Tutorial - Complete Guide 
https://www.youtube.com/playlist?list=PL90LC6zq_Lzf
9tHyFPzX_9OA35BFTfEBs"
Explain key concepts from Robotics (robotics.pdf) - Page 144,"[1DAY_1CAD] EOD ROBOT (Tinkercad : Know-how / 
Style / Education) 
https://www.youtube.com/watch?v=Qi0lpcgP87c  
 
[1DAY_1CAD] ROBOT DOG SPOT (Tinkercad : Know-
how / Style / Education) 
https://www.youtube.com/watch?v=kjLXoR1G3cY  
 
Fusion 360 Tutorial Resources: 
Resource QR Code"
Explain key concepts from Robotics (robotics.pdf) - Page 145,"1 - Download and Install - Fusion 360 for 
Beginners 
https://www.youtube.com/watch?v=XXEei95r
mbI    
 
Learn Autodesk Fusion 360 in 30 Days for 
Complete Beginners! 2023 EDITION 
https://www.youtube.com/playlist?list=PLrZ2z
KOtC_-C4rWfapgngoe9o2-ng8ZBr  
 
Activity 5.1: Understanding CAD and Its Importance in Robotics 
1. Organise yourselves into Your teacher will put you into groups of 3-5 for this 
activity. 
2. Participate in a brainstorming session based on the prompts: “How do you think 
robots are designed and built? What steps do you think engineers and designers 
take to bring a robot from an idea to a physical machine?”. Share your ideas 
about how robots are designed and built. Use the statement starter: “I think 
robots are designed by…”. 
3. Follow-Up: Watch a short video on how CAD is used to design robotic 
components. After watching, write down at least three benefits of using CAD in 
robotics. 
Activity 5.2: Exploring 2D and 3D Models 
1. In your assigned groups, examine the images in Figure5.2 below and discuss the 
differences between 2D and 3D models.  Record your observations in a table 
comparing the two."
Explain key concepts from Robotics (robotics.pdf) - Page 146,"Fig 5.2: 2D and 3D Models of Robotic Arms 
2. Identify how each of these models is used in design. 
Activity 5.3: Freehand Sketching for Concept Development 
1. Sketch a simple design for a robotic component, such as a wheel or a gripper (or 
any other robotic component), on paper. Focus on capturing the basic shape 
and dimensions. 
2. Pair up with a classmate and exchange sketches. Provide feedback on how the 
sketches could be improved for clarity or accuracy. 
Activity 5.4: Getting Hands-On with CAD Software 
1. Exploring Basic CAD Features 
a. Pair with another person in your group and use Tinkercad (or another CAD 
platform) to create and manipulate basic 2D shapes, such as squares and circles. 
Combine these shapes to form a simple robot base. 
b. Share your completed 2D model with your group and explain the steps you used 
to create it. 
2. Building 3D Models 
a. Extend your skills to build a simple 3D model, such as a cube or cylinder. 
Experiment with resizing, rotating, and combining shapes to create robotic 
components. 
b. Save screenshots of your designs at different stages to document your process. 
Activity 5.5: Modelling a Robotic Component or Assembly 
1. In your assigned groups, using your CAD software, model a simple robotic 
component of your choice, such as a gripper, wheel, or robot base. Alternatively, 
create a basic assembly like a robot arm or a line-following robot. 
2. Write a 100-150-word short description of your design choices and challenges 
you faced. Prepare to present your model to the class or set it up in a design 
gallery for peer feedback."
Explain key concepts from Robotics (robotics.pdf) - Page 147,"3. Present your completed model to the class. Explain the steps you followed, the 
tools you used, and the decisions you made during the design process. Highlight 
any difficulties and how you overcame them. 
4. Provide feedback to your peers by exploring their designs and noting what you 
learned from their approaches. 
 
EXPLORING 3D PRINTING IN ROBOTICS 
After learning how to create digital designs using CAD tools, you are ready to take the 
next step: turning those virtual designs into real objects using 3D printing. This exciting 
technology allows you us to create physical items from your digital designs, bridging the 
gap between what youwe imagine on a computer and what you we can hold in your 
hands. Over the next section, you will learn how to use tools like slicing software to turn 
a CAD model of a robot part into the instructions (called G-codes) needed for a 3D 
printer. Then, you will get to print your design and bring it to life. 
Why is 3D Printing Important? 
3D printing is changing how manufacturerswe create and build things. It has become a 
key tool in many industries and is especially valuable in robotics. Here is why it is 
important: 
1. Rapid Prototyping: You can quickly create and test mechanical parts, speeding 
up the design process. 
2. Hands-On Learning: It helps you understand how designs work in real life. 
3. Encourages Creativity: You can experiment with different ideas and see how 
they turn out. 
By turning your digital designs into real objects, 3D printing makes learning about 
robotics more fun and practical. 
Understanding Manufacturing Processes 
To make any product, raw materials need to go through a manufacturing process. These 
processes are ways of turning materials into finished items. There are three main types: 
1. Subtractive Manufacturing: Material is removed to shape an object. E.g. 
Carving a chair out of a block of wood. 
2. Formative Manufacturing: Materials are shaped without removing anything. 
E.g. Making pots from clay or casting metal parts like wheels. 
3. Additive Manufacturing (3D Printing): Objects are built layer by layer by adding 
material. E.g. Using a 3D printer to create a robot part. 
Before 3D printing, most manufacturing used subtractive or formative methods. 
Additive manufacturing is now popular because it is flexible, less wasteful, and ideal for 
creating complex shapes. 
What is a 3D Printer? 
A 3D printer is a machine that turns digital designs into physical objects. It works by using 
the additive manufacturing method, where material (like plastic) is added layer by layer 
until the object is complete. Think of it like stacking sheets of paper to form a 3D shape."
Explain key concepts from Robotics (robotics.pdf) - Page 148,"Why is 3D Printing Special? 
1. Design Freedom: You can create shapes that are difficult or impossible to make 
with other methods. 
2. Less Waste: It uses only the material needed for the object, which reduces 
waste. 
3. Quick Results: You can rapidly turn ideas into real prototypes, making it perfect 
for robotics. 
3D Printing in Real Life 
3D printing is used in many fields, including: 
1. Manufacturing: To make tools and parts. 
2. Healthcare: For custom prosthetics (artificial limbs) and implants (hip 
implants). 
3. Art and Design: For creating sculptures and models. 
In this lesson, you will learn the basics of 3D printing, explore its practical uses, and print 
a part you have designed, helping you understand the journey from concept to creation. 
Resource  QR Code 
What is 3D printing? 
https://www.youtube.com/watch?v=bcTzyx35od
Y   
 
What Is 3D Printing and How Does It Work? | 
Mashable Explains 
https://www.youtube.com/watch?v=Vx0Z6Lpla
MU"
Explain key concepts from Robotics (robotics.pdf) - Page 149,"Types of 3D Printers 
There are different kinds of 3D printers, each using a unique method to create objects. 
Below is the explanation of the two most common types of 3D printers: 
1. Fused Deposition Modelling (FDM) 
a. How it works: FDM printers use a heated nozzle to melt a plastic filament, which 
is then squeezed out in thin layers to build up the shape of the object. 
b. Why it is popular: FDM is the most widely known and used type of 3D printer. It 
is easy to use, affordable, and can print with a variety of materials like plastic. 
c. Example: You can think of it like a hot glue gun that builds up layers of plastic to 
create a model. 
2. Resin 3D Printing (SLA) 
a. How it works: SLA printers use a special liquid resin. A laser shines into the 
liquid resin, hardening the material layer by layer to form an object. 
b. Why it is great for details: Resin 3D printers are perfect for making highly 
detailed parts because the laser can create fine details that other printers might not be 
able to. 
c. Example: Imagine a laser painting each layer of your design on the surface of the 
liquid, creating a solid object step by step. 
Resource  QR Code 
The 10 Main Types of 3D Printer Explained 
https://www.3dsourced.com/3d-printers/main-
types-of-3d-printer-explained/  
 
FDM vs. Resin Printing 
FDM and Resin printing are two different types of 3D printing technologies. Below are the 
main differences between them: 
FDM Printing Resin Printing 
How it works: FDM uses a spool of 
plastic filament, which melts and is laid 
down layer by layer to create the object. 
How it works: Resin printing uses a vat of 
liquid resin, which is hardened by UV 
light, one layer at a time."
Explain key concepts from Robotics (robotics.pdf) - Page 150,"Popularity: FDM printers are more 
common and are used by most people. 
Popularity: Resin printers are less 
common than FDM printers 
Resolution: FDM printers produce 
objects with lower detail and rougher 
surfaces. This means they’re not ideal for 
printing very small models.  
Resolution: Resin printers create objects 
with higher detail and smoother surfaces. 
This makes them great for small or 
intricate models. 
Safety: FDM printers do not use harmful 
materials, so they do not require special 
cleaning after printing. 
Safety: Resin printers use chemicals that 
can be toxic, so they need extra steps to 
clean and cure the print. They are not as 
safe for children. 
Colour: Some FDM printers can print in 
multiple colours during one print. 
multiple colours within one print. 
Colour: Resin printers generally can not 
print in multiple colours in one print. 
 
Resource  QR Code 
DM vs Resin 3D Printing - Which is Better? 
https://www.youtube.com/watch?v=gSvjzGnAo
sI  
 
Resin-based 3D printers are great for producing detailed prints, but the liquid resins they 
use can be harmful. Because of this, they require special safety equipment. This 
discussion focuses on FDM (Fused Deposition Modelling) printers, which are safer and 
use solid plastic filaments. 
Parts of an FDM (Fused Deposition Modelling) 3D Printer 
An FDM (Fused Deposition Modelling) 3D printer has several important parts that work 
together to create 3D objects. Here are the main components: 
1. Hotend: This part contains the nozzle and heating element. It is responsible for 
melting the plastic filament so it can be laid down in layers. 
2. Extruder: The extruder pushes the melted filament into the hotend. It has a 
motor and gears that control the speed at which the filament is fed."
Explain key concepts from Robotics (robotics.pdf) - Page 151,"3. Build Plate: This is the flat surface where the 3D object is printed. It provides a 
stable base for the melted filament to cool and harden. 
4. Motion System: This system uses motors to move the print head in different 
directions (left-right, forward-backward, up-down). This movement helps create 
the shape of the object. 
5. Controller Board: Think of this as the ""brain"" of the printer. It reads the 
instructions (called G-code) and tells the printer’s parts what to do. It also 
controls the temperature and power. 
6. Power Supply: This part gives the printer the electrical energy it needs to work. 
7. Spool Holder: The spool holder keeps the roll of filament in place as it feeds into 
the printer. 
Fig 5.3: The parts of an FDM 3D Printer (source) 
 
Resource  QR Code 
How 3D Printing Works 
https://www.3dmakerengineering.com/blogs/3
d-printing/how-3d-printing-works  
 
Filament Materials for FDM (Fused Deposition Modelling) 3D Printing 
FDM (Fused Deposition Modelling) 3D printers use different types of plastic filaments to 
create 3D objects. These filaments are heated, melted, and then laid down layer by layer 
to form the shape. There are several types of filament, and each one has its own features 
and uses. 
1. Polylactic Acid (PLA): 
PLA is one of the most common materials used in 3D printing. It is easy to work 
with, non-toxic, and can break down naturally (biodegradable). This makes it 
good for making prototypes, models, and simple parts. 
2. Acrylonitrile Butadiene Styrene (ABS): 
ABS is a strong and durable filament. It is great for parts that need to withstand 
impact or stress. However, ABS can bend and warp during printing, so it works 
best with a heated build plate (the surface the object prints on) to prevent this 
issue."
Explain key concepts from Robotics (robotics.pdf) - Page 152,"3. Polyethylene Terephthalate Glycol (PETG): 
PETG combines the good properties of both PLA and ABS. It is tough, clear, and 
sticks well to the build plate. It is perfect for both prototypes and functional 
parts that need to be durable but also have good clarity. 
4. Acrylonitrile Styrene Acrylate (ASA): 
ASA is similar to ABS in strengthstrength, but it is better for outdoor use because 
it can handle UV light and weather changes without breaking down. This makes it 
a great choice for parts that will be exposed to the sun or outdoor elements. 
Choosing the Right Filament 
When deciding which filament to use, consider what your 3D object will be used for. For 
example: 
1. Will it be used outdoors? 
2. Does it need to be tough or flexible? 
3. Is it a prototype or a final product? 
Different filaments also have different melting temperatures, so be sure to check that 
before loading the filament into the printer to avoid issues during printing. 
 
Figure 5.4: Examples of filaments of different colours. 
The resource in the table below demonstrates the right way to load and remove the 
filament spool in an FDM printer. 
Resource  QR Code"
Explain key concepts from Robotics (robotics.pdf) - Page 153,"Loading & Removing 3d Printer Filament - A 
Beginner's Guide 
https://www.youtube.com/watch?v=mwdT-
XLLnlU   
 
General 3D Printing Workflow 
The process of 3D printing follows a set of steps. Here is an overview of the workflow: 
Step One: Design Creation 
The first step in 3D printing is creating or getting a 3D model. This model is the digital 
version of the object you want to print. You can create the model yourself using 
Computer-Aided Design (CAD) software, or you can download pre -made models from 
websites like Thingiverse, MyMiniFactory, or Printables. Some models are free, while 
others need to be bought. 
1. The models are saved in special file formats, most commonly as STL files. STL 
stands for Stereolithography, and it contains information about the shape and 
structure of the object. These files usually end with “.stl.” Other file types like 
“.obj” or “.gltf” exist, but they are not used as often. 
Step Two: File Preparation (Slicing) 
Once you have your digital 3D model, you need to prepare it for printing. This step is 
called slicing. Slicing is the process of converting the 3D model into a set of instructions 
for the 3D printer, called G-code. 
1. Specialised software, called slicer software, is used for this process. Popular 
slicers include Cura, PrusaSlicer, and Simplify3D. 
2. The slicing software divides the model into horizontal layers. Each layer is a thin 
slice of the object. The software then creates G-code, which tells the 3D printer 
how to move, how much material to extrude, and other important details. 
There are some important settings (called slicing parameters) that affect the print: 
1. Layer Height: This controls how thick each layer is. Thinner layers give a 
smoother finish but take more time to print."
Explain key concepts from Robotics (robotics.pdf) - Page 154,"2. Infill: This controls how solid the inside of the object is. More infill makes the 
object stronger but takes longer to print and uses more material. 
3. Support Structures: These are extra materials added to support parts of the 
object that hang over (like the arms of a robot). They are removed after printing. 
4. Nozzle Temperature: This setting controls how hot the printer’s nozzle needs to 
be, depending on the material you are using. 
5. Build Plate Adhesion: This ensures that the object sticks properly to the print 
bed (the surface where the print is made). 
Step Three: Printing 
After the slicing software has created the G -code, it is transferred to the 3D printer. This 
can be done by connecting the printer to a computer with a USB cable or by inserting an 
SD card with the G-code file. 
1. The printer reads the G-code and follows the instructions to print the object. It 
does this layer by layer, starting from the build plate and working upwards. 
2. The print head moves around, laying down the material to create the object, 
while the printer follows the path outlined in the G-code. 
The following resources are very helpful in getting youlearners started with printing their 
3D designed models using an FDM 3D printer. 
 
Resource  QR Code 
3D Print Your Own Designs for Free with Tinkercad 
https://www.youtube.com/watch?v=n-
MOwGsUZ68"
Explain key concepts from Robotics (robotics.pdf) - Page 155,"3D PRINTING 101: The ULTIMATE Beginner’s Guide 
https://www.youtube.com/watch?v=2vFdwz4U1VQ
&t=616s  
 
Activity 5.6: Exploring 3D Printing Fundamentals 
1. Start by watching a short video on the fundamentals of 3D printing. Pay attention 
to the history, basic principles, and how 3D printing is used in different 
industries. 
2. OrganiseYour teacher will then divide yourselves into groups of 3-5 to have a 
brief discussion. Use the following questions as a guide: 
a. What materials are typically used in 3D printed robotic components (e.g., 
grippers, gears)? 
b. How do you think these components are manufactured in the real world? 
c. Imagine you need to create parts for a new robot. How would 3D printing help 
you prototype these parts quickly and efficiently? 
3. In your groups, compare additive manufacturing (3D printing) to subtractive 
manufacturing and formative manufacturing. Discuss their differences and 
unique advantages. How does 3D printing fit into these processes? Create a 
chart comparing these methods. 
4. Write a short reflection on how 3D printing might impact the future of robotics. 
Activity 5.7: Understanding FDM 3D Printers and Filament Materials 
1. In your small groups, research one of the following filament materials: PLA, ABS, 
PETG, or ASA. Focus on: 
a. Material properties 
b. Best uses in robotics (e.g., grippers, structural parts) 
c. Pros and cons of using the material in different conditions (indoor vs outdoor, 
strength, flexibility) 
2. Share your findings with the class. Use the following questions to guide your 
presentation: 
a. Which material would you choose for a strong robot arm and why? 
b. How does temperature affect the choice of filament for 3D printing? 
3. Using illustrations or videos, identify the main components of an FDM 3D printer 
(nozzle, extruder, build plate). Discuss the role of each part in the printing 
process."
Explain key concepts from Robotics (robotics.pdf) - Page 156,"Activity 5.8: Preparing a 3D Model for Printing 
1. In your small groups, choose or design a simple robotic component (e.g., a gear 
or bracket) using CAD software. You may either create your own model or 
choose a pre-designed model from an online repository like Thingiverse. 
2. Slicing the Model: 
a. Open the slicing software (e.g., Cura or PrusaSlicer). 
b. Load the CAD model and adjust the slicing settings. Focus on: 
i.Layer height 
ii.Infill (e.g., 20% or 50%) 
iii.Support structures (if necessary) 
iv.Nozzle temperature and build plate adhesion 
c. Prepare the model for printing by generating the G-code. 
3. Working in small groups, collaborate to prepare the model for printing. Discuss 
the settings you chose and why. Test different slicing parameters with the group 
and compare the outcomes. 
Activity 5.9: Printing and Post-Processing 
1. In your pre-existing small groups, using the FDM 3D printer, load the G-code 
generated in the previous activity. Print the robotic component. 
2. As the print progresses, monitor the printing process and record the time it takes 
for each layer to be printed. Make sure the build plate is level and that the 
filament is feeding correctly. 
3. Post-Print Activities: 
a. Once the print is complete, carefully remove the part from the build plate. 
b. If support structures were used, remove them carefully. 
c. Clean up any excess filament or rough edges on the printed part. 
4. After completing the print, reflect on the following: 
a. What challenges did you face during the printing process? 
b. What improvements can be made in the next print? 
Activity 5.10: Presentation and Peer Feedback 
1. Prepare a short presentation about the component you printed. In your 
presentation: 
a. Describe the design process using CAD software. 
b. Explain the slicing settings you chose and why. 
c. Discuss the material you selected and its relevance to the robot component. 
d. Highlight any challenges you faced and how you solved them. 
2. Peer Feedback: Set up a ""robot design gallery"" where you and your peers can 
display your printed models and documentation. Walk around and provide 
constructive feedback to others, focusing on: 
a. The functionality of the printed part 
b. The choice of material and its appropriateness for the robotic function 
c. Suggestions for improving the print in future attempts"
Explain key concepts from Robotics (robotics.pdf) - Page 157,"Activity 5.11: Final Reflection and Self-Assessment 
1. Using the rubric provided by your teacher, Aassess your performance in the 
following areas: 
a. Understanding of 3D printing principles 
b. Effectiveness in using CAD software 
c. Successful use of slicing software 
d. Quality of the printed model 
2. Write a brief reflection on: 
a. What you learned throughout the activities 
b. Any challenges you faced and how you overcame them 
c. How you might apply 3D printing in future robotics projects 
 
EXTENDED READING 
Resource QR CODE 
3D Printing Basics - 3D Hubs: A comprehensive 
guide to 3D printing technologies, materials, and 
troubleshooting. 
 
https://www.hubs.com/knowledge-base/  
 
Autodesk Tinkercad Learning Portal: A free 
platform offering step-by-step lessons and project 
ideas for CAD beginners. 
https://www.youtube.com/@MakersMuse/playlists"
Explain key concepts from Robotics (robotics.pdf) - Page 158,"Fusion 360 Tutorials by Lars Christensen: A series 
of beginner to advanced tutorials specifically 
tailored for CAD design. 
 
https://www.youtube.com/@cadcamstuff/playlists  
 
3D Printing 101 by Thomas Sanladerer: An 
excellent video series introducing 3D printing 
processes, tools, and common challenges. 
 
https://www.youtube.com/user/ThomasSanladerer  
 
 
Review Questions 5.1 
1. List three benefits of using CAD in robotics. 
2. State two popular CAD software options used for robotics. 
3. Explain the difference between 2D and 3D models and provide an example of 
each used in the robotics design process. 
4. Compare and contrast the use of freehand sketching and CAD software in the 
initial design phase of a robot. 
5. Develop a step-by-step guide for a peer who has limited technical experience on 
how to use a chosen CAD software to create a simple 3D model of a robotic 
component. 
 
Review Questions 5.2 
1. Identify the three main types of manufacturing and provide an example for each. 
2. Compare and contrast FDM and Resin 3D printing based on factors like material, 
resolution, and safety considerations. 
3. Analyse a table comparing different filament materials (PLA, ABS, PETG) used for 
FDM printing and recommend the most suitable filament for printing a strong gear 
component giving reasons for your choice. 
4. A student encounters warping issues during their 3D print. Based on the 
knowledge of factors influencing printing success, suggest a reason for the 
warping and a solution to address the issue."
Explain key concepts from Robotics (robotics.pdf) - Page 159,"5. A robotics team needs to design a custom gripper for their robot. Using CAD 
software, design a simple gripper that could be 3D printed. Explain the design 
considerations and justify your material selection for the gripper."
Explain key concepts from Robotics (robotics.pdf) - Page 160,"SECTION  6: HIGHER ORDER DESIGN THINKING 
Robot Construction & Programming 
 
INTRODUCTION  
In this section, your understanding of how to control robots will be built on, focusing on 
more advanced ways to guide and manage robots. Ideas about how robots make 
decisions and change their actions based on feedback from their surroundings will be 
explored. Simple codes (called pseudocode) and flowcharts will be used to help solve 
problems in robotics. 
A project will be given where a solution to a robot problem will be designed. This will start 
with basic ideas and then develop into clear instructions for the robot. You will work with 
your classmates to review ideas, make changes, and improve your soluti ons. Through 
this, skills in problem-solving and building strong, efficient robots will be improved. 
First, some basic ideas about control systems will be reviewed to get started. 
 
 
KEY IDEAS  
1. Understanding Algorithms: These are step-by-step plans that explain how to 
solve a problem. They are very important for writing computer programs and 
creating systems that work automatically. 
2. Using Pseudocodes for Planning: Pseudocodes explain the steps of an 
algorithm using simple words. It is not a computer program but helps to show 
how the program will work. 
3. Drawing Flowcharts to Explain a Process: Flowcharts use symbols like arrows, 
circles, and rectangles to show actions and decisions as steps in solving a 
problem or controlling a system. 
 
REVIEWING KEY CONCEPTS 
1. Fundamentals of Control Principles 
Feedback and Non-Feedback Loop Systems 
Control systems are systems that are used to manage, direct, or control the actions of 
other devices or systems. An important part of how they work is called a feedback loop. 
a. Feedback Loop Systems: These systems use information from sensors to keep 
adjusting their actions, making sure the right result is achieved. An example is an 
automatic washing machine. The machine uses sensors to detect the water level, 
temperature, and load size. Based on this information, it adjusts the water amount, 
washing time, and spin speed. Feedback systems are stable, accurate, and can adapt to 
changes. 
b. Non-Feedback Loop Systems: These systems follow set instructions without 
using real-time data. They carry out actions as planned, even if the outcome changes. An 
example is a garden sprinkler system that turns on and off at scheduled times. It waters 
the garden regardless of whether it has rained or not. Non-feedback systems are simpler 
but lack the flexibility and precision of feedback systems.2. Basic Principles in 
Automation and Robotics. 
c."
Explain key concepts from Robotics (robotics.pdf) - Page 161,"2. Basic Principles in Automation and Robotics 
Problem-Solving Framework 
To solve problems in robotics and automation, a clear and organised method is always 
used. First, the information needed to start the system (called inputs) is identified. Then, 
the steps for how the system will work (called processes) are planned. Finally, the results 
that the system should produce (called outputs) are decided. For example, in a simple 
robot that sorts fruits, the input could be the type of fruit, the process could be the robot 
sorting them into different baskets, and the output would be the fruits arranged correctly. 
This organised method helps to make systems that work well and are easy to understand. 
Algorithms, Pseudocode, and Flowcharts 
To solve problems in robotics and automation, certain tools are used to plan and 
organise solutions. 
• Algorithms: These are step -by-step plans that explain how to solve a problem. 
They are very important for writing computer programs and creating systems that 
work automatically. For example, a robot that makes juice might follow an 
algorithm like this: pick a fruit, wash it, cut it, and squeeze it to get juice. 
• Pseudocode: Pseudocodes explain the steps of an algorithm using simple words. 
It is not a computer program but helps to show how the program will work. It 
makes it easier to understand and write the program later. For example, the 
pseudocode for sorting fruits could  look like this: ""If the fruit is red, place it in 
basket A. If the fruit is yellow, place it in basket B."" 
• Flowcharts: Flowcharts are drawings that show the steps in an algorithm. They 
use symbols like arrows, circles, and rectangles to show actions and decisions. 
For example, a flowchart for a traffic light system could show when the light 
should turn red, yellow, or green. 
Introduction to Advanced Control and Feedback Systems 
Feedback Loop Systems 
Feedback loop systems use real -time information from sensors to adjust what they are 
doing. This helps them work very accurately and handle complex tasks. 
a. Example 1: Autonomous (self-driving) Drones  
Autonomous dDrones use feedback loop systems to stay balanced and fly safely. 
Sensors collect data about the drone’s height, speed, and position. This 
information is sent to a processor, which makes decisions like whether to move 
up, down, or stop. The drone’s motors (actuators) then carry out these decisions. 
• Sensors: Measure things like height, speed, and location (for example, 
gyroscopes, accelerometers, and GPS). 
• Processors: Decide what to do based on the sensor data (for example, 
microcontrollers or onboard computers). 
• Actuators: Make the drone move by changing the speed of the motors. 
These systems help drones fly smoothly and respond to changes in their surroundings."
Explain key concepts from Robotics (robotics.pdf) - Page 162,"Figure 6.1: Labelled Drone 
Control Mechanism 
Real-time feedback is used to help the drones respond to changes in their surroundings. 
For example, when a drone delivers packages, sensors are used to detect obstacles, 
such as trees or buildings, and to adjust its height and direction to avoid them. 
Drones in busy areas use advanced systems that combine information from different 
sensors. These systems ensure the drone flies safely and efficiently. For instance, the 
drone can slow down if there is strong wind, stop if its path is blocked, or adjust its height 
to fly over an obstacle. By using these systems, smooth and safe flight is ensured. 
Scan the QR code below or visit the internet to watch a video on how drones operate as 
a control system. 
LINK QR CODE 
 
 
https://www.youtube.com/watch?v=2BwUMk10Wq
I  
 
 
 
b. Example 2: Farming Robots 
Farming robots are often used to help with tasks like planting seeds, watering 
crops, and picking fruits. These robots work in fields where accuracy and the 
ability to adjust to changes are very important. A feedback loop system is used to 
help these robots perform their tasks properly."
Explain key concepts from Robotics (robotics.pdf) - Page 163,"Some important parts of farming robots include: 
 
 
i.Sensors: These are used to measure things like the soil’s moisture level, the size of fruits, 
or the position of plants. 
ii.Controllers: The sensor data is used to decide how the robot should adjust its 
movements and actions. 
iii.Actuators: These make the robot carry out the adjustments, like watering 
dry soil or gently picking ripe fruits. 
Control Mechanism:  Continuous feedback is used to help the robot stay 
accurate. For example, the robot can change how much water it sprays based on 
the soil’s moisture or adjust its grip to pick fruits without damaging them. This 
helps the robot work efficiently and adapt to different farming conditions. 
 
 
 
 
 
Scan the QR code below or search on the internet to watch a video on farm 
robotics and automation. 
LINK QR CODE 
https://www.youtube.com/watch?v=4qrlFse5I1U 
 
 
Non-Feedback Loop Systems 
Non-feedback loop systems work by following instructions that are set in advance. They 
do not make real-time changes but are good for simple and repetitive tasks. 
Example 1: Sprinkler Systems 
In farms or gardens, sprinkler systems water plants at fixed times. These systems do not 
change how much water is used, even if it rains. 
1. Timer: Decides when the sprinklers should start and stop. 
2. Pump Motor: Moves the water through the pipes and sprinklers at a steady rate. 
Control Mechanism: The timer controls how long the sprinklers work, ensuring water is 
sprayed at the same time each day without checking the soil’s moisture or the weather. 
Example 2: Traffic Lights 
Traffic lights change colours at regular intervals to manage traffic flow. They do not adjust 
to the number of vehicles on the road."
Explain key concepts from Robotics (robotics.pdf) - Page 164,"1. Programmable Timer: Sets the duration for each light (red, yellow, and green). 
2. Bulbs and Signals: Show the colours to guide vehicles and pedestrians. 
Control Mechanism: The timer runs a set pattern of lights, ensuring that the sequence 
repeats in the same way every time, keeping the process simple and predictable. 
Developing Advanced Algorithms 
Advanced algorithms are very important for helping smart machines work accurately and 
quickly. These algorithms process a lot of information from sensors, make decisions in 
real time, and control parts like motors to complete tasks properly. 
Understanding Complex Problems 
Some tasks are difficult and need advanced algorithms to solve them. These problems 
show why smart solutions are important for systems that use control and feedback. 
Example 1: Drones Delivering Packages 
A delivery drone must fly in a busy neighbourhood. It has to avoid trees, buildings, and 
birds while carrying packages to the right house. The drone needs to plan its path, find 
obstacles, and adjust its flight in real time. 
Example 2: Farm Robots Picking Fruits 
Robots on a farm can be used to pick fruits. These robots need to work together to pick 
fruits from trees without bumping into each other. They also need to adapt if a new task 
is added or for instance, if a tree is taller than expected. 
Steps for Designing Advanced Algorithms 
Creating an advanced algorithm involves these steps: 
1. Problem Definition : The problem must be explained clearly, including what is 
needed and what the goal is. 
Example: A drone delivering a package must safely reach the destination without 
crashing into obstacles. 
2. Data Collection and Processing : The sensors and the type of information 
needed must be identified. This information is then processed to make it useful. 
Example: A farm robot uses cameras to detect where the ripe fruits are located. 
3. Decision- Making Logic: The rules for how the machine should act based on the 
data are created. These rules are made smarter using control methods or learning 
techniques. 
Example: A farm robot calculates how to pick fruits gently without damaging 
them. 
4. Controlling the Actions : The instructions for motors and other parts are made 
based on the decisions. The actions are planned to be smooth and safe. 
Example: Use Proportional-Integral-Derivative (PID) controllers to make the robot 
move its arm carefully to pluck a fruit without shaking the tree too much. 
5. Testing and Validation : The algorithm is tested in a safe environment, like a 
computer simulation, to check for mistakes. It is then tried in real situations to make sure 
it works well. 
Example: The robot’s fruit-picking algorithm is tested in a model farm before being 
used in a real farm."
Explain key concepts from Robotics (robotics.pdf) - Page 165,"Pseudocode Development 
Pseudocode is a simple way of writing down the steps of a task in plain language. 
It acts as a bridge between how humans think and how computers work. 
Pseudocode makes it easier to understand and improve an algorithm before 
turning it into a program. This section explains how to create pseudocode by 
breaking down complex algorithms into easy steps. 
Understanding the Algorithm 
Before writing pseudocode, it is important to understand the task completely. 
This means studying how the algorithm works and what steps are involved. 
Steps to Understand the Algorithm: 
1. Breaking it Down (Decomposition) : The task is divided into smaller, simpler 
parts. This helps to clearly see all the parts of the algorithm. 
a. Example: A robot sorting items into boxes can be broken down into steps like 
picking up an item, checking its size, and placing it in the correct box. 
2. Identifying Inputs and Outputs : The information needed for the algorithm 
(inputs) and the expected results (outputs) must be written down. 
a. Example: For the sorting robot, the inputs are the items, and the output is the 
sorted boxes. 
3. Key Steps Identification : The important actions that make the task work are 
identified. These steps will form the main parts of the pseudocode. 
a. Example: The robot must scan each item, compare its size, and place it in the 
correct box. 
Writing the Pseudocode 
Once the algorithm is understood, the next step is to write the pseudocode. This 
involves putting the key steps into simple, clear instructions. 
Steps to Write Pseudocode: 
1. Plain Language Conversion : Each step of the task is written in easy -to-
understand English. This keeps the instructions clear while staying true to the 
logic of the algorithm. Example: ""Check the size of the item"" or ""Move the item to 
the correct box."" 
2. Pseudocode Structure: The steps are written neatly, using proper spacing and 
indentation to make it easy to read. Special keywords like IF, THEN, and LOOP 
can be used to show decisions or repeated actions. 
a. Example: 
IF item is small   
    Place in Box A   
ELSE   
    Place in Box B   
3. Logical Flow Preservation: The pseudocode must show how the algorithm flows, 
including decisions, loops, or repeated actions. Comments can be added to explain 
tricky parts of the logic. 
a. Example:"
Explain key concepts from Robotics (robotics.pdf) - Page 166,"LOOP through all items   
    Check the size of each item   
    Place in the correct box   
END LOOP   
Example: Sorting Robot 
Task: Write pseudocode for a robot to sort items into two boxes based on size. 
Steps: 
1. Input: A list of items. 
2. Output: Items sorted into Box A (small) or Box B (large). 
3. Actions: Check the size of each item and place it in the correct box. 
Pseudocode: 
FOR each item in the list   
    IF item size is small   
        Place in Box A   
    ELSE   
        Place in Box B   
    END IF   
END FOR   
This pseudocode shows the task clearly and can now be used to create the program. 
 
CREATING DETAILED FLOWCHARTS 
Flowcharts are diagrams that show the steps and decisions in a process. They are very 
useful in robotics and automation because they make it easier to understand how a 
system works. In this section, you will learn how to create detailed flowcharts for 
systems with complex control and feedback. You have already learnt about basic 
flowchart symbols in year one, so this will teach you how to use them to draw flowcharts 
for more advanced systems. 
How to Develop a Flowchart 
Once you understand how the system works, you can start drawing your flowchart. Here 
are the steps to follow: 
1. High-Level Overview: Start with a basic version of the flowchart that shows the 
main parts of the system. For example, if you are creating a flowchart for a traffic 
light system, begin by showing the steps: green light, yellow light, red light. 
2. Add More Details : Break the system into smaller steps and add these to the 
flowchart. Use symbols like rectangles for actions and diamonds for decisions. 
For example, in the traffic light system, you can include steps like ""Check if cars 
are present"" or ""Wait for pedestrians to cross."" 
3. Include Decision Points: Add decision points to show where the system chooses 
between two or more options. For instance, the traffic light might check if the road 
is clear before changing the signal. 
4. Show Repeating Actions (Loops) : Use loops to show actions that happen 
repeatedly. In the traffic light system, this could be the cycle of lights changing 
repeatedly."
Explain key concepts from Robotics (robotics.pdf) - Page 167,"5. Use Sub-Flowcharts for Complex Parts: If a part of the flowchart is too detailed, 
draw a separate flowchart for that part and connect it to the main one. For 
example, you can draw a smaller flowchart just for how the traffic light handles 
pedestrians. 
How to Make a Good Flowchart 
A good flowchart is clear and easy to understand. Follow these tips: 
1. Symbol Consistency: Always use the same symbol for the same type of action. 
For example, do not use a rectangle for one action and a circle for another similar 
action. 
2. Clear Labelling: Write clear and simple labels for all parts of the flowchart. For 
example, instead of writing “Change signal,” you can write “Change from red to 
green light.” 
3. Organise Neatly : Arrange the flowchart in a way that makes it easy to follow. 
Draw the steps in a logical order from top to bottom or left to right. 
4. Visual Hierarchy: Use colours or bold lines to show the most important steps. 
For example, you can highlight the decision points in yellow. 
5. Check and Improve : Review your flowchart to make sure it is correct. Ask 
yourself if someone else could understand it easily. Make changes if necessary to 
improve it. 
Flowcharts will help you explain how systems work and make it easier to fix problems or 
improve them.  
When designing flowcharts, it is helpful to use computer software to make the work neat 
and organised. Some examples of software that can be used include Google Drawings, 
Canva, PowerPoint, Draw.io, Lucidchart, Microsoft Visio, SmartDraw and Paint. These 
tools make it easy to draw flowcharts and include symbols, labels, and arrows. 
Scan the QR codes for a tutorial on using Draw.io and Lucidchart to draw flowcharts. 
LINK QR CODE 
https://www.youtube.com/watch?v=_zZczZxyXKM"
Explain key concepts from Robotics (robotics.pdf) - Page 168,"https://www.youtube.com/watch?v=C-qnybZf09Y  
 
 
Example: 
Sorting Robot: Based on the developed algorithm and Pseudocode for the sorting robot 
example, the flowchart below was developed"
Explain key concepts from Robotics (robotics.pdf) - Page 169,"Figure 6.2: Flowchart for sorting Robot Algorithm 
 
ACTIVITY 6.1: Designing a Smart Robot for Everyday Tasks 
You must organise yourselvesr teacher will put you into groups and make a mat  provide 
you with a mat that has places for obstacles and, lines for navigation for  and objects on 
it for this activity."
Explain key concepts from Robotics (robotics.pdf) - Page 170,"a. In your group, you are to design a robot that can follow the lines on the mat from point 
A to B. 
1. Write an algorithm for the robot’s task 
2. Write a pseudocode based on your algorithm. 
3. Draw a flowchart for your proposed solution. 
4. Present your flowchart to the class. 
5. Build your robot and program it. 
6. Test your robot and make adjustments where necessary.  
b. In your group design a robot that follows lines on the mat, and can avoid obstacles as 
it moves from point A to B. 
1. Write an algorithm for the robot’s task 
2. Write a pseudocode based on your algorithm. 
3. Draw a flowchart for your proposed solution. 
4. Present your flowchart to the class. 
5. Build your robot and program it. 
6. Test your robot and make adjustments where necessary.  
c. In your group design a robot that can pick up an object at point A, navigate a path on 
the mat, avoid obstacles and deliver the object to point B 
1. Write an algorithm for the robot’s task 
2. Write a pseudocode based on your algorithm. 
3. Draw a flowchart for your proposed solution. 
4. Present your flowchart to the class. 
5. Build your robot and program it. 
6. Test your robot and make adjustments where necessary.  
, avoid obstacles and move objects to specific locations determined by your teacher. Use 
the following prompts to complete the activity: 
7. Write an algorithm for the robot’s task 
8. Write a pseudocode based on your algorithm. 
9. Draw a flowchart for your proposed solution. 
10. Present your flowchart to the class. 
11. Build your robot and program it. 
12. Test your robot and make adjustments where necessary.  
 
 
 
 
EXTENDED READING 
Resource QR Code"
Explain key concepts from Robotics (robotics.pdf) - Page 171,"https://www.youtube.com/watch?v=aYcIoxZOWkI 
How to create a flowchart using PowerpointPowerPoint 
 
https://www.youtube.com/watch?v=6UWac5e0tPA 
What is an Algorithm 
 
“Everything You Need to Ace Computer Science and Coding 
in One Big Fat Notebook” 
 
This reading resource provides a simplified explanation of 
algorithms, pseudocode and flowcharts 
 
“Algorithm, Pseudocode and Flowchart: Learn Algorithm in 
Simple Steps. For absolute beginners, ICT, KS3, GCSE, A-
Level, Under Graduate, Kids, SAT & for all IT Enthusiast.” 
This reading resource uses a simplified language to explain 
algorithms, pseudocodes and flowcharts. to young learners. 
 
 
 
REVIEW QUESTIONS 6.1 
1. What is a flowchart, and why is it important in robotics? 
2. What is pseudocode, and how is it different from a flowchart? 
3. What is the difference between a feedback loop and a non-feedback loop in 
robotic control systems? 
4. Describe how a robot can navigate from a starting point to a target while avoiding 
obstacles. 
5. Create a flowchart for a robot navigating from a starting point to a target point on 
a mat, avoiding three obstacles. Include decision points for obstacle detection."
Explain key concepts from Robotics (robotics.pdf) - Page 172,"SECTION  7: ROBOT CONSTRUCTION 
Robot Construction & Programming 
 
INTRODUCTION  
In this section, you will learn how robots move and how their parts work together to make 
them move in a certain way. You will also understand how speed and changes in speed 
(velocity and acceleration) are important for robots to move carefully and do thei r tasks 
correctly. This is very helpful when designing robots that need to work in tricky places or 
do difficult jobs. 
 
KEY IDEAS  
1. How Robots Move: Robots can travel in straight lines, turn, or crawl, using wheels, 
tracks, or legs to move on different surfaces. 
2. Robots Use Smart Parts: Gears and swinging parts help robots perform tasks like 
picking things up or opening doors. 
3. Building Fun Robots: You can build robots using kits or simple materials to create 
machines that move and do helpful jobs. 
 
What Are Closed Chains in Robots? 
Closed chains are systems in robots where the parts, called links, are connected in a 
loop. Because of this, when one part moves, the other parts are affected. These closed 
chains are different from open chains, where the parts are not connected in a loop.  
Closed chains are more stable and allow robots to move with great care. 
Here are some examples of closed chains: 
1. A Crane with a Mechanical Arm: A crane’s arm has parts that form a loop. This 
helps it lift and move objects very precisely. 
 
Figure 7.1 Crane with a mechanical arm showing a closed loop mechanism"
Explain key concepts from Robotics (robotics.pdf) - Page 173,"2. A Windshield Wiper System: The bars (wiper arms) in a wiper are connected in a 
loop, making the wiper blades move back and forth smoothly. 
 
Figure 7.2 Wiper system showing closed loop mechanism [source: 
https://www.samarins.com/glossary/wiper-motor.html] 
3. A Machine That Mixes Dough : The parts of a dough mixer form a closed loop, 
helping it mix the ingredients evenly. 
 
Figure 7.3 A dough mixing machine as a closed mechanism 
 
Characteristics of a Closed Chains 
1. Linked Movements: When one part moves, it makes all the other parts move in 
a certain way."
Explain key concepts from Robotics (robotics.pdf) - Page 174,"2. Constraints: The movements are limited because of how the parts are 
connected. 
3. Very Steady: These systems are steady and allow for precise control. 
4. Complicated Movements: Figuring out how the parts move together can be 
tricky because they all depend on one another. 
Degrees of Freedom in Closed Chains 
Degrees of Freedom (DoF) are used to describe how many different ways a machine or 
system can move. In machines like robots, parts called links and joints are used to 
control these movements. The kind of joints, like ones that turn (revolute joints) or slide 
(prismatic joints), also affect how the machine moves. 
For example: 
• A bicycle’s pedal can only turn in circles because the joints and links limit it to 
that movement. 
• A fan blade spins around its centre, but it cannot move up or down. 
In a robot with many joints, movements like turning, lifting, or sliding can be done. 
However, when the links form a loop (a closed chain), the movements are limited to 
certain patterns. 
Think about a pair of scissors. The blades move in a set path because the handles and 
blades are connected in a loop. This makes it easier to cut paper in a straight line.  
The figure below shows several 3D joints with their degrees of freedom stated within the 
pair of brackets. 
 
Figure7.4 3D kinematic joint types with their degrees of freedom. [Chase et al, 1996.]"
Explain key concepts from Robotics (robotics.pdf) - Page 175,"Application of Closed Chain Mechanisms in Robots 
Closed chain mechanisms are used in robots for many important tasks. These tasks 
often need the robot to be very steady and precise. Here are some examples of where 
closed chain mechanisms are helpful: 
1. Careful and Accurate Work 
Closed chain mechanisms are used in robots that must do very careful tasks. 
• Example: A robot used by doctors to help in surgeries can move very 
precisely to perform delicate operations. 
 
Figure 7.5 Surgical robot using a closed chain mechanism 
2. Carrying Heavy Things 
Because closed chains are strong and steady, they are used in robots that carry or lift 
heavy objects. 
• Example: A warehouse robot with a strong arm can pick up and move big 
boxes safely."
Explain key concepts from Robotics (robotics.pdf) - Page 176,"Figure 7.6 Warehouse robot with a closed chain arm designed for lifting 
3. Training and Practice 
Closed chain mechanisms are used in machines that help people learn new skills by 
providing realistic movements. 
• Example: A flight simulator used by pilots to practise flying a plane 
moves in ways that feel like a real flight. 
 
Figure7.7 Flight simulator using a closed chain mechanism 
 
Activity 7  
Closed Chain Mechanisms 
For this activity you should work with a friend. 
1. Explain to your friend what is meant by a closed chain mechanical system. 
2. Draw a four rigid bar linkage closed chain mechanical system. Label each of the rigid 
bars (links) and the connecting pivots (joints).  Explain why this is a closed chain 
mechanical system. 
3. Explain in your own words why a bicycle pedal mechanism has two degrees of 
freedom. 
4. A robot arm has a base, a two link arm and an actuator. Sketch the robot arm and 
label the linkages, connecting pivots. Explain why this robot arm has three degrees of 
freedom. 
5. Use diagrams to explain how the movement of one link affects other parts of the 
robot arm mechanical system you sketched for the previous question. 
6. Explain how closed chains contribute to the stability and precision of robotic 
systems."
Explain key concepts from Robotics (robotics.pdf) - Page 177,"Velocity in Mechanics 
Velocity shows how quickly something changes its position over time. It also tells the 
direction in which it is moving. For example, if a car is moving at 50 km/h towards 
Kumasi, its velocity is 50 km/h in that direction. Unlike speed which is a scalar quantity, 
velocity always has both size (how fast) and direction which makes it a vector quantity. 
It is usually measured in metres per second (m/s). 
Types of Velocity 
1. Linear Velocity 
Linear velocity is how fast something moves along a straight path. Imagine a robot 
moving straight across a flat mat. The speed at which it moves forward in a straight line 
is its linear velocity. 
How to Calculate Linear Velocity: 
The formula for linear velocity (v) is: 
v = distance (d) / time (t) 
Example: 
If a robot moves 20 metres in 10 seconds, its velocity can be found like this: 
v = 20 / 10, v = 2 m/s 
2. Angular Velocity 
Angular velocity shows how quickly something turns or spins around a point or an axis. 
Imagine a robot turning to face a new direction. The speed at which it turns is its angular 
velocity. 
How to Calculate Angular Velocity: 
The formula is: 
ω = angle (θ) / time (t) 
Where: 
• ω is the angular velocity. 
• θ is the angle the object turns (measured in radians). 
• t is the time it takes to turn. 
How Robots Turn: 
When a robot turns, its wheels on either side move at different speeds: 
• The inner wheel travels a shorter distance. 
• The outer wheel travels a longer distance. 
Some important terms: 
• Turn Radius (r): The radius of the circle the robot's centre follows during a turn. 
• Inner Wheel Radius (r0): The radius of the circle that the inner wheel follows. 
r0 = r − d/2 
• Outer Wheel Radius (r1): The radius of the circle that the outer wheel follows. 
r1 = r + d/2 
Here, d is the distance between the robot's two wheels referred to as the wheelbase. 
Path Lengths During a Turn: 
The distance each wheel travels during a turn depends on the angle (θ in radians) of the 
turn. 
• Inner Wheel Path Length (l0):"
Explain key concepts from Robotics (robotics.pdf) - Page 178,"l0 = r0 × θ 
By substituting r0 = r – d/2 into the formula above, the inner wheel path length can be 
found as: l0 = (r – d/2) × θ 
Outer Wheel Path (l1) 
l1 = r1 × θ 
By substituting r1 = r + d/2 into the formula above, the outer wheel path length can be 
found as: l1 = (r + d/2) × θ 
Converting Degrees to Radians 
Turns are often measured in degrees, but for calculations, radians are used. To convert 
degrees to radians it is worth noting that π radians is equal to 180°: 
Angle in Radians = Angle in Degrees × π/180 
Example: 
If a wheel turns 90°, convert the turn angle to radians: 
Angle in radians = 90 × π/180 = π/2 ≈ 1.5708 rad. 
Example calculation on Robot turn: Assume a robot with a wheelbase (d) of 1.5 
metres is making a 60-degree turn with a turn radius of 2 metres. Find  
a. the equivalent turn angle in radians 
b. the radius of the inner wheel,  
c. the radius of the outer wheel, 
d. the path length each wheel needs to travel to complete the turn. 
Solution: 
a. Turn angle = 60°, Angle in radians = 60° * π/180 = π/3 ≈ 1.0472 rad. 
b. Inner wheel radius: r0 = r − d/2, r = 2m, d = 1.5m 
     r0 = 2 – 1.5/2 
     r0 = 1.25m  
c. Outer wheel radius: r1 = r + d/2, r = 2m, d = 1.5m 
     r1 = 2 + 1.5/2 
     r1 = 2.75m  
d.  
i. Inner path length: l0 = r0 × θ, r0 = 1.25m, θ = π/3 
               l0 = 1.25m * π/3 
               l0 = 1.25m * 1.0472 = 1.309m 
ii. Outer path length: l1 = r1 × θ, r1 = 2.75m, θ = π/3 
                  l1 = 2.75m * π/3 
                  l1 = 2.75m * 1.0472 = 2.8798m 
Velocity Calculations 
When a robot moves, both of its wheels rotate (angular velocity, ω) and push it forward 
(linear velocity, v). The speed at which the robot moves forward depends on how fast its 
wheels are spinning and how large the wheels are. 
For a robot to turn, the wheels must rotate at different speeds. The different velocities 
can be calculated by combining the linear and angular velocities as described below: 
a. Inner Wheel Linear Velocity (vo): This can be calculated for a wheel with radius r0 
using the formula;  
v0 = r0 * ω 
b. Outer Wheel Linear Velocity ( v1): This can be calculated for a wheel with radius r1 
using the formula; 
v1 = r1 * ω"
Explain key concepts from Robotics (robotics.pdf) - Page 179,"It can be seen from the formulas above that the linear velocity of a wheel is given by the 
product of the wheel’s radius and the angular velocity of the wheel. 
Example: 
If a wheel with a radius of 20 cm rotates at 8 rad/s, calculate its linear velocity. 
Solution: 
Linear velocity (v) = r (m) * ω (rad/s), r = 20 cm = 0.2 m, ω = 8 rad/s 
     v = 0.2 * 8 = 1.6 m/s 
This means that the robot moves with a speed of 1.6m/s in the forward direction. 
Understanding Average Motion Concepts in Robotics 
Average motion, helps describe how something moves over a period of time. Robots 
often move from one place to another. To study their movement, it is important to 
understand three key ideas: average position, average velocity, and average 
acceleration. These help to predict how a robot moves and behaves during its tasks. 
1. Average Position 
This is the middle point between where the robot starts and where it ends. 
Formula: 
Average position =Initial position+Final Position2 
Example: 
A robot moves from position A = 4m to position B = 12m. Calculate the average position 
of the robot. 
Average position =4+122=8m 
2. Average Velocity 
This is how fast the robot changes its position over a period of time. 
Formula: 
Average velocity = Displacement (d)Time taken (t) 
Example: 
A robot moves 16 metres in 2 seconds. Calculate the average velocity of the robot. 
Average velocity = 16m2s=8m/s 
3. Average Acceleration 
This is how much the robot's velocity changes over time. 
Formula: 
Average acceleration=change in velocity (Δv)time taken (t) 
Example:  
A robot accelerates from a velocity of 4m/s to 8m/s in 2 seconds. Calculate the average 
acceleration."
Explain key concepts from Robotics (robotics.pdf) - Page 180,"Average acceleration=6m/s-2m/s2s=42=2m/s2 
Understanding Instantaneous Motion Concepts in Robotics 
Instantaneous motion  tells you the speed or position at one exact moment. It is like 
taking a snapshot of movement. One key difference between average motion  and 
instantaneous motion  is that, while average motion is about the whole journey or 
movement, instantaneous motion is about a single moment. i.e. Average motion gives a 
big-picture idea whereas instantaneous motion is like focusing on just one part of the 
journey. To understand instantaneous motion, let us examinetake a look at three key 
concepts, namely, instantaneous position, instantaneous velocity and instantaneous 
acceleration. 
1. Instantaneous Position: Position refers to the exact location of an object at a specific 
time. Think of it as a point on a map. 
You can We often use a number line or a graph to show position. For example: 
• If a robot starts at 0 metres and moves to 5 metres, its position changes. 
• The instantaneous position tells you us where the robot is at a single moment, 
such as at 5 seconds into the journey. 
On a graph, the position at a specific time can be found by looking at the point where the 
time value meets the position curve. 
 
Figure 7.8 Position curve showing instantaneous position of 20m at 5s. 
Instantaneous Velocity 
Instantaneous velocity  is the velocity of an object at one specific moment in time. 
Imagine riding your bicycle down a hill. If you look at the speedometer when it says 15 
km/hour, this is your instantaneous velocity at that moment. 
Instantaneous velocity is found using a graph of position versus time as shown in figure 
7.9."
Explain key concepts from Robotics (robotics.pdf) - Page 181,"Figure 7.9 Position versus time graph showing instantaneous velocity at 3s 
• The slope (steepness) of the curve at a specific point tells youus the 
instantaneous velocity. This can be calculated by dividing the Rise as shown in 
the figure by the Run (i.e. change in y over change in x). 
• If the slope is steep, the object is moving fast. If the slope is flat, the object is not 
moving. 
Instantaneous Acceleration 
Instantaneous acceleration is the acceleration of an object at a specific time. It shows 
how fast the velocity is changing at that moment. 
Imagine a sprinter starting a race: 
• At the very start, the sprinter’s acceleration is high as their speed increases 
rapidly. 
• Later, when they reach a steady speed, the instantaneous acceleration might 
drop to 0 because their velocity is not changing anymore. 
Instantaneous acceleration is found by looking at the slope of the velocity-time graph:"
Explain key concepts from Robotics (robotics.pdf) - Page 182,"Figure7.10 Velocity vs Time graph showing instantaneous acceleration 
• A steep slope means high acceleration. 
• A flat line means no acceleration (constant velocity). 
Extended Reading 
Resource QR Code 
https://www.youtube.com/watch?v=pfTTHx9kCHk 
A video on velocity 
 
https://www.youtube.com/watch?v=Ed58JZKiGEM 
A video on acceleration"
Explain key concepts from Robotics (robotics.pdf) - Page 183,"https://www.youtube.com/watch?v=4dCrkp8qgLU&t=31
s 
 
 
A video on Position, velocity and acceleration 
 
Understanding Wheel Rotations for Robot Turns 
A two-wheeled differential robot can turn in one of two ways, namely:  
1. Spin turn, where both wheels move with the same speed but move in opposite 
directions (i.e. one wheel moves with a velocity that is the negative of the other wheel) 
2. Swing turn, where one wheel moves while the other remains stationary OR one wheel 
moves faster than the other thereby creating an arc. 
The number of times each wheel must rotate during the turn can be calculated using 
the formula below where r is the radius of the wheel: 
Rotations=path length(l)2π*r 
Where path length = (distance between two wheels/2) * (robot turn angle) for a spin 
turn. 
Example: 
A two-wheeled differential robot has wheels with a radius of 14 cm. The distance 
between the wheels is 28 cm. If the robot makes a 90-degree turn, how many rotations 
does each wheel need to make for a spin turn? 
Path Length= d×θ2=0.28×22=0.2199m,where,d=distance between two 
wheels=28cm=0.28mθ=turn angle in radians=90°=2radians 
Rotations=path length(l)2π*r=0.21992π×0.14=0.25 rotations 
In simpler terms, the rotations for a spin turn can be calculated as  
Rotations=360Rr=903600.140.14=0.25 rotationswhere, θ is the turn angle in degrees, 
R is half the distance between the two wheels and r is the radius of the wheel 
Each wheel must rotate with 0.25 rotations with the same speed but in opposite 
directions to make a 90-degree spin turn. How will the robot move if both wheels are 
given the same speed and direction as well as the same number of rotations as 
calculated above? 
Converting RPM to Linear Speed"
Explain key concepts from Robotics (robotics.pdf) - Page 184,"What is RPM? 
RPM means Revolutions Per Minute. It shows how many times a wheel or motor 
rotates in one minute. Robots often have motors rated in RPM, and this can be used to 
find how fast a wheel moves forward. 
Formula for Linear Speed: 
The speed of a robot’s wheel in metres per second (m/s) can be calculated using: 
v=RPM×2π×r60, where r= radius of the wheel, v=linear speed in m/s 
Example: 
A robot wheel with a 60 cm diameter turns at a rate of 50 RPM. Calculate the wheel’s 
linear speed in m/s 
Solution: 
Radius (r) = diameter/2 = 60/2 = 30cm = 0.3m 
Linear speed (v)=50×2π×0.360=30π60≈1.57m/s 
Why is this Useful? 
Understanding this helps to: 
• Calculate how fast a robot can move. 
• Decide which motor is best for a robot. 
• Control a robot’s speed during specific tasks. 
Activity 7. 
A robot with a wheelbase ( 𝑑) of 1.5 metres is makes a 45 -degree turn with a turn radius 
(𝑟) of 1 metre. Find the radii of the inner wheel and the outer wheel and well as the path 
length each wheel needs to travel to complete the turn.  
 
Trajectory in Mechanics 
A trajectory is the path that an object follows as it moves through space over time. For 
example, when a robot moves, it may follow a straight path, a curved path, or a mix of 
both. In robotics, planning a trajectory means deciding how the robot will move to 
complete its task. 
Important Concepts 
1. Position: Where the robot is at any moment. 
2. Velocity: How fast and in what direction the robot is moving. 
3. Acceleration: The rate of change of velocity along the path. 
Types of Trajectories 
1.  Linear Trajectory (Straight Path) 
Robots sometimes move in straight lines. The distance they travel can be found 
using this formula: 
Distance d=v*t, where v=velocity in m/s and t=time taken in seconds 
Example:  
Consider a robot moving in a straight line for 15 seconds with a constant velocity of 
5m/s. Calculate the distance covered. 
Solution: 
Distance d=v*t, where v=5m/s and t=15sd=5*15=75m"
Explain key concepts from Robotics (robotics.pdf) - Page 185,"2. Circular Trajectory (Circular Path) 
Robots sometimes turn or follow a circular path. This involves: 
a. Angular Velocity (ω): How fast the robot is turning. 
ω=t, where  θ=angle of the turn in radians, t=time taken in seconds 
b. Linear Velocity (v): How fast the robot moves along the circle. 
v =r*ω, where r=wheel radius in metres, ω=angular velocity in rad/s 
Example scenario 1:  
A robot needs to move from point A to point B in a straight line, then make a 90-degree 
turn, and proceed to point C. 
a. Calculate the velocity required to cover the 20-metre distance from point A to B 
in 4 seconds. 
b. Calculate the velocity of turning 90 degrees at B if it takes 4 seconds to complete 
the turn with radius of 2 metres. 
c. Calculate the distance from B to C if the robot will need to travel in a straight line 
for 4 seconds with a constant velocity of 2.5 m/s to complete it. 
Solution: 
a. Since the distance from A to B is a straight line, the linear velocity will be 
calculated as:  
v=distancetime=20m4s=5m/s 
b. Since the robot turns, the velocity to be calculated is the angular velocity. The 
turn is 90 degrees, which is π/2 radiansradians, and it takes 4 seconds to 
complete. 
=t=2radians4s=8rad/s 
c. Since the movement from B to C is a linear trajectory, the distance can be 
calculated as: 
d=v*t=2.5m/s *4s=10m 
These calculations help youus to: 
a. Predict Future Positions of the Robot: The robot's future position can be 
estimated by using its current speed and the direction it is moving in. For example, if 
a robot moves in a straight line at a speed of 2 metres per second, you can calculate 
how far it will be in 5 seconds. 
b. Control the Robot’s Movement: Robots can avoid obstacles and follow paths by 
adjusting their speed. For example, if a robot is about to hit a wall, its speed can be 
reduced, or it can turn to avoid the wall. 
c. Plan the Robot’s Path: A robot can calculate the best path to reach a target. It 
looks at its own movements and the space around it. For example, if there is an 
obstacle in its way, the robot can choose a different route that avoids the obstacle 
but still gets to the target. 
d. Perform Precise Tasks: Robots are used for jobs where accuracy is important, like 
placing items in exact positions. For example, a robot in a factory may need to pick 
up boxes and arrange them neatly on a shelf. 
3. Polynomial Trajectory : This is a smooth movement described by polynomial 
equations. It allows a robot to move gently between two points. For example, if a robotic"
Explain key concepts from Robotics (robotics.pdf) - Page 186,"arm needs to pick up a ball and place it in a box, it may use a polynomial path to avoid 
knocking into anything. 
4. Other Types of Trajectories: 
a. Elliptical Trajectory : This path looks like an oval. It is useful for objects or 
robots that need to move in circular patterns. For example, a toy car moving 
around a playground in a loop could follow an elliptical trajectory. 
b. Spline Trajectory : This path is smooth and flexible, often used when robots 
need to make very precise movements. For example, in a workshop, a machine 
may cut wood along a smooth, curved line using this type of path. 
In summary you have examinedIn all, we have discussed 5 types of trajectories or paths, 
namely: Linear, circular, polynomial, elliptical and spline trajectories. Robots need these 
different types of paths for different jobs. By planning carefully, they can avoid obstacles, 
follow smooth routes, and complete tasks quickly and accurately. 
 
Activity 7.1: Planning and Understanding Robot Movements 
Organise yourselves into smallYour teacher will put you in groups of 3 -5 persons. Your 
will need a long tape measure for this activity. and provide you with materials for this 
activity. 
In your group, use the tape measure provided by your teacher to measure the length and 
width of your classroom and note it.  
1. Calculate how fast a two -wheeled differential robot has to move from one end of the 
classroom to the other in 20 seconds if it is to move in a straight line.  
2. If the robot is to make a 90-degree turn to prevent it from hitting a wall, state what type 
of velocity you would have to calculate for the robot and calculate how fast the robot will 
have to move to make the turn in 5 seconds 
3. Calculate how much time it will take the robot to move across the width of the class 
room if it moves at 10m/s. 
4. Present your findings to the class and explain why you used the formulas you chose 
for the respective velocities you found. 
 
Activity 7.2: Understanding Instantaneous and average motion 
In the same groups from Activity 7.1, explain in your own words the difference between 
average and instantaneous motion. 
Imagine a sprinter running a 60 -metre race. She starts very quickly, slows down in the 
middle, and then speeds up again at the end. At different times, her speeds are: 
a. At 2 seconds: 4 m/s 
b. At 4 seconds: 3 m/s 
c. At 6 seconds: 5 m/s 
What is her average speed for the whole race?  
What was her instantaneous speed at 4 seconds? 
Plot the Motion on a Graph Sheet 
• On the horizontal axis (x-axis), write the time (seconds). 
• On the vertical axis (y-axis), write the speed (m/s). 
• Plot the speeds at 2 seconds, 4 seconds, and 6 seconds."
Explain key concepts from Robotics (robotics.pdf) - Page 187,"Measure Your Robot’s Motion: Build and program a two -wheeled robot to move 
forward with some speed 
• Use a stopwatch and measure how far the robot can move in 10 seconds. 
• Write down the time and distance, anddistance and calculate the average speed. 
• Put light obstacles at different positions in the robot’s path to slow the robot down 
occasionally. Record the speed at specific points (like at 3 seconds, 6 seconds, 
and 9 seconds). Write these as your instantaneous speeds. 
• In your group, discuss the following and present your findings to the class: 
• What do you notice about how speed changes over time? 
• How is average motion different from instantaneous motion in the 
sprinter’s story and your robot’s activity? 
 
PERFORMING BASIC CALCULATIONS INVOLVING VELOCITY AND TRAJECTORY 
MOTIONS AND APPLYING TRAJECTORY CALCULATION TO ROBOT NAVIGATIONS 
This section will help you learn how to calculate and understand velocity and trajectory. 
These ideas are important for predicting and controlling how robots move and can be 
used in real-life activities, like guiding a robot to follow a path. 
Analysing Velocity and Trajectory 
Direction of Velocity: The direction of velocity at any moment shows where an object is 
going. Velocity is a quantity that has both size (speed) and direction. At any given time, 
the direction of velocity is tangent to the object’s path, meaning it points along the curve 
or straight line the object is following at that moment. 
For example, imagine a car driving around a bend. At every point on the bend, the car's 
velocity points in the exact direction it is moving at that time – this direction is along the 
curve of the road.  
You can also think of what happens when one throws a stone in a curved path through 
the air. At any moment, the direction of velocity is along the path the stone is following. 
This is why a stone curves smoothly through the air. 
This understanding helps in robotics when designing paths for robots, as knowing the 
direction of velocity allows the robot to move smoothly along its intended trajectory. 
Direction of Acceleration:  Acceleration describes how quickly something changes its 
speed. It is not just about speeding up; it can also involve slowing down or changing 
direction. It is a vector quantity, which means it has both size (how much change) and 
direction (where the change is happening). It represents the rate of change in velocity. 
1. Acceleration in the Same Direction as Velocity 
When something is going faster, it is said to be accelerating in the same direction as its 
velocity. For example, if a bicycle is pedalled faster down a hill, the acceleration is in the 
same direction as the movement of the bicycle. 
2. Acceleration in the Opposite Direction as Velocity 
When something is slowing down, it is said to be accelerating in the opposite direction to 
its velocity. This is often called deceleration. For instance, when a car is stopping at a 
traffic light, it is slowing down, so the acceleration is opposite to its direction of travel. 
3. Acceleration Perpendicular to Speed"
Explain key concepts from Robotics (robotics.pdf) - Page 188,"Sometimes, acceleration can happen without changing the speed but by changing the 
direction. This can be seen when a person swings in a circle on a merry-go-round. Even if 
the person is moving at a steady speed, the acceleration is directed towards the cen tre 
of the merry-go-round. This type of acceleration is known as centripetal acceleration. 
Imagine a toy car moving in a straight line and suddenly stopping. The deceleration points 
in the direction opposite to the toy car’s motion. If the car moves in a circle, the 
acceleration always points towards the centre of the circle. In summary, the direction of 
acceleration indicates how the velocity is changing. It can cause an object to speed up, 
slow down, or change direction. 
Equations of Motion 
Equations of motion are important tools used to understand how objects move. They 
help youus see the connection between an object's position, speed, and acceleration 
over time. These equations are especially useful in robotics, where they help in 
predicting how robots will move. 
Linear Motion Equations 
1. Position as a Function of Time: This equation shows how far an object is from its 
starting point after a certain time. The formula used is: 
pt=p0+v0t+12at2 
where, pt is the position at a given time t, p0 is the initial or starting position, 
v0 is the initial or starting velocity a is the constant acceleration. 
2. Velocity as a Function of Time : This equation tells you   us how fast an object is 
moving at a certain time. The formula is: 
vt=v0+atwhere, vtis the velocity at time t 
Example Scenarios 
Scenario 1: Imagine a robot starting from a stop at the entrance of a warehouse. The 
robot begins at position p0 = 0 metres and starts moving with no initial speed ( v0 = 0). The 
robot accelerates at a steady rate of 0.5 m/s2 to deliver a p package. Where will the robot 
be after 15 seconds. 
Solution: 
Initial position (p0) = 0m 
Initial velocity (v0) = 0m/s 
Acceleration (a) = 0.5 m/s2 
Time (t) = 15s 
 
Using the formula for position:  
pt=p0+v0t+12at2p15 
=0+0*15+12*0.5*152p15=12*0.5*152p15=56.25m 
After 15 seconds, the robot will be 56.25 metres away from where it started. 
Scenario 2: A robot is to be built and programmed to move from one point on a mat to 
another. Assume it starts at point A with no speed (v0 = 0) and accelerates at a steady rate 
of 0.5 m/s2 as it moves to pick up an object. How fast will the robot be moving after 10 
seconds? 
Solution: 
Initial velocity (v0) = 0m/s 
acceleration (a) = 0.5m/s2 
Time (t) = 10s"
Explain key concepts from Robotics (robotics.pdf) - Page 189,"Using the formula for velocity:  
vt=v0+atv10=0+0.5*10v10=5m/s 
After 10 seconds, the robot will be moving at a speed of 5 metres per second. 
Application in Robotics 
Understanding these calculations is very important for robots. Here are some ways they 
help: 
a. Path Planning: Robots need to know the best way to move so they can reach their 
destination safely and quickly. 
b. Obstacle Avoidance: Robots must calculate how to slow down (decelerate) or 
speed up (accelerate) to avoid crashing into things in their way. 
c. Motion Control : It is necessary to control how fast a robot moves by setting 
specific velocities and accelerations. 
d. Pick-and-Place Operations: When robots need to pick up or drop off objects, it 
is important to know the right speed to avoid dropping or breaking anything. 
Angular Motion Equations: 
Angular motion refers to how objects rotate. Just like you we can track how far something 
moves in a straight line, you we can also track how far something rotates. There are 
special equations that help you us understand this motion. 
Angular Motion Equations 
1. Angular Position as a Function of Time : This equation shows the angle of an 
object at a certain time. The formula is: 
t=0+0t+12at2 
where,θt=angular position at time t, θ0=initial angular position, 
0=initial angular velocity (how fast it is rotating), 
 a=angular acceleration(how quickly the speed of rotation is changing) 
2. Angular Velocity as a Function of Time : This equation tells youus how fast an 
object is rotating at a certain time. The formula is: 
t=0+atwhere, ωt=angular velocity at time t. 
Example Scenarios: 
Scenario 1 : Imagine a robot that needs to move around a factory to inspect various 
sections. The wheel of the robot starts at an angle of 45 degrees (θ 0 = 45°) and has an 
initial angular velocity of 20°/s ( ω0 = 20°/s). The wheel accelerates at a constant rate of 
4°/s2 (a = 4°/s2). Find the angular position of the wheel after 10 seconds. 
Solution: 
Initial angle (θ0) = 45°  
Initial angular velocity (ω0) = 20°/s  
Angular acceleration (a) = 4°/s2  
Time (t) = 10s 
 
Using the formula for angular position: t=0+0t+12at2  
10=45+20*10+12*4*10210=45+200+200θ10=445° 
Therefore, after 10 seconds, the angular positionle of the robot's wheel will be 445°"
Explain key concepts from Robotics (robotics.pdf) - Page 190,"(Note that because the answer is greater than 360 degrees the wheel has rotated more 
than one full revolution) 
 
Scenario 2: Imagine a robot in a warehouse that starts rotating from an initial angular 
position of 0° (θ0 = 0°) with an initial angular velocity of 10°/s (ω0 = 10°/s). The wheel 
accelerates at a constant rate of 5°/s2 (a = 5°/s2). Find the angular position of the wheel 
after 5 seconds. 
 
Solution: 
 
Initial angular position (θ0) = 0°  
Initial angular velocity (ω0) = 10°/s  
Angular acceleration (a) = 5°/s2  
Time (t) = 5s 
 
Using the formula for angular position: t=0+0t+12at2 
 θ5=0+10*5+12*5*525=50+62.5θ5=112.5° 
So, after 5 seconds, the angular position of the rotating base will be 112.5°. 
 
Application in Robotics 
Understanding angular position and velocity of rotating parts of a robot is very 
important for several reasons: 
 
 
a. Precision Sorting: Robotic arms need to position themselves accurately to sort 
packages correctly. This means knowing exactly where to move to pick up and place 
items. 
b. Synchronisation: The movement of the robot's rotating base must be 
coordinated (in sync) with other parts. This helps improve the efficiency of sorting 
tasks. 
c. Control Systems: Control systems are designed to manage how the robot's base 
turns. This ensures smooth and reliable movements during operations. 
In a warehouse, knowing the angular position of the robotic arm allows 
programmers to set the right angles for sorting tasks. This results in efficient and 
accurate operations. 
Applying Trajectory Calculations to Robot Navigation 
Using trajectory calculations can greatly benefit how robots navigate. Here are some 
advantages: 
1. Path Prediction: Calculating velocity and trajectory helps predict where a robot 
will go next. For example, this can show the path a robot will take based on its current 
speed and direction. 
2. Motion Control: Trajectory calculations help adjust the robot's velocity and 
trajectory. This ensures the robot can navigate around obstacles and reach its 
destination accurately. For instance, if a robot needs to avoid an object while moving 
towards a target, trajectory calculations can help it change direction smoothly."
Explain key concepts from Robotics (robotics.pdf) - Page 191,"3. Robotic Arm Movement: These calculations also help determine how fast and in 
what direction a robotic arm should move to pick up objects precisely. 
4. Mobile Robot Navigation: Trajectory calculations assist in planning and executing 
paths for mobile robots. This makes their routes more efficient and safer. 
 
Planning and Controlling Trajectories in Robotic Systems 
Trajectory Planning 
Trajectory planning involves deciding the best path for a robot to follow. This includes 
considering the starting and ending positions and any obstacles along the way. Here are 
the steps to follow: 
1. Define the initial and final positions: 
a. Decide where the robot starts and where it needs to go. 
b. Example: A robot begins at point A in a classroom and needs to pick up an eraser 
from point B. 
2. Choose the type of trajectory: 
a. A robot’s path can be straight (linear), curved (circular), or a mix of both. 
b. Example: The robot moves in a straight line to the middle of the room, then 
follows a curved path to the eraser. 
3. Determine intermediate waypoints if needed: 
a. Sometimes, the robot may need to stop or turn at certain points. 
b. Example: The robot stops at a chair before reaching the eraser to avoid bumping 
into it. 
4. Set Speed and Safety Rules: 
a. The robot should move at a safe speed and start or stop slowly to avoid falling 
over. 
b. Example: The robot moves slowly when picking up the eraser to avoid dropping 
it. 
 
Controlling a Robot's Movement Path 
After planning how the robot should move, the next step is controlling its movement. This 
means making sure the robot follows the planned path correctly while adjusting for 
unexpected changes in its surroundings. Here is a simple explanation of how it works: 
Steps to Control a Robot’s Movement Path 
1. Making the Robot Move 
a. Linear Movement: The robot uses its wheels or motors to move in a straight line. 
For example, it moves from point A to point X on a classroom floor. 
b. Turning: At point X, the robot uses its wheels to turn towards point B, 
following a curved (circular) path. 
2. Feedback Mechanism 
a. Sensors:  Special tools like cameras, gyroscopes (to measure turning 
angles), or encoders (to count wheel rotations) are used to check the 
robot’s position, orientation and surroundings. 
b. Real-Time Adjustments: If the robot is slightly off its path, the sensors 
help it correct itselfitself, so it stays on track. 
3. Task Execution"
Explain key concepts from Robotics (robotics.pdf) - Page 192,"a. Object Detection:  When the robot reaches point B, its sensors help it 
detect objects and the actuators help pick it up (e.g., a pencil). 
b. Returning Safely: After picking up the object, the robot moves back to 
point A using the same planned path. It slows down and turns carefully to 
avoid dropping the object. 
4. Error Handling 
a. Unexpected Obstacles:  If the robot finds something blocking its path 
(like a book), it recalculates its path to go around the obstacle. 
b. Staying on Course: If the robot veers off the path by mistake, it uses its 
sensors to find the correct direction and adjusts its movements. 
 
How the Robot Does This 
Step 1: Trajectory Planning:  The robot knows where to start, where to end, and 
how to move in between (straight or curved paths). 
Step 2: Real-Time Control: Sensors help it check its position and make changes 
instantly. 
Step 3: Smooth Navigation:  The robot adjusts its speed, turns, and path to 
complete its task without problems. 
 
Activity 7.3: Robot Starting from Rest 
Organise Your teacher will put yourselves into small groups of 3-5 for this activity. In 
your group, attempt the following problems. Use the following guidelines to undertake 
this activity: 
i. Understand the problem 
ii. Select the appropriate formula 
iii. Extract the data from the problem and plug it into the formula 
iv. Calculate for the answer. 
 
Problems: 
a. A delivery robot begins from rest at a gate and speeds up by 0.5 m/s². Calculate how 
far it moves after 10 seconds.  
b. If the robot must move from A to B  which is 10 metres away in 5 seconds, calculate 
the velocity required.  
c. At B, the robot turns 90 degrees in a circular path (radius = 1 metre, time = 3 seconds). 
Calculate angular velocity. 
d. The robot moves 1.5 metres from B to C in 0.5 seconds. Find the velocity.  
e. At C, it turns 135 degrees with a radius of 0.3 metres in 1 second. Calculate angular 
velocity. 
f. From C to D, it moves at 0.8 m/s for 0.75 seconds. Find how far it travels. 
g. Use a toy car to visualise the motion. Discuss what happens when the robot moves 
faster, turns sharper, or faces obstacles. 
 
Activity 7.  
 
A robot on wheels needs to move on a mat to pick up a small box from a position at 
coordinates (0.5, 0.5) metres and place it on a platform at coordinates (1, 0.5) metres."
Explain key concepts from Robotics (robotics.pdf) - Page 193,"Plan the trajectory the robot will follow, considering factors like type of path (linear, 
circular), velocity, and acceleration.  
Guide:  
Step 1: Define the initial position and the final position .  
Step 2: Choose a linear trajectory for simplicity.  
Step 3: Calculate the waypoints and ensure the trajectory meets constraints (e.g., 
maximum velocity of 0.2 m/s, maximum acceleration of 0.1 m/s²).  
Step 4: Use a linear interpolation formula to determine intermediate positions along the 
path.  
 
CREATING ROBOTS USING ROBOTIC KITS AND LOCAL MATERIALS 
In this part of section 7lesson, you will learn how to design and create amazing robots 
using kits and materials found around you. You will explore how robots work by learning 
about important mechanical parts, such as gears, swinging, and moving back and f orth 
(reciprocating). You will also make vehicles with wheels or crawlers and robots that can 
move without using tyres. By working on fun projects like shooting robots, automatic 
doors, and wind machines, you will gain skills and understand how robots are built and 
controlled. 
Advanced Gear Systems 
Gear Trains 
Gear trains are groups of gears that work together to move energy from one part of a 
machine to another. They can make things spin faster or slower and can even change the 
direction of the spin. For example, they are used in clocks to control how the hands 
move. 
 
Figure7.11: Gear trains 
Compound Gear Trains 
Compound gear trains use more than one gear on the same shaft, which helps to create 
special gear setups for controlling speed or force. Two or more gears are connected on 
different shafts and are linked together. This setup allows for more choices in how fast or 
slow something moves and is compact, saving space in machines. 
Applications in Robotics: 
a. In robotic arms, they are used to move parts very accurately. 
b. In wheels, they help control how fast or slow the robot moves. 
c. In machines, they are helpful for creating strong turning power (torque)."
Explain key concepts from Robotics (robotics.pdf) - Page 194,"Gear Ratio 
A gear ratio shows how two gears work together to change speed or strength (force). It 
compares the number of teeth on one gear to the number of teeth on another gear it is 
connected to. 
How It Works: 
• If a big gear with 40 teeth connects to a smaller gear with 20 teeth, the smaller 
gear will spin faster because it has fewer teeth. 
• This is called a 2:1 gear ratio, meaning the big gear turns once for every two turns 
of the smaller gear. 
Figure 7.12 shows a gear train with three gears: 
1. Input Gear (Gear 1): 10 teeth 
2. Intermediate Gear (Gear 2): 18 teeth 
3. Output Gear (Gear 3): 30 teeth 
 
Figure 7.12 Compound gear train with 3 gears 
To find the total gear ratio, the gear ratio for each pair of gears must be calculated: 
Gear 1 to Gear 2: The gear ratio is found by dividing the number of teeth on Gear 2 by 
the number of teeth on Gear 1: 
Gear Ratio = Teeth on Gear 2 ÷ Teeth on Gear 1 
Gear Ratio = 18 ÷ 10 = 1.8 
Gear 2 to Gear 3: Gear Ratio = Teeth on Gear 3 ÷ Teeth on Gear 2 
Gear Ratio = 30 ÷ 18 = 1.67 
Overall Gear Ratio 
To find the overall gear ratio, multiply the two gear ratios: 
Overall Gear Ratio = Gear Ratio 1 × Gear Ratio 2 
Overall Gear Ratio = 1.8 × 1.67 = 3 (rounded) 
What Does It Mean? 
The overall gear ratio is 3:1. This means Gear 1 (the input gear) turns 3 times for every 1 
turn of Gear 3 (the output gear). The output gear moves slower but with more strength. 
Types of Gear Trains 
1. Planetary Gears"
Explain key concepts from Robotics (robotics.pdf) - Page 195,"A planetary gear train is a special gear system made up of a central gear called the sun 
gear and smaller gears called planet gears that move around it. These planet gears are 
attached to a carrier that helps them rotate around the sun gear. The planet gea rs also 
work with an outer gear called the ring gear. 
 
Figure 7.13 Planetary gear 
Planetary Gear Sets 
This system includes: 
a. Sun Gear: The central gear. 
b. Planet Gears: The smaller gears that rotate around the sun gear. 
c. Ring Gear: The outer gear that the planet gears mesh with. 
Advantages 
a. High Torque Density: These gears can produce a lot of power without taking up 
much space. 
b. Compact Size: They fit well in small machines. 
c. Multiple Gear Ratios: Different speeds can be set by changing the arrangement of 
gears. 
d. High Efficiency: They work well without wasting much energy. 
e. Balanced Load Distribution: The weight is spread evenly across the gears. 
Applications in Robotics 
Planetary gears are used in robots for: 
• Mobility: Helping robots move smoothly. 
• Robotic Arms: Providing precision and strength for lifting and moving objects. 
• Compact Actuators: Making small devices that need to fit in tight spaces. 
Example Configurations"
Explain key concepts from Robotics (robotics.pdf) - Page 196,"a. Simple Planetary Gear Set: The sun gear drives the planet gears, which move 
within the ring gear. The speed depends on the sizes of the gears. 
b. Compound Planetary Gear Set: This has multiple sets of planetary gears for a 
wider range of speed and power adjustments. 
2. Differentials 
A differential is a special gear system that allows power to move from one place to 
another at different angles. This system is important in vehicles, as it lets the wheels turn 
at different speeds when going around corners. 
 
Figure 7.14 Differential Gear [(1) Ring gear, (2) Pinions, (3) Pinion shaft, (4) Drive pinion, 
(5) Right axle, (6) Side gears, (7) Left axle] 
Functionality and Applications in Robotics 
The differential gear system splits power evenly between two outputs, which allows them 
to turn at different speeds. This is very important for vehicles when they turn, as the inside 
wheels and outside wheels need to move differently. Typically, bevel gears are used in 
this system. 
Advantages 
a. Smooth Turning: The gears allow wheels to rotate at different speeds, making it 
easier to turn. 
b. Efficient Torque Distribution: Power is shared well between the wheels. 
c. Improved Manoeuvrability: The robot can turn and move more easily. 
Example Applications 
a. Mobile Robot with Differential Drive: In this type of robot, each wheel is powered 
by its own motor. The differential ensures that when the robot turns, the wheels can 
rotate at different speeds to keep it stable. 
b. Articulated Robot: Differential gears are used in the joints of these robots to help 
them move smoothly and work together. This makes it easier for them to perform 
complex tasks accurately."
Explain key concepts from Robotics (robotics.pdf) - Page 197,"Swinging Mechanisms 
Swinging mechanisms are mechanical systems that use a rotating element to create a 
back-and-forth motion. This type of motion can be used for various purposes, such as 
moving objects, creating a pendulum effect, or even generating power. 
Types of Swinging Mechanisms 
There are several types of swinging mechanisms, but some of the most common include: 
1. Pendulum 
A pendulum consists of a weight, known as a bob, thatwhich is hung from a fixed point. 
The bob is free to swing back and forth due to gravity. The time it takes for the pendulum 
to complete one full swing is called the period of oscillation. This time depe nds on the 
length of the string or rod and the gravitational force. 
Uses of Pendulums 
a. Timing Devices: Pendulums are used in clocks because they move in a regular 
and predictable way. 
b. Sensing and Measurement:  Pendulums are found in devices like 
accelerometers and seismometers, which are used to detect motion and vibrations. 
c. Robotic Applications:  Pendulums are used in robots for balance and stability, 
helping robotic arms or walking robots stay upright. 
 
Figure 7.15 A Pendulum 
Crank and Rocker Mechanism 
A crank and rocker mechanism is a system that changes rotating (circular) motion into 
back-and-forth (linear) motion. It uses a crank (a rotating handle or wheel) connected to 
a rod. The other end of the rod is attached to a rocker arm, which swings back a nd forth 
as the crank turns. 
How it Works: 
1. The crank rotates continuously. 
2. The connecting rod moves because of the crank. 
3. The rocker arm swings back and forth in response to the rod's motion. 
Uses of the Crank and Rocker Mechanism: 
1. Engines: Used in car engines to change the motion of the pistons into the rotation 
of the crankshaft."
Explain key concepts from Robotics (robotics.pdf) - Page 198,"2. Windshield Wipers: Converts the motor's rotation into the back-and-forth motion 
of the wipers. 
3. Robotic Movements: Helps robotic arms or joints move in controlled ways, like 
gripping or waving. 
 
Figure 7.16 Crank Mechanism 
Cam Mechanism 
A cam mechanism is a system that changes rotating motion into straight or stop-and-go 
movement. It uses a cam, which is a rotating object with a shaped surface. As the cam 
turns, it pushes a follower, making the follower move in a specific way. 
Where it is Used: 
1. Engines: Cams control the opening and closing of valves in car engines. 
2. Automatic Machines: Used in sewing machines to move parts in precise 
patterns."
Explain key concepts from Robotics (robotics.pdf) - Page 199,"Figure 7.17 Cam Mechanism 
Geneva Drive 
A Geneva drive changes continuous rotation into stop -and-go rotation. It has a wheel 
with slots (the Geneva wheel) and a pin that fits into the slots. The wheel rotates only 
when the pin moves into the next slot, creating an intermittent motion. 
Where it is Used: 
1. Vending Machines: Ensures items drop one at a time. 
2. Film Projectors: Moves film frame by frame for proper display. 
 
Figure 7.18 Geneva Drive 
 
Rack and Pinion 
A rack and pinion is a system that changes rotary motion into straight-line motion. It has 
a pinion (a rotating gear) that moves along a rack (a straight bar with teeth)."
Explain key concepts from Robotics (robotics.pdf) - Page 200,"Where it is Used: 
1. Steering Systems: Allows cars to turn their wheels smoothly. 
2. Machinery: Used in cutting tools and other equipment for precise movement. 
 
Figure7.19 Rack and Pinion 
Application of Swinging Mechanisms in Robotics 
Swinging mechanisms are used in a variety of robotic applications such as: 
1. Manipulators: Swinging mechanisms are used to create robot arms that can 
reach into small places and pick up or move things. Imagine a robot helping to 
clean a tight corner of a room. 
2. Locomotion: Swinging mechanisms allow robots to walk, run, and even climb 
over things. Think of a robot that can go up a steep hill or jump over a small 
obstacle. 
3. Power Generation: Swinging mechanisms can be used to change movement into 
electricity. For example, a swinging device can capture energy from wind or water 
movement to power lights. 
4. Actuation: Swinging mechanisms are also used to make parts that move very 
accurately. This can help robots do tasks like assembling small pieces together.. 
Reciprocating Mechanisms 
Reciprocating mechanisms change spinning motion into back -and-forth movement. 
They are made up of three important parts: 
1. Crank: This is a part that spins around. 
2. Connecting Rod: This part connects the crank to another part. 
3. Piston: This part moves back and forth. 
When the crank spins, it makes the connecting rod move, which then causes the piston 
to move. These mechanisms are seen in many machines. 
Common Types:"
Explain key concepts from Robotics (robotics.pdf) - Page 201,"1. Crank and Slider Mechanism : Converts rotation into a straight motion, such as 
in pumps. 
2. Four-Bar Linkage : Uses four connected parts to change between rotary and 
straight motion. 
3. Slider-Crank Mechanism : Similar to the crank -slider but used in machines 
where smooth linear motion is needed. 
4. Geneva Mechanism: Provides stop-and-go motion, often used in clocks. 
Scan the QR codes below or visit the internet to search for and watch demonstrations of 
different kinds of Reciprocating Mechanisms. 
Resource QR Code 
https://www.youtube.com/watch?v=ve9M8d6KfdI 
 
 
Mechanisms for converting rotational movement into 
linear 
 
https://www.youtube.com/watch?v=4vXRuvVWufk 
 
Reciprocating Mechanisms using Lego Technic parts 
 
 
Practical Applications of Reciprocating Mechanisms 
Reciprocating mechanisms are used in many everyday devices such as: 
1. Bicycles: When pedals are pushed, they make the wheels turn, which helps the 
bicycle to move forward. 
2. Water Pumps: These mechanisms help move water from one place to another, 
like when drawing water from a well. 
3. Compressors: These devices squeeze air into a smaller space, such as in a spray 
can or a bicycle pump. 
4. Robots: In robots, reciprocating mechanisms help the arms move and can also 
help open and close their hands."
Explain key concepts from Robotics (robotics.pdf) - Page 202,"5. Machines: Many machines, like sewing machines, use reciprocating mechanisms 
to move needles up and down. 
Cam Mechanisms 
Cam mechanisms are special devices that change spinning motion into straight or “stop 
and go” motion. They consist of: 
1. Cam: This is a piece that rotates and has a specific shape. 
2. Follower: This part follows the shape of the cam and moves up and down or side 
to side. 
3. Base: This is the stable part that holds everything in place. 
Types of Cams 
There are two main types of cams: 
1. Disk Cams: These are round and rotate around a middle point. They are very 
common and used in many machines, such as in clocks where the hands move. 
2. Linear Cams: These are flat and slide back and forth. They are less common but 
can be found in devices that need straight movements, like in some types of 
doors. 
Scan the QR code below or visit the internet to search for demonstrations of the types of 
cams and how they work:  
Resource QR Code 
https://www.youtube.com/watch?v=HsXWewecMLE 
 
How Do Cam and Follower Mechanisms Work?  
 
 
Functional Applications of Cam Mechanisms 
Cam mechanisms are used in many machines and devices to control how things move. 
Here are some important uses: 
1. Internal Combustion Engines: In internal combustion engines, cams help open 
and close the valves that let air and fuel in and exhaust fumes out. This is essential 
for the engine to work properly. 
2. Machine Tools: Cams control how tools move in machines that shape or cut 
materials. For example, they help drill holes or cut shapes in metal. 
3. Automatic Cars: In automatic transmissions, cams help change gears smoothly 
so that cars can speed up or slow down easily. 
4. Printing Machines: Cams control the movement of paper and ink in printing 
machines. They ensure that the right amount of ink is applied at the right time."
Explain key concepts from Robotics (robotics.pdf) - Page 203,"5. Textile Machines: In machines that make fabric, cams control how the fabric 
moves, helping to weave or knit materials together. 
Designing Cam Profiles 
To make sure a cam mechanism works well, the design of the cam profile is very 
important. The cam profile is the shape of the cam, and it needs to be designed carefully. 
Here are some things to think about when designing it: 
1. Type of Motion: What kind of movement is needed? Should it be quick or slow? 
2. Speed of the Cam: How fast will the cam rotate? This affects how quickly the 
follower (the part that moves) reacts. 
3. Load on the Follower: How heavy is the load that the follower will carry? The 
design must support this weight. 
4. Material Choices: What materials will be used for the cam and follower? 
Different materials can affect strength and wear. 
Implementation in Robotics 
Cam mechanisms are important in robotics, where they help control movements in 
various ways: 
1. Robotic Arms: Cams can be used to guide how robotic arms move, allowing them 
to pick up or place objects accurately. 
2. End Effectors: Cams control the movements of end effectors, which are tools or 
grippers at the end of a robot's arm that perform tasks. 
3. Actuators: Cams can create actuators, which are devices that move objects very 
precisely, like opening a door or lifting a lid. 
Intermittent Mechanisms 
Intermittent mechanisms create movement that starts and stops at regular times. This 
kind of motion is useful in machines where constant movement is not needed. Here are 
some common types of intermittent mechanisms: 
1. Geneva Drives: Used to create step-by-step movement. 
2. Ratchet Mechanisms: Allow movement in one direction only. 
3. Index Mechanisms: Help move items a set distance at a time. 
4. Escapement Mechanisms: Control the release of energy in clocks and watches. 
 
Ratchet Mechanisms: Function and Applications 
A ratchet mechanism is a special device that lets a shaft turn in one direction but stops 
it from turning back. 
Parts of a Ratchet Mechanism:  
1. Ratchet Wheel: This is a round gear with teeth that only allow movement in 
one direction. 
2. Pawl: This is a small piece that fits into the teeth of the ratchet wheel, 
preventing it from turning the wrong way. 
3. Spring: The spring keeps the pawl pressed against the ratchet wheel, 
making sure it holds its position."
Explain key concepts from Robotics (robotics.pdf) - Page 204,"Figure7.20 Ratchet Mechanism 
Uses of Ratchet Mechanisms 
Ratchet mechanisms are useful in many everyday items. They can be found in tools like 
socket wrenches, allowing the tool to turn a bolt in one direction while stopping it from 
going back. They are also used in elevators to prevent the lifts from falling backward. They 
are applied in robotic systems for controlled linear or rotational motion, such as in 
feeding mechanisms, locking systems, and actuators. This makes tasks easier and more 
efficient. 
Scan the QR Code below to learn more on ratchet mechanism. 
Resource QR Code 
https://technologystudent.com/cams/ratch1.htm 
 
Reading resource on ratchet mechanism 
 
https://www.youtube.com/watch?v=1B5fytq0dkY 
 
 
A video resource on how to build a ratchet mechanism 
using cardboard. 
 
 
Vehicles in Robotics 
In robotics, vehicles can be designed in different ways to help them move effectively. Two 
important types of vehicles are those that use caster wheels and those that use crawlers."
Explain key concepts from Robotics (robotics.pdf) - Page 205,"Vehicles Using Caster Wheels 
Caster wheels are special wheels that help vehicles move easily and turn smoothly. They 
are often seen on things like shopping carts, office chairs, and hospital beds. In robotics, 
caster wheels are used in various machines to improve movement and stability. 
 
Figure7.21 Caster Wheels 
Design Principles of Caster Wheels 
Caster wheels are usually made from metal or plastic and are designed to rotate freely. 
They have a part called a swivel mechanism at the top, which helps them turn 360 
degrees. This mechanism often uses ball bearings or roller bearings to allow smooth 
rotation. 
When designing caster wheels, several factors are important for their performance: 
1. Diameter: Larger wheels provide better stability than smaller ones. 
2. Width: Wider wheels are less likely to tip over. 
3. Tire Material: The type of material affects how well the wheel grips the ground and 
how easy it rolls. 
Practical Applications 
Caster wheels are used in many areas, including: 
1. Healthcare: Caster wheels are found on hospital beds and wheelchairs, making 
it easier to move patients and equipment within healthcare facilities. 
2. Manufacturing: In factories, caster wheels are used on industrial robots and 
machinery, allowing them to be moved around the factory floor effortlessly. 
3. Retail: Shopping carts and grocery carts have caster wheels, which help 
customers easily transport products around stores. 
4. Food Service: In restaurants, caster wheels are used on food delivery carts and 
kitchen equipment, enabling the smooth movement of food and supplies. 
Caster Wheel Configurations"
Explain key concepts from Robotics (robotics.pdf) - Page 206,"There are different ways to set up caster wheels, and each type is useful for different 
purposes: 
1. Rigid Caster Wheels: 
a. Do not swivel, so they only move in straight lines. 
b. Good for heavy loads that need stability. 
2. Swivel Caster Wheels: 
a. Can turn 360 degrees. 
b. Useful when easy turning is needed, like on office chairs. 
3. Locking Caster Wheels: 
a. Can be locked to stop the wheel from moving. 
b. Good for things that need to stay in place sometimes, like hospital beds. 
4. Swivel and Locking Caster Wheels: 
a. Can both swivel and lock in place. 
b. Used when flexibility is most important. 
Implementing Caster Wheels 
When adding caster wheels to vehicles like robots or carts, several factors should be 
considered: 
1. Weight of the Vehicle: Heavier robots may require larger or stronger caster 
wheels. 
2. Terrain: The type of surface the vehicle will be used on affects the choice of tire 
material. For example, soft tires are better for rough surfaces. 
3. Desired Manoeuvrability: The level of movement needed will influence the type 
of caster wheel configuration selected. Swivel wheels for instance will help robots 
turn easily. 
For robots, additional factors to consider include: 
1. Centre of Gravity: The robot's centre of gravity should be balanced to maintain 
stability. 
2. Speed: Faster robots may need different sizes or types of caster wheels. Wheels 
that roll more smoothly can be used. 
3. Environment: The surroundings can determine the best tire material to use. 
Crawlers 
Crawlers, also known as tracked vehicles, are special machines that use continuous 
tracks to move over different types of surfaces. These tracks help distribute weight and 
provide better grip, making crawlers very useful in various fields. 
Crawlers are designed to move smoothly over challenging terrains such as mud, snow, 
sand, and rocky surfaces. Because of their unique design, they are commonly used in:"
Explain key concepts from Robotics (robotics.pdf) - Page 207,"1. Construction: For moving heavy materials and equipment over rough and uneven 
surfaces. 
2. Agriculture: To help with tasks like planting and harvesting. 
3. Military: For transporting troops and equipment in difficult environments. 
4. Exploration: To navigate rough landscapes, such as in space missions or deep -
sea exploration. 
 
 
Figure 7.22 Crawler (Tracked vehicle) 
Track Systems 
The track system is the most important part of a crawler. It consists of several linked 
tracks that go around the vehicle's drive wheels. This design increases the area in contact 
with the ground, helping to spread out the weight and improve traction (grip). 
Advantages of Crawlers with Track Systems 
Crawlers have several benefits compared to vehicles with wheels: 
1. Superior Traction: Crawlers can easily move over tough terrains like mud and 
sand, where wheeled vehicles may struggle. 
2. Reduced Ground Pressure: The wide tracks help reduce the pressure on the 
ground. This means they are less likely to sink into soft surfaces or damage 
delicate areas. 
3. Manoeuvrability: Crawlers can turn and navigate well in small spaces because 
each track can move independently. 
4. Stability: Continuous tracks provide better stability on uneven ground, making it 
less likely for the vehicle to tip over. 
Designing Crawlers 
To design an effective crawler, these factors should be considered: 
1. The Terrain: The tracks must be made of materials and sizes that can handle the 
type of ground the crawler will move on. 
2. Payload (Weight): The robot must be strong enough to carry its load. Its engine or 
motor should have enough power to handle the weight."
Explain key concepts from Robotics (robotics.pdf) - Page 208,"3. Manoeuvrability: The crawler should be able to turn easily and clear any 
obstacles in its path. 
4. Power: Select an engine or motor that provides sufficient power for the intended 
application. 
5. Track Material:  Tracks must be tough enough to last a long time and flexible 
enough to move over uneven surfaces. 
Building a Crawler Robot 
To create a crawler robot, follow these steps: 
1. Design: Start with a detailed plan that includes the robot's size, components, and 
electronic parts. 
2. Frame: Build a strong frame using materials like aluminium or steel to support the 
robot. 
3. Track System: Assemble the tracks and drive wheels, making sure everything is 
properly aligned and tight. 
4. Motors: Install powerful motors that will drive the tracks. 
5. Electronics: Add microcontrollers, sensors, and a power supply to control the 
robot and help it navigate. 
6. Programming: Write software that will control the movements and actions of the 
robot. 
7. Testing: Test the crawler robot on different terrains to make adjustments and 
improve its performance. 
Scan the QR Code below or search on the internet to watch a video on crawler robots 
using the Lego platform. 
Resource QR Code 
https://www.youtube.com/watch?v=aRuFJi-hR4A 
 
Building instructions for a tracked Lego EV3 Robot vehicle 
 
 
Moving Without Tyres in Robotics 
Robots can move in many creative ways that do not require traditional tyres. These 
alternative methods are important for moving in environments where wheels may not 
work well. In this part of section 7 you We will now explore different ways robots can 
move without tyres, how these movements work, and where they are used. 
1. Inchworm-like Motion"
Explain key concepts from Robotics (robotics.pdf) - Page 209,"Inchworm-like motion copies the movement of an inchworm. This involves a series of 
steps where the robot extends its body and then contracts to move forward. 
How It Works:  
a. Linear actuators or pneumatic systems are used to create the stretching and 
contracting motion. 
b. Gripping or suction systems at both ends help the robot hold on to surfaces, 
allowing it to pull itself forward. 
This type of movement is useful for tasks that require precise positioning. 
 
Figure7.23: Inchworm robot motion on a vertical plane 
Scan the QR code below or search online to watch a video on how inchworm 
robots move 
Resource QR Code 
https://www.youtube.com/watch?v=Tb7n8Xmgzaw 
 
inchworm robot motion 
 
 
2. Legged Locomotion 
Legged locomotion involves using legs to move around. This method is especially helpful 
for robots that need to move in rough or uneven terrains. 
Types of Legged Robots:  
a. Bipedal Robots: These robots walk on two legs, similar to humans. 
b. Quadrupedal Robots: These robots have four legs, making them stable and able 
to jump or navigate obstacles easily."
Explain key concepts from Robotics (robotics.pdf) - Page 210,"(a)           (b) 
Figure 7.24 a) A bipedal robot   b) a quadrupedal robot 
Creating a Moving Robot Without Tyres 
When designing a robot that does not use tyres, careful planning is essential. Here are 
some important factors to consider: 
1. Type of Movement: Decide what kind of movement the robot will need, as this 
will influence the design of the mechanism. 
2. Terrain: Understand the environment where the robot will operate. This will 
determine the kind of legs or other movement systems needed. 
3. Power Source: Choose a power source that suits the motors and mechanisms 
you will use. 
4. Control System: Plan how the robot will be controlled, including the software and 
sensors needed. 
Once these factors are taken into account, a robot can be built using various materials 
and components. 
Arms, Wings, and Other Robotic Mechanisms 
Robots often incorporate specialised components to perform tasks such as shooting, 
opening doors, raking, or generating wind. These mechanisms enhance functionality 
across different industries. 
1. Shooting Robots 
Robots designed to shoot or launch objects are used in many areas, from entertainment 
to industrial applications. 
Design and Applications:  
a. Spring-Loaded Mechanisms: These use tension springs to store energy and 
launch objects. 
b. Pneumatic Systems: These systems use compressed air to propel 
items."
Explain key concepts from Robotics (robotics.pdf) - Page 211,"c. Electromagnetic Launchers: These use electromagnetic forces to speed up 
objects. 
Applications: 
    a. Sports: Robot football or target games. 
   b. Industrial Lines: Placement of parts or materials. 
2. Automatic Doors 
Robotic automatic doors improve convenience in homes and industries. 
How They Work:  
a. Sensor Integration: Motion, pressure, or infrared sensors detect 
when someone is nearby. 
b. Actuation Mechanisms: Electric motors, pneumatic actuators, or hydraulic 
systems open and close the doors. 
c. Control Systems: Special algorithms manage how sensors and actuators work 
together. 
3. Raking Mechanisms 
Robotic raking systems are useful for gathering leaves, soil, or debris, making them 
valuable in gardening, agriculture, and cleaning. 
Function and Implementation:  
a. Design Considerations: Choose materials and designs for raking tines or blades 
that work well. 
b. Motion Systems: Use linear actuators or rotating parts to move the raking tools. 
Applications: These mechanisms are found in robotic lawn mowers, agricultural 
robots for preparing soil, and cleaning robots that collect debris. 
4. Wind Generation 
Some robots can create wind using motors and blades, which can be useful for cooling 
systems or simulating environments. 
 
How It Works:  
a. Blade Design: Blades are shaped for optimal airflow and efficiency. 
b. Motor Selection: Motors need to have the right power and speed for driving the 
blades effectively. 
Applications: Wind-generating robots can be used in cooling systems, ventilation 
robots, and environmental simulation setups. 
Building and Testing Prototypes 
To create effective mechanisms: 
a. Plan and Design: Create blueprints detailing dimensions and components. 
b. Choose Materials: Select durable, lightweight parts suitable for the task. 
c. Construct Prototypes: Assemble all elements securely. 
d. Program Control Systems: Write algorithms to manage sensors and actuators. 
e. Test and Refine: Evaluate performance and adjustadjust, as necessary."
Explain key concepts from Robotics (robotics.pdf) - Page 212,"ACTIVITY 7.4: Building Robots using Caster Wheels 
Organise yourselves intoYour teacher will put you in groups of 3 -5 for this activity. 
You will be and provided with   you with a Robotics KitKit or will need access to the 
materials required to make mechanisms.  
A.  Swinging mechanism 
1.           In your groups build a simple motor driven pendulum that swings back and forth. 
2.           Include sensors to control the angle of swing or position  
3. Ensure the pendulum is stable and observe its motion. 
4. Document the design process and the materials used. 
5. Present your pendulum to the class, explaining how it works and what principles 
of physics are at play. 
B. Caster Wheel to Navigate 
1. Design a small robot that uses four caster wheels for navigation. 
2. Ensure the robot is stable and can manoeuvre efficiently. 
3. Conduct tests on different terrains and document how the caster wheels perform. 
4. Present your robot to the class, highlighting the design considerations and the 
results of your tests. 
C. Intermittent motion mechanisms 
1. In your groups, watch instruction videos from your robotics kit or online and build a 
robot gripper usingbased on a Geneva drive or ratchet mechanism. Ensure the 
mechanism can perform smooth intermittent motion. 
2. Attach your mechanism to a simple robot arm mounted on a chassis or frameframe. 
3. Write down each step of your construction process. Note any challenges (e.g., 
alignment issues, gear slipping) and how you solved them. 
4. Run your robot and observe how the intermittent motion works. Does the motion align 
with your expectations? What changes could improve the mechanism’s efficiency? 
5. Show your classmates how the intermittent motion works. 
a. Describe how the Geneva drive or ratchet mechanism functions. 
b. Highlight its real -world applications, such as in watches, film projectors, or 
industrial machinery. 
c. Discuss the challenges and solutions from the building process. 
 
 
SECTION 7 Extended Reading 
Resource QR Code 
https://www.youtube.com/watch?v=pfTTHx9kCHk 
A video on velocity"
Explain key concepts from Robotics (robotics.pdf) - Page 213,"https://www.youtube.com/watch?v=Ed58JZKiGEM 
A video on acceleration 
 
https://www.youtube.com/watch?v=4dCrkp8qgLU&t=31
s 
  
 
 
A video on Position, velocity and acceleration 
 
 
REVIEW QUESTIONS 7.1 
1. Define average velocity. 
2. What is instantaneous acceleration? 
3. Describe the relationship between linear and angular velocity. 
4. A car travels 150 metres north in 10 seconds. Calculate its average velocity. 
 
REVIEW QUESTIONS 7.2 
1. If a robot’s wheel has a radius of 0.2 metres and it rotates at 5 radians per second, 
what is its linear velocity? 
2. What is the formula for angular velocity when a constant angular acceleration is 
given? 
3. A spinning wheel has an initial angular velocity of 10°/s and an angular acceleration 
of 2°/s². What is the angular velocity after 5 seconds? 
4. A robot needs to move from Point A (0,0) to Point B (6,3). It accelerates at 0.4 m/s² 
until it reaches a speed of 1 m/s, then continues at that speed. How much time will the 
journey take? 
 
REVIEW QUESTIONS 7.3 
1. What is the main purpose of a crank and rocker system? 
2. How does a Geneva drive work? 
3. How does a cam mechanism change the type of motion? 
4. What is the main difference between a pendulum mechanism and a crank and rocker 
system? 
5. Why might a planetary gear system be useful in a robotic arm? 
 
ANSWERS TO REVIEW QUESTIONS 7.1 
1. Average velocity is the total displacement (how far an object moves in a straight line 
from its starting point to its ending point) divided by the total time taken."
Explain key concepts from Robotics (robotics.pdf) - Page 214,"Average Velocity=Displacement / Time Taken 
2. Instantaneous acceleration is how quickly an object’s velocity changes at a specific 
moment in time. It tells youus how fast the object is speeding up or slowing down at one 
exact point. 
3. Linear velocity is the speed at which an object moves along a straight path, while 
angular velocity is the speed at which it rotates around a central point. They are related 
through the radius of rotation: 
Linear Velocity(v) = Radius(r) × Angular Velocity(ω) 
 
4. To calculate the average velocity: 
Average Velocity=Displacement / Time Taken 
Average Velocity = 150metres / 10seconds = 15m/s (north)."
Explain key concepts from Robotics (robotics.pdf) - Page 215,"SECTION 8: PROGRAMMING ROBOTS 2 
Robot Construction & Programming 
Programming Robots 
 
INTRODUCTION TO PID CONTROLLERS 
Imagine that while riding your bicycle, you are trying to ride exactly on the boundary 
white lines on the side of a tarred road. You do not want to go off the line to the left or 
the right, but exactly on that line. Chances are that if you do this without much care or 
attention, you may not be able to achieve this. You will have to rely on constant 
feedback from your eyes, which will be processed by your brain to determine how best 
to control your balance and speed to accurately achieve this.  To achieve a similarthis 
same level of accuracy in robots and other automated solutions, a PID controller does 
the job that your eyes and brain do in order to keep you on the lineis needed. The 
acronym PID stands for Proportional, Integral, and Derivative, which reprre sent the 
three components that contribute to the controller's overall performance. It helps 
robots stay on track, whether it is following a line, avoiding obstacles, or picking up 
objects with precision. In this section, youwe will learn more about how PID Controllers 
work. 
Key Ideas 
1. PID Controllers: Are electronic devices that oftenProportional, Integral, and 
Derivative (PID) control work together to achieve desired performance in 
several automated solutions likesuch as robotsics. They are crucial for 
accurate robot movement and positioning. 
2. Troubleshooting in Robotics: Troubleshooting is essential for identifying 
and fixing issues in robotic systems. To achieve this, onea needs to develop 
problem-solving approach is used whichskills and learn to follows 
a  established systematic approaches. 
Control Systems 
Earlier in year 2 you explored Previously, we introduced the concept of open-loop 
control systems . These systems work like a one -way system which has no 
feedbacktreet. You give a command, and the robot follows it without checking if it is 
doing the right thing. They may be helpful in certain scenarios however, more often 
than not, in robotic solutions, they may not be helpful. For example, if you tell a robot 
to move forward for 10 seconds, it will do just that, even if there is an obstacle in the 
way. This can lead to mistakes. ARemember that an open -loop control system is 
represented in Figure21.1. 
 
Figure21.1: An Open-loop control system"
Explain key concepts from Robotics (robotics.pdf) - Page 216,"To fix this, youwe can use a closed-loop or feedback control system. It is like a robot 
checking its work as it goes. The robot can keep checking if there is an obstacle in its 
path as it moves the distance instructed to move and adjust its movements 
accordingly. This feedback loop helps the robot carry out the instruction while avoiding 
mistakes. Such a control system is represented in Figure21.2. 
 
Figure21.2: A Closed-loopClosed loop/Feedback control system 
 
How PID Controllers Work 
A PID controller helps control a system by calculating the difference between where 
the system is and where it should be (called the ""setpoint""). For example, if a robot 
should move to a specific position but hasn’t reached it yet, the PID controller works  
to correct the difference using three parts: 
1. Proportional (P):  
This part of the controller looks at how big the error is right now. If the robot is 
far from the target, the proportional component applies a stronger correction. It 
helps the robot get closer to the target faster. However, if only the proportional 
part is used, the robot might overshoot or keep oscillating around the target 
without stopping precisely on it. 
2. Integral (I):  
The integral part considers all the small errors over time and adds them 
together. If the robot stops just short of the target every time, the integral part 
will gradually adjust the system to fix this issue. It ensures the robot eventually 
reaches the exact target. However, if not carefully adjusted, it might cause the 
robot to overshoot or become unstable. 
3. Derivative (D):  
The derivative part looks at how quickly the error is changing. If the error is 
decreasing too fast, it predicts that the robot might overshoot the target and 
adjusts accordingly to smooth the movement. This helps reduce wobbles and 
makes the system more stable. 
Steps the PID Controller Follows: 
The PID controller works by constantly following the steps below:"
Explain key concepts from Robotics (robotics.pdf) - Page 217,"1. Calculate the Error:  The controller calculates the difference between the 
setpoint and the system’s current state. 
2. Proportional Adjustment: It multiplies the error by a constant (Kp) to make an 
initial correction. 
3. Integral Adjustment:  It adds up the past errors and multiplies them by a 
constant (Ki) to fix long-term errors. 
4. Derivative Adjustment: It predicts future errors by looking at how fast the error 
is changing and multiplies this by a constant (Kd). 
5. Combine Outputs:  The three adjustments (P, I, D) are added together to 
create the final control signal. 
6. Apply the Signal:  The control signal is sent to the system to correct its 
behaviour. 
 
Understanding Integral and Derivative 
The terms ""integral"" and ""derivative"" originate from mathematics and are fundamental 
concepts in the branch calledfield of cCalculus. 
• Integral: The operation of integration or the “integral” adds up the total area 
under a curve in a graph. In Figure21.3, a graph is presented showing a car’s 
speed measured over a period of time, travelling between points “a” and “b”. If 
you want we desire to calculate the distance travelled between those two 
points it will be the same as finding the integral which is to calculate the total 
area under the curve. It is like adding up infinitely many tiny rectangles to find 
the total area, just as depicted in  Figure 21.3. In mathematics, this   integral 
operation will be represented as  “ba” 
Figure21.3: Finding the area under the curve using integration  
• Derivative: The Derivative measures how fast something is changing at a 
specific moment. Using the same example above, the derivative would show 
how quickly the car’s speed is increasing or decreasing (its acceleration) at any 
point on the curve. To do that will be like drawing a tangent line to that point on 
the curve and then measuring its slope. This is demonstrated in Figure21.4. In 
mMathematics, the Derivative operation is usually represented by an 
expression similar to “d(y)dx”."
Explain key concepts from Robotics (robotics.pdf) - Page 218,"Figure 21.4 Finding the derivative of a function on a graph 
SoSo, in simpler terms: 
• Integral = Total area under the curve – the mathematical concept of 
integration. . 
• Derivative = How quickly something is changing – the mathematical concept 
of differentiation.. 
The PID controller combines these mathematical ideas to efficiently adjust and control 
the system. In a robotic system, this ensures smooth and accurate movements, as 
illustrated in Figure 21.5. 
Figure21.5: A PID Controller in a closed-loop control system"
Explain key concepts from Robotics (robotics.pdf) - Page 219,"Tuning PID Controllers 
For a PID controller to work well, three settings need to be adjusted: Kp, Ki, and Kd. 
These are called ""gains,"" and they control how much influence the proportional, 
integral, and derivative parts have on the system: 
• Kp (Proportional Gain):  This controls how strongly the system reacts to the 
current error. A high Kp makes the system respond faster but can cause it to 
become unstable or oscillate too much. 
• Ki (Integral Gain): This focuses on fixing small, long-term errors by adding up 
past errors. It helps the system reach the target exactly but can make it unstable 
if set too high. 
• Kd (Derivative Gain): This looks at how quickly the error is changing. It helps 
smooth out the system's response and reduces overshooting, but too much Kd 
can make the system overly sensitive to small changes or noise. 
Finding the right values for Kp, Ki, and Kd is often done through tuning (trial and error) 
or by using advanced tuning techniques like the Ziegler-Nichols PID Controller Tuning 
Method. Tuning means adjusting these gains to find the right balancebalance, so  the 
system reaches its goal quickly and smoothly, without too much delay or wobbling. 
How gain concepts can be usedFor example, to tune a PID controller for a 
robotic arm: 
1. Start with Kp to make the arm move toward the target. 
2. Adjust Ki so the arm stops exactly at the target without overshooting or falling 
short. 
3. Fine-tune Kd to smooth out any remaining instability or jerky movements. 
By carefully adjusting these settings, the robotic arm can move efficiently and 
accurately.  Note that not all control systems need the full PID structure. Sometimes, 
using just a Proportional (P) controller, a Proportional -Integral (PI) controller, or a 
Proportional-Derivative (PD) controller is sufficient. The choice depends on the 
specific requirements of the system. 
How gain concepts can be used to tune a PID controller for a line following 
robot: 
1. Proportional Gain (Kp): 
• Scenario: Imagine the robot is slightly off the line. 
• High Kp: The robot will quickly correct its position but may overshoot 
and oscillate around the line. 
• Low Kp: The robot will correct its position slowly and may take longer 
to return to the line. 
2. Integral Gain (Ki): 
• Scenario: The robot has a persistent small error due to imperfect 
calibration. 
• High Ki: The robot will eliminate the small error quickly but may 
introduce oscillations if too aggressive. 
• Low Ki: The robot will slowly correct the small error and might not fully 
eliminate it over time. 
3. Derivative Gain (Kd): 
• Scenario: The robot encounters a sharp turn on the line."
Explain key concepts from Robotics (robotics.pdf) - Page 220,"• High Kd: The robot will react cautiously to sharp changes, reducing 
overshoot and oscillations but may respond slowly to the turn. 
• Low Kd: The robot will react quickly to sharp changes, which might 
result in overshooting the turn and oscillations. 
 
Summary Table: 
 
Gain High Gain Behavior Low Gain Behavior 
Kp Quick corrections, possible overshoot Slow corrections, longer return to the line 
Ki Quick elimination of small errors, oscillations Slow elimination, persistent small errors 
Kd Cautious response, reduced overshoot Quick response, potential overshoot 
 
By tuning the gains (Kp, Ki, Kd), you can achieve a balanced response where the 
robot accurately follows the line, minimizes overshoot, and quickly corrects any 
deviations. 
 
ACTIVITY 8.1 IMPLEMENTING A PID CONTROLLER 
Organise yourselves into Your teacher will put you in groups of between 3 and 5 for 
this activity. You will need and provide you with a robotic kit/simulation tool and a line 
following mat. 
In your groups, watch the video in the link below or go online and watch a video on 
implementing a PID controller using your available kit.  
Resource Link QR Code 
PID Line follower for Spike Prime! 
https://www.youtube.com/watch?v=HGwXER0hRMg"
Explain key concepts from Robotics (robotics.pdf) - Page 221,"PID Line Follower for EV3 
 
https://www.youtube.com/watch?v=AMBWV_
HGYj4 
 
 
A. The role of PID controllers 
a. Define PID controllers and their role in achieving precise movement and 
positioning in robots.  
b. Explain how each of the following might be used to refine robot control: 
Proportional gain (P), Integral gain (I), and Derivative gain (D).  
B. Exploring PID functionality, tuning and simplifying 
a. Build a line following robot programmed to move from point A to point B on a line 
mat.  
Test your program by running your robot using about 45% of its maximum speed on 
the mat provided by your teacher.  
b. Experiment using the PID simulation software and record what happens when you 
change the following: 
1. Adjust the Kp values and note how it affects the performance of the robot. 
2. Adjust the Kd values and note how it affects the performance of the robot. 
3. Adjust the Ki values and note how it affects the performance of the robot. 
Record the K values that made your robot move smoothly from point A to point B on 
the mat and dDiscuss your findings with your classmates. E and explain the effects 
that the various gains you implemented hadve on the robot’s performance. 
A SIMPLE GUIDE TO TROUBLESHOOTING IN ROBOTICS 
In robotics, troubleshooting means finding and fixing problems when things do not 
work as they should. No matter how well -designed a robot is, issues can happen. 
Learning how to solve these problems in an organised logical way, step by step if you 
like, not only saves time but also helps you understand your robot better and improve 
its design in the future. Here is an easy guide to help you troubleshoot your robot: 
Step 1: Follow a Routine 
Start with a checklist and go through it whenever there is a problem. This ensures you 
do not miss anything important. Here’s a basic troubleshooting routine:"
Explain key concepts from Robotics (robotics.pdf) - Page 222,"1. Check the Power 
• Is the robot switched on? 
• Are the batteries charged, or is there enough power? 
2. Check Mechanical Parts 
• Are the motors, wheels, or joints working smoothly? 
• Is anything stuck, loose, or misaligned? 
3. Check Electrical Connections 
• Are all wires firmly connected? 
• Are there any damaged or frayed wires? 
4. Check the Software 
• Is the program running as it should? 
• Are there any error messages or strange behaviours? 
By going through these steps one by one, you can quickly narrow down the issue. 
Step 2: Isolate the Problem 
Robots have different parts, like motors, sensors, and code, all working together. 
Troubleshooting is easier when you focus on one part at a time. For example: 
1. If the robot is not moving: 
• Check if the motors are getting power. 
• Look for anything blocking the wheels. 
• See if the code controlling movement has errors. 
2. If the robot is not sensing properly: 
• Check if the sensors are connected. 
• Test if they are giving the right data to the program. 
By testing parts individually, you can figure out where the problem is. For example, if 
the motors are fine but the robot still doesn’t move, the issue might be in the code or 
electrical connections. 
Step 3: Pay Close Attention 
Observation is one of the best tools for troubleshooting. Use your senses to find clues: 
• Look: Are any parts broken, bent, or out of place? Is the robot moving smoothly 
or wobbling? 
• Listen: Do you hear unusual sounds like grinding or clicking? This could mean 
something is stuck or wearing out. 
• Feel: Is the robot vibrating more than usual? Are any parts getting too hot? 
For example, if a motor feels unusually hot, it might be working too hard or not 
connected properly. 
Step 4: Know What to Expect 
Sometimes, what looks like a problem might not actually be one. Robots have 
limitations based on their design or programming."
Explain key concepts from Robotics (robotics.pdf) - Page 223,"For instance, if a robotic arm does not reach all the way to the edge of a table, it might 
be because the program limits how far it can extend —not because something is 
broken. Knowing how your robot is supposed to work helps you tell the difference 
between normal behaviour and real problems. 
Step 5: Understand How the Robot Works 
The better you understand the robot, the easier it is to troubleshoot. This means 
knowing how the hardware (like motors and sensors) works with the software (like 
programs and algorithms). 
• Hardware and Software:  Sensors collect data and send it to the controller. 
The program processes the data and tells the motors what to do. 
• Feedback Loops: Some robots adjust their actions based on feedback. For 
example, if a robot moves too far, it might use a sensor to correct itself. 
If you understand these connections, you can trace problems back to their source. For 
example, if the robot turns too far, it could be a coding error or a sensor not sending 
accurate data. 
Common Issues in Robots 
There are three main types of problems you might face: 
1. Algorithm Problems:  
These are mistakes in the logic that controls the robot. For example, if a robot 
overshoots its target, the control algorithm might need adjusting. Fix it by testing 
different settings or running simulations. 
2. Design Problems:  
Sometimes, the robot’s structure causes issues. For example, if the robot tips 
over easily, its centre of gravity might be too high. Fix it by testing the physical 
design and making adjustments. 
3. Coding Errors:  
Bugs in the program can cause the robot to act unexpectedly. For example, if 
the robot ignores sensor data, there might be a mistake in how the code reads 
the sensors. Fix it by checking error messages or testing smaller sections of 
the code. 
Note: Algorithm issues are about the plan for how the robot should act, while coding 
errors are mistakes in how that plan is written into the program. 
FIXING IDENTIFIED PROBLEMS 
Troubleshooting robots is not just about finding what is wrong. It is also about fixing 
those problems and improving the robot until it works properly. This involves testing, 
making changes, and testing again. Let us break down how you can fix different kinds 
of problems step by step."
Explain key concepts from Robotics (robotics.pdf) - Page 224,"Fixing Algorithm Problems 
An algorithm is the “brain” of the robot. It’s a set of rules that tells the robot how to act. 
If the robot’s behaviour is wrong, the algorithm might not be working well. Here’s how 
to fix algorithm problems: 
1. Understand What the Robot Should Do 
Think about what the robot is supposed to achieve. For example, if the robot 
is following a line on the floor, it should be able to handle turns, stop when 
needed, and avoid obstacles. 
2. Compare What It Does vs. What It Should Do 
Watch the robot closely. Is it following the line, or is it wandering off? Is it 
stopping too late? If its behaviour doesn’t match what’s expected, the 
algorithm might need fixing. 
3. Break the Algorithm Into Parts 
Look at each part of the algorithm. For example: 
• Does the robot calculate distances correctly? 
• Does it know when to turn? 
• Does it adjust its speed when approaching a corner? 
Test each part separately to find where it’s going wrong. 
4. Make Adjustments 
Once you find the problem, tweak the algorithm. For example: 
• If the robot is moving too fast near a turn, program it to slow down. 
• If it’s not detecting an obstacle, update the code to include that 
scenario. 
5. Test Again 
After making changes, test the robot in different conditions to make sure the 
algorithm now works as expected. 
Fixing Design Problems 
Sometimes, the robot’s physical structure causes issues. For example, parts might be 
too weak, poorly balanced, or not fit for the job. Here’s how to fix these problems: 
1. Inspect the Robot’s Structure 
Look for obvious problems. Are the wheels straight? Is anything loose or 
wobbly? Does the frame seem unstable? 
2. Test the Design Virtually (if possible) 
Use computer simulations or simple models to test the robot’s design. This 
can help find weak points. For example, if the robot tips over during turns, the 
centre of gravity might be too high. 
3. Match the Design to the Job 
Check if the robot is built for its task. For instance: 
• If it’s meant to carry heavy loads but struggles, the motors might not be 
strong enough. 
• If it’s slipping on smooth floors, the wheels might need better traction. 
4. Make Adjustments 
Fix the issues you’ve identified: 
• Replace weak parts with stronger materials. 
• Adjust the frame to improve balance."
Explain key concepts from Robotics (robotics.pdf) - Page 225,"• Upgrade components like motors or batteries if needed. 
5. Test the Robot Again 
After fixing the design, test the robot in real-world conditions to ensure it 
works better and hasn’t developed new problems. 
 
Fixing Coding Errors 
Coding errors are mistakes in the program that controls the robot. These can cause 
the robot to behave strangely or not work at all. Here’s how to address coding issues: 
1. Notice What’s Going Wrong 
Pay attention to when and how the robot is misbehaving. Does it freeze, move 
erratically, or react too slowly? Note when the issue happens. 
2. Check the Code 
Look at the part of the program controlling the problem. For example: 
• If the robot isn’t stopping when it should, check the section that handles 
stopping. 
• Look for typos, missing commands, or mistakes in the logic. 
3. Debug the Code 
Use debugging tools or add print statements to see what’s happening inside 
the program. For example, you can check if the robot is correctly reading 
sensor data or sending the right signals to the motors. 
4. Fix the Code 
Once you find the problem, rewrite the code to fix it. For instance: 
• If the robot isn’t stopping, make sure the condition for stopping is 
correct. 
• If the sensor data is being misinterpreted, adjust how the code 
processes it. 
5. Test in Different Scenarios 
Run the robot through various situations to make sure the fix works 
everywhere, not just in one specific test. 
 
Document Your Work 
As you troubleshoot and fix problems, it’s important to keep track of what you did. A 
clear record helps others understand the process and makes it easier to solve similar 
problems in the future. 
A troubleshooting document can include: 
• Title Page: This is the first page of the document. It includes the title of the 
document, the name of the project or robot, the date, and the names of the 
people who worked on solving the problem. 
• Table of Contents: This section lists all the main sections and subsections of 
the document, along with their page numbers. It helps the reader find specific 
parts quickly."
Explain key concepts from Robotics (robotics.pdf) - Page 226,"• Introduction: This section gives a brief overview of the problem. It explains 
what went wrong and how the robot was not working as it should. 
• System Overview: This part describes how the robot is designed. It includes 
information about the hardware (like sensors and motors) and the software 
(like the control system). It also gives a summary of the algorithm the robot 
uses to perform its tasks. 
• Observations: This section explains what you noticed about the problem. It 
describes in detail the signs or symptoms that showed the robot was not 
working properly. 
• Flaw or Error Identification and Root Cause Analysis: This section 
explains what caused the problem. It categorises the issue as an algorithm 
flaw, design flaw, or coding error. It also gives details about the root cause 
and the steps taken to find it. 
• Iteration Process for Fixing: Here, you describe how you tried to fix the 
problem. Start with the first attempt and explain the changes you made after 
testing, until the issue was resolved. 
• Testing and Validation: This section explains how you tested the robot after 
making changes to ensure the problem was fixed. If the corrections improved 
the robot’s overall performance or efficiency, include that information here as 
well. 
• Lessons Learned: This part highlights the important things you learned 
during the troubleshooting process. It also explains how similar problems can 
be avoided in the future. 
• Conclusion: This is a short summary of the entire troubleshooting process. It 
includes how the problem was fixed, the results, and the key lessons learned. 
• Appendices: This section contains any extra materials, such as code, 
diagrams, or references, that which might help someone understand the 
problem and the solutions better. 
ACTIVITY 8.2 TROUBLESHOOTING A ROBOT 
In the same groups from activity 8.1, your teacher will need provide you with a 
troubleshooting guide and a worksheet to record your observations and findings. 
Go back to the robot you programmed in activity 8.1 and run it again using the 
maximum speed possible and the same Kp, Ki and Kd values on the line following 
mat. Use your worksheet to record any strange behaviours. For example: 
1. Does the robot move smoothly? 
2. Does it follow the line at all timestimes, or does it veer off the line at times? 
Think about what might be causing the robot’s problem. Break the robot system into 
parts: 
1. Hardware: Are all parts attached and working as they should? 
2. Software: Does the program have any mistakes? 
3. Algorithm: Is the robot following the correct steps? 
Follow the troubleshooting guide to test each part of the program one gain at a time to 
narrow down the problem:"
Explain key concepts from Robotics (robotics.pdf) - Page 227,"1. Tune the Kp value 
2. Tune the Ki value 
3. Tune the Kd value 
Write down what you discover; for example: “The robot shakes a lot because the Kp 
value is too high”. 
Fix the problem and use the troubleshooting guide to prepare a troubleshooting and 
error correction technical organise your report. Present your findings and solution to 
your class and explain what worked as well as what did not work. 
 
EXTENDED READING 
LINK QR CODE 
https://www.youtube.com/watch?v=UR0hOmjaHp0 
  
PID Control - A brief introduction 
  
  
 
 
https://people.duke.edu/~hpgavin/SystemID/References/
Astrom-Feedback-2006.pdf 
  
Feedback Systems: An Introduction for Scientists and 
Engineers 
Page 301 - 320 
  
 
 
REVIEW QUESTIONS 8.1 
1. What does a PID controller stand for, and what are its three components?  
2. List three advantages of using PID controllers in robotics compared to open -loop 
control systems.  
3. If a robot consistently overshoots its target, which PID gain would you adjust, and 
why? 
4. How would a PID controller be used differently in a line -following robot versus a 
wall-following robot?"
Explain key concepts from Robotics (robotics.pdf) - Page 228,"5. What are some limitations of using PID controllers in robotics?  
6. Design a simple experiment to test the effect of increasing the proportional gain (Kp) 
on a line-following robot. 
 
REVIEW QUESTIONS 8.2 
1. What are the three main categories of issues that can arise when troubleshooting 
a robot? 
2. Why is it important to follow a routine when troubleshooting a robot? 
3. How can you tell the difference between a design flaw and a coding error? 
4. If a robot moves too far past its target, what might be the cause, and how could you 
fix it? 
5. What are some steps you can take if a robot is not responding to commands?"
Explain key concepts from Robotics (robotics.pdf) - Page 229,"ANSWERS 
ANSWERS TO REVIEW QUESTIONS (SECTION 1) 
1. b. The principles guiding the ethical use of robots. 
2. False. 
3. The three general benefits of using robots in society include: 
a. Robots can perform tasks faster and more efficiently. 
b. They can take over dangerous or repetitive jobs, improving 
safety. 
c. Robots can help with healthcare, education, and other services, 
improving quality of life. 
4. Robot designers can minimise negative impacts by adding safety features, 
ensuring privacy through secure data handling, and creating ethical 
programming that prioritises well-being. 
5. Humans provide creativity, empathy, and ethical decision-making, which 
robots cannot offer. Collaboration ensures robots enhance human strengths, 
offering better services while keeping human connections and care. 
6.  
a. Advantages of using a robot to collect empty cups and plates: 
1. Efficiency: Robots can work continuously without breaks, ensuring 
faster and more consistent collection of dishes. 
2. Cost Savings: Over time, using robots can reduce labour costs and 
free up human staff to focus on more complex tasks. 
b. Disadvantages of using a robot to collect empty cups and plates: 
1. High Initial Cost: The cost of buying and maintaining robots can be 
high. 
2. Limited Flexibility: Robots may struggle with unexpected situations or 
obstacles that require human judgment and adaptability. 
c. Why might staff in the airport lounge be unhappy with their robot 
colleague? 
1. Job Insecurity: Staff might feel that robots are a threat to their jobs, 
leading to concerns about job loss. 
2. Human Interaction: Some staff might prefer working with human 
colleagues and miss the social interactions that robots cannot provide. 
d. Three other locations where a service robot might be useful:"
Explain key concepts from Robotics (robotics.pdf) - Page 230,"1. Hospitals: Robots can help deliver supplies, medication, and meals to 
patients, improving efficiency and reducing the workload on medical 
staff. 
2. Hotels: Robots can help with room service, cleaning, and guiding 
guests, enhancing the overall guest experience. 
3. Shopping malls: Robots can provide information, guide customers, 
and help with maintenance tasks, improving customer service and 
operational efficiency. 
1.2 Review Questions 
3. What is the primary responsibility of a Robotics Engineer? 
a. Develop and implement AI algorithms for robots 
b. Write, test, and maintain robot control software 
c. Design, develop, test, and implement robotic systems 
d. Operate, maintain, and troubleshoot robots 
4. Fill in the Blank: A _______ is required for the position of Robotics Patent 
Attorney, focusing on intellectual property law related to robotics inventions. 
4. True or False: A Robotics Technician typically requires a bachelor’s degree 
to be eligible for employment in the field. 
6. List two sectors where a Robot Programmer might work and describe one 
primary responsibility of this role. 
7. Why is it important to research a company's culture and values before 
applying for a job in robotics? Provide two reasons based on the content 
provided. 
1.2 Answers to Review Questions 
1. C. Design, develop, test, and implement robotic systems 
2. A Juris Doctor (JD) is required for the position of Robotics Patent Attorney, 
focusing on intellectual property law related to robotics inventions. 
3. False (A Robotics Technician typically requires a diploma or an associate's 
degree or technical training in robotics.) 
4. A Robot Programmer might work in sectors such as Manufacturing and 
Healthcare. One primary responsibility of this role is to write, test, and 
maintain robot control software, which includes translating engineering 
designs into robot actions and debugging code. 
5. It is important to research a company's culture and values to ensure they align 
with your own work preferences and to determine if the work environment is a 
good fit for you. Understanding a company's culture can help you gauge 
whether you will thrive in that environment and contribute positively to the 
team. 
 
 
ANSWERS TO REVIEW QUESTIONS (SECTION 2) 
2.3 Answers to Review Questions"
Explain key concepts from Robotics (robotics.pdf) - Page 231,"1. A continuous-time machine is a system that works all the time without 
stopping, adjusting itself smoothly as time goes on. It uses mathematical 
formulas to figure out how things change over time.  
2. Robotic Arm in Manufacturing: A robotic arm used in assembly lines operates 
continuously to perform tasks such as welding, painting, or assembling parts. 
It moves in a smooth, continuous manner, responding in real-time to the 
demands of the manufacturing process.  
3. The main goal of a temperature control system in a room is to keep the room 
at a comfortable temperature. It does this by either heating or cooling the 
room to stay within the temperature range that has been set, even when the 
temperature outside changes. 
4. A temperature control system can be regarded as a continuous-time machine 
because it continuously monitors and adjusts the temperature in real-time to 
maintain a desired set point. 
5. If the temperature sensor were broken and always showed a temperature that 
was lower than the real temperature, the system would think the room was 
colder than it really is. Because of this, the heater would stay on too long, 
making the room too hot, since the system would keep adding heat to reach 
the temperature it thinks is needed, even though the room is already warm 
enough. 
6. Feedback is very important in a temperature control system because it helps 
the system know whether the room is at the right temperature or not. The 
feedback allows the system to know when to turn the heater or cooler on or 
off. Without feedback, the system would not know if it is too hot or too cold, so 
it could overheat or overcool the room. Feedback makes the system more 
accurate and efficient because it can make small, real-time adjustments 
based on what is actually happening in the room. 
7. By applying the formula in the content above, you should get the power 
required to raise the classroom temperature in one hour from 15°C to 22°C as 
approximately 0.389 kilowatts (kW). 
 
2.4 Answers to Review Questions 
1. A Finite-State Machine (FSM) is a model used to represent systems that can 
be in one of a limited number of states at any given time. It defines how a 
system transitions from one state to another based on inputs and specifies 
actions (outputs) for each state. 
2. The main components of an FSM are: 
a. States: Different conditions or modes the system can be in. 
b. Transitions: Rules that define when and how the system moves from 
one state to another. 
c. Inputs: External signals or events that trigger transitions. 
d. Outputs: Actions or responses that occur in each state. 
3. In a simple traffic light controller FSM: 
a. States: 
i. Green: The traffic light shows green, allowing cars to move. 
ii. Yellow: The light turns yellow, warning cars to prepare to stop. 
iii. Red: The light turns red, stopping cars. 
b. Transitions:"
Explain key concepts from Robotics (robotics.pdf) - Page 232,"i. Green to Yellow: After a set period, the light changes from 
green to yellow. 
ii. Yellow to Red: After a shorter delay, the light changes from 
yellow to red. 
iii. Red to Green: After a set period, the light changes back to 
green. 
4. The states for a vending machine include: 
a. Idle: The machine is waiting for a user to interact. 
i. Transition: Move to ""Selecting Item"" when the user inserts 
money. 
ii. Control Output: Display available items on the screen. 
b. Selecting Item: The user is choosing an item. 
i. Transition: Move to ""Dispensing Item"" when the user makes a 
selection and payment is confirmed. 
ii. Control Output: Enable buttons for item selection. 
c. Dispensing Item: The machine is delivering the selected item. 
i. Transition: Move to ""Idle"" after the item is dispensed, or to ""Out 
of Stock"" if the item is unavailable. 
ii. Control Output: Activate the mechanism that delivers the item. 
d. Out of Stock: The selected item is no longer available. 
i. Transition: Remain in ""Out of Stock"" until the machine is 
restocked. 
ii. Control Output: Display ""Out of Stock"" message and disable 
selection for that item. 
5. A purely logical FSM in a temperature control system might only rely on basic 
conditions like ""temperature is too high"" or ""temperature is too low"" to trigger 
heating or cooling. This limits the system to fixed thresholds and simple on/off 
controls. 
By incorporating arithmetic expressions, the system can dynamically adjust 
based on actual temperature values. For example, instead of simply turning 
the heater off when the temperature is ""high,"" the system can use an 
expression like: 
If temperature>25°C,reduce heating by10°C. 
This allows for more precise temperature control and can even adjust the 
heating or cooling rate based on how far the current temperature is from the 
desired level. 
6. The FSM model for an automated watering system is effective because it uses 
sensor inputs to control transitions between the states: 
a. In the Idle state, the system waits for the soil moisture level to drop 
below a certain threshold. 
b. When the moisture sensor detects that the soil is too dry, the system 
transitions to the Watering state, activating the water pump. 
c. The system stays in the Watering state until the sensor detects that 
the moisture level has reached the desired level, transitioning to the 
Moisture Sufficient state, which turns off the pump. 
7.  States 
Idle: The robotic arm is stationary and waiting for a command."
Explain key concepts from Robotics (robotics.pdf) - Page 233,"Move to Object: The robotic arm moves to the position of the object. 
Grip Object: The robotic arm grips the object. 
Return to Idle: The robotic arm returns to the idle state after performing the 
task. 
 
Transitions and Control Outputs: 
a. Transition from Idle to Move to Object: 
Condition: Command received to move to the object's position. 
Control Output: Calculate the distance and direction to the object using: 
Δx=x2−x1,     Δy=y2−y1,      Δz=z2−z1 
𝑑 = √(𝑥2 − 𝑥1)2 + (𝑦2 − 𝑦1)2 + (𝑧2 − 𝑧1)2 
Move the arm to (x2,y2,z2) 
b.  Transition from Move to Object to Grip Object 
● Condition: Arm reaches the object's position. 
● Control Output: Activate the gripper mechanism to close on the 
object. 
c. Transition from Grip Object to Return to Idle: 
● Condition: Object successfully gripped. 
● Control Output: Move the arm back to the starting position 
(x1,y1,z1)(x1, y1, z1). 
d. Transition from Return to Idle to Idle 
● Condition: Arm reaches the idle position. 
● Control Output: Release the object if required and deactivate the 
gripper. 
 
 
ANSWERS TO REVIEW QUESTIONS (SECTION 3) 
3.1 A continuous value in the context of analogue signals refers to a signal that can        
take on any value within a given range. 
  3.2Any 3 from the table below: 
Characteristics Passive Active"
Explain key concepts from Robotics (robotics.pdf) - Page 234,"Power 
requirement 
No external power 
needed. They operate by 
responding to ambient 
energy. 
Require an external power 
source to generate the 
outgoing signal. 
Energy Emission Do not emit energy; they 
only detect and respond 
to existing energy in the 
environment. 
Emit energy (e.g., sound 
waves, light, or radio waves) 
into the environment. 
Detection Method Respond to natural stimuli 
such as light, heat, 
magnetism, or vibrations. 
Emit a signal and measure 
the reflected or returned 
energy to gather 
information. 
Energy Efficiency Energy-efficient due to 
lack of need for external 
power. 
Less energy -efficient as 
they require power to emit 
signals. 
Examples Light sensors, 
photodiodes (light 
detectors), infrared 
sensors (temperature 
detection), microphones 
(sound detection). 
Ultrasonic sensors (use 
sound for distance 
measurement), LiDAR 
sensors (use light waves for 
3D mapping), radar sensors 
(use radio waves for object 
detection). 
 
1. A digital sensor would be more suitable for detecting if a button is pressed 
because the output is binary (either ""on"" or ""off""). This simplifies the detection 
process since the sensor only needs to distinguish between two states, making 
the response clear and easy to process.  
2. Any three from:  
Specifications: Important details such as operating voltage, range, sensitivity, 
accuracy, and power consumption. 
Functionality: A clear explanation of how the sensor works and how it converts 
a physical quantity into an electrical signal. 
Pinout Diagram: A visual representation showing the connection points and 
functions of the sensor. 
Applications: Examples of different ways the sensor can be used in various 
projects. 
3. You might choose an active sensor over a passive one for certain tasks 
because active sensors generate their own signal, making them better for 
providing precise measurements in challenging environments. For example, in 
low light or noisy surroundings, active sensors are less likely to be affected by 
interference, as they pro duce and control the signal that they use to detect 
objects or measure distances. This makes them more reliable for tasks like"
Explain key concepts from Robotics (robotics.pdf) - Page 235,"obstacle detection in robots or in environments where external conditions could 
affect a passive sensor's accuracy. 
 
3.2 ANSWERS TO REVIEW QUESTIONS 
1. An analogue signal is a continuous representation of a physical quantity, 
such as temperature or voltage, which can take on an infinite number of 
values within a range. A digital signal, on the other hand, represents physical 
quantities using a finite set of discrete values, typically using binary digits (0s 
and 1s). 
2. The two main steps in converting an analogue signal to a digital signal are 
sampling and quantisation. Sampling involves taking measurements of the 
analogue signal at regular intervals (discretising the time axis), while 
quantisation converts the sampled values into a fixed set of discrete values 
(discretising the value axis). 
  
Time Sampled values 
(cm) 
Quantised values (cm) Percentage Error 
7:00 74.78 70 6.39% 
8:00 83.50 80 4.19% 
9:00 92.00 90 2.17% 
10:00 88.97 85 4.46% 
2.  
4. To minimise errors, you could increase the sampling rate (taking more 
frequent measurements) and/or increase the quantisation level (using finer 
intervals to represent the signal values). Both of these adjustments would 
reduce the loss of information during the conversion process, leading to a 
more accurate digital representation. 
 
3.3 ANSWERS TO REVIEW QUESTIONS 
1. The circumference is calculated using the formula C=πd, where d is the 
diameter. C = 3.142 * 10 = 31.42 cm 
2. First, calculate the circumference using C=πd, where d=5 cm, C=3.142 * 
5=15.71cm. The robot travels 3 rotations, so the total distance is: 
15.71*3=47.13 cm 
3. Convert 2 metres to centimetres: 2 m=200 cm. The circumference of the 
wheel is C=πd: C=3.142×8=25.14 cm. The number of rotations is the 
total distance divided by the circumference: Rotations = 
200/25.14≈7.96 rotations 
4. The larger wheels have a greater circumference, so each rotation covers 
more distance. For example, a 12 cm diameter wheel has a circumference of 
3.142×12=37.70 cm, while a 6 cm diameter wheel has a circumference of"
Explain key concepts from Robotics (robotics.pdf) - Page 236,"3.142×6=18.85 cm. The larger wheel travels about twice as far with each 
rotation. 
 
ANSWERS TO REVIEW QUESTIONS (SECTION 4) 
1. a. Logic Circuit Description 
i. Inputs: A, B. 
ii. Gates: 
● AND Gate: Takes inputs A and B, producing A⋅B 
● NOR Gate: Takes inputs A and B, producing A+B. 
● XOR Gate: Takes the outputs of the AND and NOR gates as inputs 
and produces the final output C. 
 Step 1: Truth Table  
A B AND (A⋅B) NOR (𝑨 + 𝑩̅̅̅̅̅̅̅̅) XOR (𝑨 ⋅ 𝑩 ⊕ 𝑨 + 𝑩̅̅̅̅̅̅̅̅) 
0 0 0 1 1 
0 1 0 0 0 
1 0 0 0 0 
1 1 1 0 1 
Step 2: Final Output Expression 
● AND Gate Output: A⋅B 
● NOR Gate Output: 𝑨 + 𝑩̅̅̅̅̅̅̅̅ 
● XOR Gate Output: C=(𝑨 ⋅ 𝑩) ⊕ 𝑨 + 𝑩̅̅̅̅̅̅̅̅ 
b. Logic Circuit Analysis 
a. Inputs: A, B, C. 
b. Gate Outputs: 
● AND Gate: A⋅B 
● OR Gate: B+C 
● NOT Gate: 𝐴̅ 
● Final OR Gate: Combines the outputs of the AND gate, the OR gate, and 
the NOT gate to produce F: 𝐹 = (𝐴 ⋅ 𝐵) + (𝐵 + 𝐶) + 𝐴̅ 
Step 1: Truth Table 
A B C AND (A⋅B) OR (B+C) 𝐴̅ F 
0 0 0 0 0 1 1 
0 0 1 0 1 1 1"
Explain key concepts from Robotics (robotics.pdf) - Page 237,"0 1 0 0 1 1 1 
0 1 1 0 1 1 1 
1 0 0 0 0 0 0 
1 0 1 0 1 0 1 
1 1 0 1 1 0 1 
1 1 1 1 1 0 1 
Step 2: Simplified Expression 
Simplify the output expression for F: 𝐹 = (𝐴 ⋅ 𝐵) + (𝐵 + 𝐶) + 𝐴̅ 
Using Boolean Algebra to simplify : 𝐹 = 𝐴 ⋅ 𝐵 + 𝐵 + 𝐶 + 𝐴̅ 
Combine terms : 𝐹 = 𝐵 + 𝐶 + 𝐴̅ 
2. a. Expression: (𝐴 + 𝐵 + 𝐶) ( 𝐴 +  𝐵̅ + 𝐶)(𝐴 + 𝐵 + 𝐶̅) 
Step 1: Apply the Distributive Law 
Distribute the first two terms : (𝐴 + 𝐵 + 𝐶) 𝑎𝑛𝑑 ( 𝐴 +  𝐵̅ + 𝐶): 
(𝐴 + 𝐵 + 𝐶)( 𝐴 +  𝐵̅ + 𝐶)
= 𝐴(𝐴 +  𝐵̅ + 𝐶) + 𝐵( 𝐴 +  𝐵̅ + 𝐶) + 𝐶(𝐴 + 𝐵̅ + 𝐶) 
Step 2: Simplify each term using the Idempotent Law and other Boolean 
laws: 
a. 𝐴( 𝐴 +  𝐵̅ + 𝐶) = 𝐴 + 𝐴𝐵̅ + 𝐴𝐶 (Since A.A=A) 
𝐴 + 𝐴𝐵̅ + 𝐴𝐶 = 𝐴 (1 + 𝐵̅ + 𝐶) = 𝐴 (Since 1 + anything is always 1) 
b. 𝐵( 𝐴 +  𝐵̅ + 𝐶)=𝐵𝐴 +  𝐵𝐵̅ + 𝐵𝐶) = 𝐵𝐴 + 0 + 𝐵𝐶 = 𝐵𝐴 + 𝐵𝐶  
c. 𝐶( 𝐴 +  𝐵̅ + 𝐶) = 𝐶𝐴 + 𝐶𝐵̅ + 𝐶 = 𝐶(𝐴 + 𝐵̅ + 1) = 𝐶  
Thus, the expression becomes: 𝐴 + 𝐵𝐴 + 𝐵𝐶 + 𝐶 
Step 3: Apply absorption law i.e.. 𝐴 + 𝐵𝐴 = 𝐴 and 𝐵𝐶 + 𝐶 = 𝐶. Thus, the 
new expression becomes: 𝐴 + 𝐶 
Step 4: Now distribute 𝐴 + 𝐶 to (𝐴 + 𝐵 + 𝐶̅): (𝐴 + 𝐶)(𝐴 + 𝐵 + 𝐶̅)) 
𝐴𝐴 + 𝐴𝐵 + 𝐴𝐶̅) + 𝐶𝐴 + 𝐶𝐵 + 𝐶𝐶̅ = 𝐴 + 𝐴𝐵 + 𝐴𝐶̅) + 𝐶𝐴 + 𝐶𝐵 
Step 5: Apply absorption law i.e.. 𝐴 + 𝐴𝐵 + 𝐴𝐶̅) + 𝐶𝐴 = 𝐴 
Thus, the final expression becomes: 
𝐴 + 𝐶𝐵 or 𝐴 + 𝐵𝐶 
 
b. Expression: 𝐴𝐵 + 𝐴𝐵̅𝐶 + 𝐴𝐵̅𝐶̅ 
Step 1: Factor out 𝐴𝐵̅ from the last two terms: 𝐴𝐵 + 𝐴𝐵̅𝐶 + 𝐴𝐵̅𝐶̅ 
= 𝐴𝐵 + 𝐴𝐵̅(𝐶 + 𝐶̅) = 𝐴𝐵 + 𝐴𝐵̅(1) = 𝐴𝐵 + 𝐴𝐵̅ 
Step 2: Factor out A from the expression: 𝐴𝐵 + 𝐴𝐵̅ = 𝐴(𝐵 + 𝐵̅) = 𝐴(1)  
Thus, the final expression becomes: 𝐴 
 
c. Expression: 𝐴𝐵̅̅̅̅𝐶 + 𝐴̅𝐵𝐶̅ + 𝐴𝐵𝐶̅ + 𝐴𝐵𝐶"
Explain key concepts from Robotics (robotics.pdf) - Page 238,"Step 1: Apply DeMorgans first law (𝑨𝑩̅̅̅̅ = 𝑨̅  + 𝑩̅) to simplify first 
expression:  
  (𝐴̅ + 𝐵̅)𝐶 + 𝐴̅𝐵𝐶̅ + 𝐴𝐵𝐶̅ + 𝐴𝐵𝐶 = 𝐴̅𝐶 + 𝐴̅𝐶 + 𝐴̅𝐵𝐶̅ + 𝐴𝐵𝐶̅ + 𝐴𝐵𝐶 
Step 2: Factor out AB from fifth and sixth expression to further simplify: 
𝐴̅𝐶 + 𝐴̅𝐶 + 𝐴̅𝐵𝐶̅ + 𝐴𝐵(𝐶̅ + 𝐶) = 𝐴̅𝐶 + 𝐴̅𝐶 + 𝐴̅𝐵𝐶̅ + 𝐴𝐵 
Step 3: Group common terms in order to further simplify: 
𝐴̅𝐶 + 𝐴̅𝐶 + 𝐴̅𝐵𝐶̅ + 𝐴𝐵 = 𝐴̅𝐶 + 𝐴̅𝐵𝐶̅ + 𝐴̅𝐶 + 𝐴𝐵 = 𝐴̅(𝐶 + 𝐵𝐶̅) + 𝐴̅𝐶 + 𝐴𝐵 
Step 4: Apply law  𝐴 + 𝐴̅𝐵 = 𝐴 + 𝐵 and further simplify: 
𝐴̅(𝐶 + 𝐵𝐶̅) + 𝐴̅𝐶 + 𝐴𝐵 = 𝐴̅(𝐶 + 𝐵) + 𝐴̅𝐶 + 𝐴𝐵 = 𝐴̅𝐶 + 𝐴̅𝐵 + 𝐴̅𝐶 + 𝐴𝐵 
Step 5: Group common terms in order to further simplify: 
𝐴̅𝐶 + 𝐴̅𝐵 + 𝐴̅𝐶 + 𝐴𝐵 = 𝐴̅𝐶 + 𝐴̅𝐶 + 𝐴̅𝐵 + 𝐴𝐵 = 𝐴̅𝐶 + 𝐵(𝐴̅ + 𝐴) 
= 𝐴̅𝐶 + 𝐵 
Therefore, the final expression becomes: 𝐴̅𝐶 + 𝐵 
 
Answers to Review Questions 4.2 
1. A Karnaugh Map (K-Map) is a graphical tool used to simplify Boolean expressions in 
digital logic design. It organises truth table outputs into a grid format, allowing for the 
visual grouping of adjacent cells with the same values. This simplification helps in 
minimising the number of terms and logic gates needed in a digital circuit. 
2. The primary purpose of a Karnaugh Map is to simplify Boolean expressions, reducing the 
number of variables and terms. This leads to: 
a. Efficient circuit designs by minimising the number of logic gates. 
b. Reduced costs in hardware implementation. 
c. Improved performance due to lower propagation delays in the circuit. 
d. Easier debugging and maintenance of digital systems. 
3. Solution: 
Given the expression: 𝐴𝐵 + 𝐴𝐵̅ 
First simply the expression by using Boolean laws: 
a. Apply distributive property law and factor out 𝑨: 𝐴(𝐵 + 𝐵̅) 
b. Since: 𝐵 + 𝐵̅ = 1, the simplified expression becomes 𝐴(1) or simply 𝐴 
However, check that this is correct by creating a still K-Map. 
 
 
In the above K-Map, both cells in row A=1contain 1. These cells are adjacent and 
can be grouped together. The grouping indicates that the simplified expression is"
Explain key concepts from Robotics (robotics.pdf) - Page 239,"A. This is because the grouping represents (10) and (11), A is 1 in both cells, B 
changes. 
This matches the earlier simplification. 
4. Obstacle detection and forward movement logic for the robot 
a. Determine the variables in this scenario and derive the Boolean expression for the 
forward movement (𝐹): 
i. S1, S2 and S3 will be represented by A, B and C, respectively. 
ii. A: Obstacle in front (A=1) or no obstacle (A=0). 
iii. B: Obstacle in front (B=1) or no obstacle (B=0). 
iv. C: Obstacle in front (C=1) or no obstacle (C=0). 
Forward movement (𝐹) occurs if: 
▪ No obstacle in front (𝐴 = 0) 
▪ At least one side sensor detects obstacle (𝐵 = 1) or (𝐶 = 0) 
The Boolean expression for 𝐹 is: 𝐹=𝐴̅(𝐵̅ + 𝐶̅) 
b. Simplify the expression using a K-Map: 
i. Construct a truth table for 𝐹 
A B C F 
0 0 0 1 
0 0 1 1 
0 1 0 1 
0 1 1 0 
1 0 0 0 
1 0 1 0 
1 1 0 0 
1 1 1 0 
 
ii. Fill the K-Map for 𝑭: For 3 variables (𝐴, 𝐵 𝑎𝑛𝑑 𝐶):"
Explain key concepts from Robotics (robotics.pdf) - Page 240,"The K-Map confirms the original expression 𝐹=𝐴̅(𝐵̅ + 𝐶̅) with no further 
simplification possible. 
c. Provide the optimised circuit design 
 
Answers to Review Questions 4.3 
1. A resistor limits or regulates the flow of electrical current in a circuit. It ensures 
that other components, such as LEDs or transistors, receive the appropriate 
amount of current to function correctly without being damaged. Resistors are 
also used to divide voltage and set bias points in circuits. 
2. The following are the steps to measure resistor rating as well as how to ensure 
accuracy using a multimeter to measure the rating of a resistor: 
a. Ensure the circuit is powered off and the resistor is disconnected from the 
circuit to avoid interference from other components. 
b. Set the multimeter to the ""resistance"" or Ω mode. 
c. Connect the multimeter probes to the two terminals of the resistor. 
d. Read the resistance value displayed on the multimeter. 
The following are the steps one needs to following to ensure measurements 
are accurate:"
Explain key concepts from Robotics (robotics.pdf) - Page 241,"a. Select the appropriate range on the multimeter if it does not have an auto-
ranging feature. 
b. Ensure the probes are clean and properly connected to the terminals. 
c. Avoid touching the metal tips of the probes during measurement to prevent 
interference from body resistance. 
3. The steps involved in measuring the capacitance of a capacitor using a 
multimeter are: 
a. Turn off the circuit and discharge the capacitor completely to avoid 
damage to the multimeter. 
b. Set the multimeter to the ""capacitance"" mode. 
c. Connect the multimeter probes to the terminals of the capacitor (observe 
polarity for polarised capacitors). 
d. Wait for the multimeter to stabilise and display the capacitance value. 
e. If the capacitor is polarised, ensure the positive and negative terminals are 
correctly identified and connected. 
4. The following are the steps to troubleshoot with a multimeter 
a. Continuity Test: Check for open or broken connections on the PCB using 
the continuity mode. Ensure that all solder joints are properly connected. 
b. Voltage Test: Measure the voltage at different points in the circuit to 
confirm power is reaching the components. Verify that the power supply is 
providing the correct voltage. 
c. Component Testing: Test individual components like resistors, 
capacitors, or the LED to confirm they are functional and match their 
specified ratings. 
d. Check Polarity: Ensure polarised components like LEDs and capacitors 
are oriented correctly. 
e. Soldering Inspection: Look for issues such as cold joints, bridging, or 
excess solder and fix them if necessary. 
5. It important to ensure precision when soldering components onto a PCB 
because precision ensures reliable electrical connections and the proper 
functioning of the circuit. It minimises the risk of faults and enhances durability. 
Some examples of potential problems that could arise from poor soldering 
techniques and how they can be avoided include: 
a. Cold Joints: Poor soldering can lead to weak connections that 
intermittently work or fail. 
Prevention: Use the correct soldering temperature and ensure the solder 
flows smoothly over the joint. 
b. Bridging: Excess solder can create unintended connections between 
adjacent pads, causing short circuits. 
Prevention: Apply solder sparingly and use a desoldering tool to remove 
excess solder."
Explain key concepts from Robotics (robotics.pdf) - Page 242,"6. Plan for Converting a Schematic Diagram into a Soldered Circuit: 
a. Understand the Schematic: 
i. Study the diagram and note all components and their 
connections. 
ii. Identify the power supply, signal paths, and ground connections. 
b. Plan the PCB Layout: 
i. Sketch a layout showing where each component will be placed. 
ii. Group related components together for logical flow. 
iii. Minimise crossing paths to simplify routing. 
c. Prepare the PCB: 
i. Gather all components and tools, including the PCB, soldering 
iron, solder, and flux. 
ii. Clean the PCB to remove dirt or grease. 
d. Place Components: 
i. Insert components into the designated locations on the PCB. 
ii. Secure them temporarily with tape or by bending the leads slightly. 
e. Solder the Components: 
i. Solder each component one at a time, starting with smaller 
components like resistors and progressing to larger ones. 
ii. Trim excess leads after soldering. 
f. Inspect the PCB: 
i. Check all solder joints for defects like cold joints or bridging. 
Rework any problematic areas. 
g. Test the Circuit: 
i. Use a multimeter to verify continuity and correct voltage at key 
points. 
ii. Power the circuit and observe its functionality. 
iii. Troubleshoot any faults using the steps outlined in Question 4. 
h. Finalise the Circuit: 
i. Secure the PCB in its enclosure if required. 
ii. Perform a final test to ensure reliability. 
 
ANSWERS TO REVIEW QUESTIONS (SECTION 4) 
1. a. Logic Circuit Description 
i.Inputs: A, B. 
ii.Gates: 
• AND Gate: Takes inputs A and B, producing A⋅B 
• NOR Gate: Takes inputs A and B, producing A+B. 
• XOR Gate: Takes the outputs of the AND and NOR gates as inputs 
and produces the final output C. 
 Step 1: Truth Table  
A B AND (A⋅B) NOR () XOR ()"
Explain key concepts from Robotics (robotics.pdf) - Page 243,"0 0 0 1 1 
0 1 0 0 0 
1 0 0 0 0 
1 1 1 0 1 
Step 2: Final Output Expression 
• AND Gate Output: A⋅B 
• NOR Gate Output:  
• XOR Gate Output: C= 
 
b. Logic Circuit Analysis 
a. Inputs: A, B, C. 
b. Gate Outputs: 
• AND Gate: A⋅B 
• OR Gate: B+C 
• NOT Gate:  
• Final OR Gate: Combines the outputs of the AND gate, the OR gate, and 
the NOT gate to produce F:  
Step 1: Truth Table 
A B C AND (A⋅B) OR (B+C) 
 
F 
0 0 0 0 0 1 1 
0 0 1 0 1 1 1 
0 1 0 0 1 1 1 
0 1 1 0 1 1 1 
1 0 0 0 0 0 0 
1 0 1 0 1 0 1 
1 1 0 1 1 0 1 
1 1 1 1 1 0 1 
Step 2: Simplified Expression 
Simplify the output expression for F:  
Using Boolean Algebra to simplify :"
Explain key concepts from Robotics (robotics.pdf) - Page 244,"Combine terms :  
2. a. Expression: ) 
Step 1: Apply the Distributive Law 
Distribute the first two terms : : 
Step 2: Simplify each term using the Idempotent Law and other Boolean 
laws: 
b.  =  (Since A.A=A) 
 (Since 1 + anything is always 1) 
c. =  
c.   
Thus, the expression becomes:  
Step 3: Apply absorption law iei.e..  and . ThusThus, the new expression 
becomes:  
Step 4: Now distribute  to :  
Step 5: Apply absorption law iei.e..  =  
ThusThus, the final expression becomes: 
 or  
 
b. Expression:  
Step 1: Factor out  from the last two terms:  
Step 2: Factor out A from the expression:   
ThusThus, the final expression becomes:  
 
c. Expression:  
Step 1: Apply DeMorgans first law () to simplify first expression:  
   
Step 2: Factor out AB from fifth and sixth expression to further simplify: 
Step 3: Group common terms in order to further simplify: 
Step 4: Apply law   and further simplify: 
Step 5: Group common terms in order to further simplify: 
ThereforeTherefore, the final expression becomes:  
 
Answers to Review Questions 4.2 
1. A Karnaugh Map (K-Map) is a graphical tool used to simplify Boolean expressions in 
digital logic design. It organiszes truth table outputs into a grid format, allowing for 
the visual grouping of adjacent cells with the same values. This simplification help s 
in minimiszing the number of terms and logic gates needed in a digital circuit. 
2. The primary purpose of a Karnaugh Map is to simplify Boolean expressions, reducing the 
number of variables and terms. This leads to: 
a. Efficient circuit designs by minimiszing the number of logic gates. 
b. Reduced costs in hardware implementation. 
c. Improved performance due to lower propagation delays in the circuit. 
d. Easier debugging and maintenance of digital systems. 
3. Solution: 
Given the expression:"
Explain key concepts from Robotics (robotics.pdf) - Page 245,"FWe can first simply the expression by using Boolean laws: 
a. Apply distributive property law and factor out :  
b. Since: , the simplified expression becomes  or simply  
HoweverHowever, check that this is correct by creating a, let us still fill out the K -Map to 
demonstrate the process. 
 
 
In the above K-Map, both cells in row A=1contain 1. These cells are adjacent and 
can be grouped together. The grouping indicates that the simplified expression 
is:is A. This is because the grouping represents (10) and (11), A is 1 in both cells, 
B changes. 
This matches the earlier simplification. 
4. Obstacle detection and forward movement logic for the robot 
a. Determine the variables in this scenario and derive the Boolean expression for the 
forward movement (): 
i. S1, S2 and S3 will representedbe represented by A, B and CC, respectively. 
ii. A: Obstacle in front (A=1) or no obstacle (A=0). 
iii.B: Obstacle in front (B=1) or no obstacle (B=0). 
iv.C: Obstacle in front (C=1) or no obstacle (C=0). 
Forward movement () occurs if: 
• No obstacle in front () 
• At least one side sensor detects obstacle () or () 
The Boolean expression for  is: = 
b. Simplify the expression using a K-Map: 
i.Construct a truth table for  
A B C F"
Explain key concepts from Robotics (robotics.pdf) - Page 246,"0 0 0 1 
0 0 1 1 
0 1 0 1 
0 1 1 0 
1 0 0 0 
1 0 1 0 
1 1 0 0 
1 1 1 0 
 
 
ii. Fill the K-Map for : For 3 variables (): 
 
The K-Map confirms the original expression = with no further simplification 
possible. 
c. Provide the optimiszed circuit design"
Explain key concepts from Robotics (robotics.pdf) - Page 247,"Answers to Review Questions 4.3 
1. A resistor limits or regulates the flow of electrical current in a circuit. It ensures 
that other components, such as LEDs or transistors, receive the appropriate 
amount of current to function correctly without being damaged. Resistors are 
also used to divide voltage and set bias points in circuits. 
2. The following are the steps to measure resistor rating as well as how to ensure 
accuracy using a multimeter to measure the rating of a resistor: 
a. Ensure the circuit is powered off and the resistor is disconnected 
from the circuit to avoid interference from other components. 
b. Set the multimeter to the ""resistance"" or Ω mode. 
c. Connect the multimeter probes to the two terminals of the 
resistor. 
d. Read the resistance value displayed on the multimeter. 
The following are the steps one needs to following to ensreensure 
measurements are accurate: 
a. Select the appropriate range on the multimeter if it does not have an auto-
ranging feature. 
b. Ensure the probes are clean and properly connected to the terminals. 
c. Avoid touching the metal tips of the probes during measurement 
to prevent interference from body resistance. 
1. The steps involved in measuring the capacitance of a capacitor using a 
multimeter are: 
a. Turn off the circuit and discharge the capacitor completely to avoid 
damage to the multimeter. 
b. Set the multimeter to the ""capacitance"" mode. 
c. Connect the multimeter probes to the terminals of the capacitor (observe 
polarity for polarised capacitors). 
d. Wait for the multimeter to stabilisze and display the capacitance value."
Explain key concepts from Robotics (robotics.pdf) - Page 248,"e. If the capacitor is polarised, ensure the positive and negative terminals 
are correctly identified and connected. 
2. The following are the steps to troubleshoot with a multimeter 
a. Continuity Test: Check for open or broken connections on the 
PCB using the continuity mode. Ensure that all solder joints are properly 
connected. 
b. Voltage Test: Measure the voltage at different points in the circuit to confirm 
power is reaching the components. Verify that the power supply is providing the correct 
voltage. 
c. Component Testing: Test individual components like resistors, 
capacitors, or the LED to confirm they are functional and match their 
specified ratings. 
d. Check Polarity: Ensure polarised components like LEDs and 
capacitors are oriented correctly. 
e. Soldering Inspection: Look for issues such as cold joints, 
bridging, or excess solder and fix them if necessary. 
3. It important to ensure precision when soldering components onto a PCB 
because precision ensures reliable electrical connections and the proper functioning of 
the circuit. It minimiszes the risk of faults and enhances durability. 
Some examples of potential problems that could arise from poor soldering 
techniques and how they can be avoided include: 
a. Cold Joints: Poor soldering can lead to weak connections that 
intermittently work or fail. 
Prevention: Use the correct soldering temperature and ensure the solder 
flows smoothly over the joint. 
b. Bridging: Excess solder can create unintended connections between 
adjacent pads, causing short circuits. 
Prevention: Apply solder sparingly and use a desoldering tool to remove 
excess solder. 
4. Plan for Converting a Schematic Diagram into a Soldered Circuit: 
a. Understand the Schematic: 
i.Study the diagram and note all components and their 
connections. 
ii.Identify the power supply, signal paths, and ground connections. 
b. Plan the PCB Layout: 
i.Sketch a layout showing where each component will be placed. 
ii.Group related components together for logical flow. 
iii.Minimisze crossing paths to simplify routing. 
c. Prepare the PCB: 
i.Gather all components and tools, including the PCB, soldering 
iron, solder, and flux."
Explain key concepts from Robotics (robotics.pdf) - Page 249,"ii.Clean the PCB to remove dirt or grease. 
d. Place Components: 
i.Insert components into the designated locations on the PCB. 
ii.Secure them temporarily with tape or by bending the leads slightly. 
e. Solder the Components: 
i.Solder each component one at a time, starting with smaller 
components like resistors and progressing to larger ones. 
ii.Trim excess leads after soldering. 
f. Inspect the PCB: 
i.Check all solder joints for defects like cold joints or bridging. 
Rework any problematic areas. 
g. Test the Circuit: 
i.Use a multimeter to verify continuity and correct voltage at key 
points. 
ii.Power the circuit and observe its functionality. 
iii.Troubleshoot any faults using the steps outlined in Question 4. 
h. Finalisze the Circuit: 
i.Secure the PCB in its enclosure if required. 
ii.Perform a final test to ensure reliability. 
 
 
 
ANSWERS TO REVIEW QUESTIONS (SECTION 5) 
1. Any three of the following: 
a. Enhances precision and accuracy in design. 
b. Enables quick modifications and iterations of designs. 
c. Provides tools for 2D and 3D visualisation of robotic components. 
d. Facilitates collaboration through digital sharing and feedback. 
e. Supports virtual testing and optimiszation before prototyping. 
2. Any two of the following: 
a. Tinkercad 
b. Fusion 360 
c. SolidWorks 
d. Autodesk Inventor 
e. FreeCAD 
3. Any of the following key differences: 
a. 2D Models: Represent objects using only length and width, 
appearing flat like a drawing on paper. Example: A blueprint or schematic 
for a robot's wiring layout. 
b. 3D Models: Include length, width, and depth, providing a realistic 
view of the object. Example: A solid model of a robotic arm or gear 
assembly used for visualisation and simulation. 
4. Any of the following comparisons: 
 
Freehand Sketching CAD Software"
Explain key concepts from Robotics (robotics.pdf) - Page 250,"Quick and intuitive for capturing 
initial ideas. 
Allows precise and detailed designs. 
Encourages creativity and 
brainstorming. 
Offers tools for analysis, visualiszation, and 
simulation. 
Requires minimal tools (pen and 
paper). 
Requires technical knowledge and access to 
software. 
Example: A rough sketch of a robot's 
gripper concept. 
Example: A refined 3D model of the robot's 
gripper for prototyping. 
Summary: While freehand sketching is ideal for the conceptual stage, CAD 
software transforms these concepts into detailed and functional designs. Both 
methods are valuable and often complement each other in the design process. 
5. Step-by-Step Guide: Creating a 3D Model of a Robot Wheel in Tinkercad 
a. Open Tinkercad: Visit Tinkercad.com and sign up or log in. 
b. Start a New Design: Click Create New Design to open the 
workspace. 
c. Add a Base Shape: Drag a cylinder from the shapes panel onto 
the workspace. This will form the wheel’s base. 
d. Adjust Dimensions: Use the corner handles to resize the cylinder. 
Set the diameter to 50mm and the height to 10mm for a basic wheel. 
e. Create a Hole for the Axle: 
i.Drag a smaller cylinder onto the workspace. 
ii.Change it to a hole by selecting it and clicking the ""Hole"" option. 
iii.Resize it to 10mm in diameter and align it to the centre of the larger cylinder. 
f. Group the Shapes: 
i.Select both the solid cylinder (wheel) and the hole cylinder (axle 
slot). 
ii.Click Group to cut the hole into the wheel. 
g. Optional: Add Treads: 
i.Drag small rectangles onto the sides of the wheel. 
ii.Duplicate and align them around the circumference for added 
grip. 
h. Save and Export: Click Export and choose STL to save the file for 3D printing. 
 
Answers to Review Questions 5.2 
1. The three main types of manufacturing are: 
a. Additive Manufacturing (AM): This involves building objects layer by layer from 
digital models."
Explain key concepts from Robotics (robotics.pdf) - Page 251,"Example: 3D Printing (FDM, SLA, SLS). Used for creating prototypes or custom parts in 
industries like automotive, aerospace, and robotics. 
b. Subtractive Manufacturing: This involves removing material from a solid block 
using tools or machines like mills or lathes. Example: CNC Machining. Used for 
producing precise parts from metal or plastic for industries like aerospace, automotive, 
and medical devices. 
c. Formative Manufacturing: This involves shaping materials by applying pressure 
to deform them, such as through moulding, casting, or forging. Example: Injection 
MoldingMoulding. Common in the mass production of plastic parts for industries like 
consumer electronics and automotive. 
2. The table below contains a comparison of FDM and Resin 3D printing based on 
factors like material, resolution, and safety considerations. 
Factor FDM 3D Printing Resin 3D Printing (SLA/DLP) 
Material Uses thermoplastic filament 
(e.g., PLA, ABS, PETG). 
Uses liquid photopolymer resin 
that hardens under UV light. 
Resolution Moderate resolution, with visible 
layer lines; suitable for 
functional parts. 
High resolution, with finer 
detail and smoother surface 
finishes. 
Speed Faster printing speeds 
compared to resin printing. 
Slower due to the layer curing 
process. 
Safety 
Considerations 
Generally safer, but the filament 
may emit fumes in high 
temperatures (ensure 
ventilation). 
Resin is toxic, requires gloves 
and masks during handling. 
Proper ventilation is needed. 
Cost Lower material costs and overall 
setup. 
Resin is generally more 
expensive, and printers are 
often costlier. 
3. A Table Comparing Different Filament Materials (PLA, ABS, PETG) 
Filament Properties Strength Flexibility Ease of Use Recommended 
Use 
PLA Biodegradable, 
easy to print, 
low warping, 
can be brittle. 
Moderate Low Very easy to 
use, low 
printing 
temperature 
Ideal for 
prototypes, 
decorative 
models, but not 
suitable for load-
bearing parts. 
ABS Strong, impact-
resistant, heat-
High Moderate Requires a 
heated bed 
Best for 
functional parts"
Explain key concepts from Robotics (robotics.pdf) - Page 252,"resistant, can 
warp. 
and 
enclosed 
print area. 
that need 
strength and 
toughness. 
PETG Stronger than 
PLA, good 
chemical 
resistance, 
flexible, low 
shrinkage. 
High Moderate 
to High 
Easy to print, 
low warping, 
good 
adhesion. 
Best for durable 
parts requiring 
both strength 
and flexibility.  
Recommended Filament for Printing a Strong Gear Component: 
PETG is the most suitable filament for printing a strong gear component. The 
reasons are: 
a. Strength: PETG has high strength, making it suitable for load-bearing parts like 
gears. 
b. Flexibility: It provides enough flexibility to handle the stresses and strains gears 
undergo without being brittle, unlike PLA. 
c. Chemical Resistance: PETG offers good resistance to wear and tear, important 
for parts that might come into contact with other components or materials. 
While ABS is also strong, its tendency to warp and its difficulty to print may make 
PETG a better choice for most users. PLA, though easy to use, is generally too 
brittle for functional, high-stress parts like gears. 
4. Warping occurs when the material cools unevenly, causing it to contract and pull 
away from the print bed, leading to deformed or lifted corners. Several factors can 
contribute to this: 
a. Improper bed adhesion: If the print bed is not properly prepared or levelled, the 
first layers may not stick well, causing warping as the print progresses. 
b. Temperature fluctuations: Uneven cooling or drafts can cause parts of the print 
to cool at different rates, leading to warping. 
c. Print material: Certain materials like ABS are more prone to 
warping due to their higher thermal expansion compared to others like 
PLA. 
Solution to Address Warping: 
a. Ensure proper bed adhesion: Use a heated bed to keep the first 
few layers of the print warm and properly adhered to the surface. 
Consider using adhesives like glue stick, painter’s tape, or a specific 3D 
print surface like BuildTak or PEI. 
b. Increase print bed temperature: For materials prone to warping (e.g., ABS), 
increasing the bed temperature (e.g., 100°C for ABS) helps to keep the material stuck to 
the bed. 
c. Use an enclosure: Printing within an enclosed space (e.g., a 3D printer with a 
heated chamber) can minimise drafts and temperature fluctuations around the print."
Explain key concepts from Robotics (robotics.pdf) - Page 253,"d. Lower print speed: Slowing down the print speed, especially in the first few 
layers, allows for better adhesion and reduces the risk of warping. 
e. Use materials with less warping tendency: If warping persists with a certain 
filament, consider switching to materials like PLA or PETG, which are less prone to 
warping. 
5. When designing a gripper for a robot, it is important to consider the following 
aspects: 
a. Grip Strength: The gripper must have sufficient force to grasp and hold objects. 
The design should include features that increase the surface area in contact with the 
object to ensure a firm grip, such as soft pads or fingers with slightly curved surfaces to 
distribute the force. 
b. Size and Shape: The gripper’s design should be adaptable to 
different object sizes. This could include adjustable finger positions or a 
flexible, adaptive design. 
c. Actuation Mechanism: Consider how the gripper will be actuated 
(e.g., pneumatic, hydraulic, or electric motors). The design must account 
for space and mounting of actuators. 
d. Weight: As the gripper will be attached to a robotic arm, it should 
be lightweight to minimise strain on the robot’s motors and actuators. 
e. Durability: The gripper should withstand repeated use and be able 
to handle different materials without breaking down. 
f. Ease of 3D Printing: The design should be simple enough to be printed easily, 
with minimal overhangs and complex supports to ensure successful printing. 
Key Components of the Gripper Design: 
a. Fingers: The gripper can have two or three fingers that open and close to grasp 
an object. These fingers should be curved slightly inward to provide a better hold. 
b. Pivot Mechanism: A pivot or hinge mechanism that allows the 
fingers to open and close. This could be achieved using a pin or a flexible 
printed joint. 
c. Palm: The base of the gripper that connects to the robotic arm, 
andarm and provides the necessary support for the fingers. 
Material Selection for the Gripper: 
a. PLA: For rapid prototyping or non-load-bearing applications, PLA 
can be a good choice as it is easy to print and available in various colours. 
However, it is brittle and may not be durable enough for heavy-duty 
gripping applications. 
b. PETG: A more robust option compared to PLA, PETG offers 
durability and strength while maintaining flexibility. It is resistant to wear, 
less likely to crack, and is suitable for a gripper that may be exposed to 
stress during gripping or manipulation tasks. 
c. ABS: ABS is strong and durable, making it suitable for grippers that 
will experience heavy mechanical loads. However, it requires a heated 
bed and proper cooling to avoid warping during printing."
Explain key concepts from Robotics (robotics.pdf) - Page 254,"d. Nylon: For higher strength and flexibility, nylon is ideal for functional grippers 
that need to withstand significant wear and tear. Nylon also has excellent resistance to 
abrasion. 
Justification for Material Selection: 
For the custom gripper, PETG would be the best choice due to the following 
reasons: 
a. Strength and Flexibility: PETG provides a good balance between strength and 
flexibility, making it ideal for gripping components that need to hold objects securely 
while being flexible enough to absorb the stresses of gripping. 
b. Durability: PETG has better impact resistance than PLA, and unlike ABS, it does 
not require a heated chamber, making it easier to print while still offering durability. 
c. Ease of Printing: PETG is easier to print than ABS, with lower 
chances of warping, and is compatible with most 3D printers without 
requiring high-end features. 
This material would be durable enough to function effectively as part of a gripper 
in a robotics system without the brittleness of PLA or the complications of ABS. 
 
ANSWERS TO REVIEW QUESTIONS (SECTION 6) 
1. A flowchart is a drawing that uses symbols and arrows to show the steps in a 
process or an algorithm. It is important in robotics because it makes it easier to 
understand and follow the steps a robot must take to complete a task. 
2. Pseudocode is a way of writing the steps of a task in simple words that look like a 
mix of everyday language and computer commands. Unlike a flowchart, 
pseudocode does not use symbols or drawings, but it still shows the steps of an 
algorithm clearly. 
3. A feedback loop uses information from sensors to adjust what the robot is doing. 
For example, if a robot is too close to an obstacle, it will change direction. A non-
feedback loop does not use sensor data. It follows a set of fixed instructions, like 
a robot moving forward for a specific amount of time without checking its 
surroundings. 
4. The robot starts moving forward and uses sensors to check for obstacles. If an 
obstacle is found, the robot stops, finds a way around it, and then continues to 
the target. A flowchart for this task would include decision points to show when 
the robot checks for obstacles and makes changes to its path. 
5."
Explain key concepts from Robotics (robotics.pdf) - Page 255,Figure 6.5: Flowchart for obstacle avoidance Robot
Explain key concepts from Robotics (robotics.pdf) - Page 256,"ANSWERS TO REVIEW (SECTION 7) 
A. 1. A crank and rocker system is used to convert rotary motion into an oscillating 
motion, like moving a handle back and forth. 
2. A Geneva drive is a mechanism that converts continuous rotary motion into 
intermittent motion by using a wheel with slots that is engaged by a rotating pin. 
3. A cam mechanism changes rotary motion into linear motion. The cam pushes a 
follower up and down as it rotates, creating straight-line movement. 
4. A pendulum mechanism swings back and forth due to gravity, while a crank and 
rocker system uses gears or motors to create back-and-forth motion. 
5. A planetary gear system provides high torque and smooth motion in a compact 
space, making it ideal for precise movements in robotic arms. However, it can be 
complex and expensive to design.  
 
B. 1. Linear velocity (v) = radius (r) × angular velocity (ω) 
          v = 0.2 × 5 = 1m/s. 
The robot’s wheel moves forward at a linear velocity of 1 metre per second. 
2. The formula is: 
ω = ω0 + αt 
Where: 
• ω = angular velocity 
• ω0 = initial angular velocity 
• α = angular acceleration 
• t = time 
3. The angular velocity is calculated using the formula stated in the answer to question 6: 
Given: 
ω0=10°/s 
α=2°/s2 
t = 5 seconds 
ω = 10 + (2×5) = 20°/s 
The angular velocity will be 20°/s. 
4. The journey has two parts: acceleration and constant speed. 
i.During acceleration: 
The time to reach 1 m/s is: 
t=va=10.4=2.5 seconds 
The distance covered is: 
d=12at2=12×0.4×2.52=1.25m 
ii. At constant speed: 
The remaining distance is: 
d=6-1.25=4.75m 
The time taken is: 
t=distancespeed=4.751=4.75s 
Total time: 
t=4.75+2.5=7.25s 
The journey will take 7.25 seconds."
Explain key concepts from Robotics (robotics.pdf) - Page 257,"ANSWERS TO REVIEW QUESTIONS (SECTION 8) 
1. A PID controller stands for Proportional -Integral-Derivative controller. Its three 
components are: 
a. Proportional Gain (Kp): Determines how much the control action is based on 
the current error. 
b. Integral Gain (Ki): Accounts for past errors and helps eliminate steady-state 
errors. 
c. Derivative Gain (Kd): Predicts future errors by looking at the rate of change of 
the error. 
2. 
a. Accuracy: PID controllers adjust the robot's actions based on feedback, 
improving precision. 
b. Error Correction: They can reduce or eliminate steady-state errors. 
c. Adaptability: PID controllers respond to changing conditions, making robots 
more robust to disturbances. 
3. You would adjust the Proportional Gain (Kp) or Derivative Gain (Kd): 
a. Kp: If it’s too high, the robot may react too aggressively, causing 
overshooting. Reducing Kp could help. 
b. Kd: Increasing Kd can dampen oscillations and help the robot settle more 
quickly at its target. 
4. 
a. Line-Following Robot: The PID controller adjusts the robot's steering based on 
its position relative to a line. It focuses on minimising deviation from the line. 
b. Wall-Following Robot: The PID controller maintains a consistent distance from 
a wall. It must account for uneven surfaces and avoid collisions. 
Both scenarios require tuning the PID gains (Kp, Ki, Kd), but wall -following might 
require higher Kd to handle sudden changes in wall alignment. 
5. 
a. Complex Tuning: Setting the correct Kp, Ki, and Kd values can be 
challenging. 
b. Nonlinear Systems: PID controllers struggle with highly nonlinear or 
unpredictable environments. 
c. Overhead: They require sensors and continuous feedback, which might not 
be feasible in all systems. 
In cases of highly dynamic or complex tasks, advanced methods like machine learning 
or adaptive control might be better alternatives. 
6."
Explain key concepts from Robotics (robotics.pdf) - Page 258,"a. Setup: Use a line-following robot with adjustable Kp. Place it on a track with 
curves and straight sections. 
b. Procedure: 
i. Run the robot with a low Kp and record its behaviour. 
ii. Gradually increase Kp in steps, noting changes in performance. 
c. Measurements: Observe and record: 
i. How closely the robot follows the line. 
ii. Oscillations or instability in its path. 
iii. The time taken to complete the track. 
d. Expected Observation: As Kp increases, the robot should respond more 
quickly to deviations but may overshoot or oscillate if Kp becomes too high. 
 
ANSWERS TO REVIEW QUESTIONS (SECTION 8) 
1. The three main categories are: 
a. Algorithm Flaws: Mistakes in the robot's step-by-step instructions. 
b. Design Flaws: Problems with how the robot is physically built or assembled. 
c. Coding Errors: Mistakes in the programming code that controls the robot. 
2. Following a routine helps you stay organised and ensures that no potential 
problems are overlooked. It makes it easier to identify and fix the root cause 
systematically without wasting time or creating new issues. 
3. 
a. A design flaw is a problem with the physical setup of the robot, such as parts 
being incorrectly positioned or assembled. 
b. A coding error is a mistake in the program that controls the robot, such as 
incorrect commands or missing instructions in the code. 
4. This could be caused by an algorithm flaw or coding error where the robot's 
steps are not precise enough or the motor speed is set too high. 
 To fix it: 
• Check the algorithm to ensure the correct distance is programmed. 
• Adjust the motor speed or add a stop condition in the code. 
5.  
a. Check if the robot is powered on and connected properly. 
b. Inspect the hardware for loose wires or damaged components. 
c. Test the code for errors or missing instructions."
Explain key concepts from Robotics (robotics.pdf) - Page 259,"d. Use a process of elimination to isolate the problem, such as testing each part 
separately. 
e. Fix any identified issues and test the robot again."
Explain key concepts from Robotics (robotics.pdf) - Page 260,"REFERENCES 
Craig, J. J. (2018). Introduction to Robotics: Mechanics and Control (4th ed.). Pearson. 
Siciliano, B., & Khatib, O. (Eds.). (2016). Springer Handbook of Robotics  (2nd ed.). 
Springer. 
McCarthy, J. M., & Soh, G. S. (2011). Geometric Design of Linkages. Springer. 
Norton, R. L. (2020). Design of Machinery: An Introduction to the Synthesis and 
Analysis of Mechanisms and Machines (6th ed.). McGraw-Hill. 
Siegwart, R., Nourbakhsh, I. R., & Scaramuzza, D. (2011). Introduction to 
Autonomous Mobile Robots (3rd ed.). MIT Press. 
Thai, C. (2017). Exploring Robotics with ROBOTIS Systems. CRC Press. 
Robotics Co., Ltd. (2018). ROBOTIS Design and Development Manual . Robotics 
Learning Materials. 
Aaron Maurer (2021). Smart robotics with LEGO MINDSTORMS Robot Inventor . 
Packt Publishing. 
All3DP. (n.d.). Choosing filament: PLA vs ABS vs PETG . Retrieved from  
https://all3dp.com 
Autodesk. (n.d.). Tinkercad Learning Portal . Retrieved from 
https://www.tinkercad.com/learn 
Bonnin, M. (2021). Design engineering for 3D printing: Scanning, generative design, 
and optimization. CRC Press. Retrieved from https://www.routledge.com 
Brown, S., & Vranesic, Z. (2013). Fundamentals of digital logic with Verilog design (3rd 
ed.). McGraw-Hill. 
Cline, L. S. (2018). Fusion 360 for makers: Design your own digital models for 3D 
printing and CNC fabrication . Make Community, LLC. Retrieved from  
https://www.amazon.com 
Cormen, T. H., Leiserson, C. E., Rivest, R. L., & Stein, C. (2022). Introduction to 
algorithms (4th ed.). MIT Press. 
Edutopia. (n.d.). 3D Printing in Education: Bridging Concepts and Prototyping . 
Retrieved from https://www.edutopia.org 
Eldrid, S. (2020). 3D Printing and Maker Lab for Kids: Create amazing projects with 
CAD design and STEAM ideas. Quarry Books. Retrieved from https://quarto.com 
Eun Jung Park (2014).  Exploring LEGO Mindstorms EV3 Tools and Techniques 
for Building and Programming Robots, Wiley 
Farrell, J. (2017). Programming Logic and Design, Comprehensive (9th ed.). Cengage 
Learning. 
Floyd, T. L. (2021). Digital fundamentals (12th ed.). Pearson. 
Horowitz, P., & Hill, W. (2015). The art of electronics  (3rd ed.). Cambridge University 
Press. 
Hubs, 3D. (n.d.). Fused Deposition Modeling (FDM): Basics and Applications . 
Retrieved from https://www.hubs.com/knowledge-base 
Katz, R. H., & Borriello, G. (2014). Contemporary logic design (2nd ed.). Pearson. 
Korfhage, R. R. (2019). Boolean algebra and its applications in digital circuits . 
Springer. 
Korfhage, R. R. (2019). Boolean algebra and its applications in digital circuits . 
Springer."
Explain key concepts from Robotics (robotics.pdf) - Page 261,"Maker's Muse. (n.d.). Beginner’s Guide to CAD and 3D Printing  [YouTube channel]. 
Retrieved from https://www.youtube.com/channel/UCxQbYGpbdrh-b2ND-AfIybg 
Malvino, A. P., & Brown, J. A. (2020). Digital computer electronics (4th ed.). McGraw-
Hill. 
Mano, M. M., & Ciletti, M. D. (2017). Digital design: With an introduction to the Verilog 
HDL, VHDL, and system Verilog (6th ed.). Pearson. 
Russell, S., & Norvig, P. (2020). Artificial intelligence: A modern approach  (4thed.). 
Pearson. 
Sanjay and Arvind Seshan (2020). PID LINE FOLLOWER, Prime Lessons. 
Siciliano, B., & Khatib, O. (2016). Springer handbook of robotics  (2nd ed.). 
Springer. 
Skiena, S. S. (2020). The Algorithm Design Manual (3rd ed.). Springer. 
Tietze, U., Schenk, C., & Gamm, E. (2015). Electronic circuits: Handbook for design 
and applications (2nd ed.). Springer. 
Tocci, R. J., Widmer, N. S., & Moss, G. L. (2017). Digital systems: Principles and 
applications (12th ed.). Pearson. 
Tocci, R. J., Widmer, N. S., & Moss, G. L. (2017). Digital systems: Principles and 
applications (12th ed.). Pearson. 
Ultimaker. (n.d.). Cura Slicing Software Guides . Retrieved from 
https://ultimaker.com/software/ultimaker-cura 
Wakerly, J. F. (2017). Digital design: Principles and practices (5th ed.). Pearson. 
Wei Lu (2016). Beginning Robotics Programming in Java with LEGO Mindstorms, 
Apress."
Explain key concepts from Robotics (robotics.pdf) - Page 262,"GLOSSARY  
3D Printing Workflow – The step-by-step process of designing, slicing, printing, and 
post-processing a 3D-printed object. 
9.Gain: The values used in a PID controller to determine how much the Proportional, 
Integral, and Derivative parts affect the robot's actions. 
Actuator - A device in a robot or system that carries out actions, like moving a part or 
turning a wheel. 
Additive Manufacturing  – A manufacturing process, such as 3D printing, where 
objects are created by adding material layer by layer. 
Algorithm: A step-by-step set of instructions that a robot follows to complete a 
task. 
Angular Velocity  - The rate at which an object rotates, measured in radians per 
second. 
Assistive Robotics: Robots designed to aid individuals, especially in healthcare or elderly 
care, such as Elli Q or robotic nursing assistants. 
Boolean Algebra – A mathematical system used to analyze and simplify digital logic 
circuits using binary values (0 and 1). 
Caster Wheels - Wheels that swivel in all directions, helping robots or carts turn and 
move easily. 
Closed Chains  - Systems where parts are connected in a loop, making their 
movements depend on each other, like a crane's arm. 
Closed-Loop Control : A system where the robot continuously monitors its 
progress and makes adjustments as needed to stay on track. 
Combinational Circuit  – A digital circuit in which the output depends only on the 
current inputs, without memory or feedback. 
Computer-Aided Design (CAD) – A digital tool used to create, modify, and optimize 
2D and 3D models of robotic components. 
Control System  - A mechanism that manages and directs actions in machines or 
processes, often using sensors and processors. 
Crawler - A robot or vehicle with tracks instead of wheels, designed to move on 
uneven or soft surfaces. 
Debugging: Finding and fixing mistakes in a robot's program to make it work 
correctly. 
Degrees of Freedom (DoF)  - The number of independent ways a robot or machine 
can move, such as turning or sliding. 
DeMorgan’s Theorem – A set of Boolean algebra rules that transform expressions 
involving NOT, AND, and OR for simplification."
Explain key concepts from Robotics (robotics.pdf) - Page 263,"Digital Accessibility: Ensuring robots are user-friendly and accessible to individuals with 
varying levels of technological proficiency. 
Digital Prototyping  – The process of testing and refining a design in a virtual 
environment before creating a physical model. 
Error Correction: The process of identifying deviations from desired system behaviour 
and adjusting controls to correct them. 
Ethical Programming : The process of embedding moral principles into a robot's 
behaviour through software design. 
Feedback Loop - A system where information from sensors is used to adjust actions 
for better accuracy and control. 
Feedback Loop: A system where the robot checks its performance and adjusts its 
actions to match the desired goal. 
Filament – The thermoplastic material used in FDM 3D printing, available in types like 
PLA, ABS, and PETG, each with unique properties. 
Freehand Sketching  – A preliminary design technique where rough, hand -drawn 
sketches help visualize ideas before creating detailed CAD models. 
Fused Deposition Modelling (FDM)  – A common 3D printing technique that uses 
melted thermoplastic filament to create objects layer by layer. 
G-code – A machine -readable language that provides instructions for 3D printers, 
CNC machines, and other automated manufacturing tools. 
Human-Machine Interaction (HMI): The ways in which humans and robots communicate 
and work together, ensuring efficient and safe collaboration. 
Karnaugh Map (K -Map) – A visual tool used to simplify Boolean expressions and 
optimize digital circuit designs. 
Linear Velocity - How fast an object moves in a straight line, calculated as distance 
divided by time. 
Logic Gate – A basic electronic component that performs a logical operation, such 
as AND, OR, or NOT, in digital circuits. 
Non-Feedback Loop - A system that follows set instructions without adjusting based 
on real-time information. 
Obsolescence: The process by which robots become outdated due to advancements in 
technology or changes in user needs. 
Open-Loop Control : A system where the robot follows commands without 
checking if it is performing them correctly. 
Oscillation: A repeated back -and-forth movement, often caused by incorrect 
settings in the robot’s control system. 
Parametric Modelling – A CAD technique that allows designers to adjust dimensions 
and constraints to modify designs dynamically. 
Planetary Gears  - A compact gear system used to control speed and torque in 
robotic arms or vehicles.  
Printed Circuit Board (PCB)  – A board that connects and supports electronic 
components using conductive pathways."
Explain key concepts from Robotics (robotics.pdf) - Page 264,"Product-of-Sums (POS) Form – A Boolean expression format where multiple ORed 
terms are combined using AND operations. 
Real-Time Adjustments: Changes made to a system's behaviour as it operates, based 
on current data or sensor inputs 
Reciprocating Mechanism  - A system that converts rotary motion into back -and-
forth movement, like in water pumps. 
Set Point: The target value a system aims to maintain, such as a specific temperature in 
a heating system. 
Setpoint: The target value or position a robot aims to achieve, such as a specific speed 
or distance. 
Slicing Software  – A program that converts a 3D CAD model into G -code, which 
instructs a 3D printer on how to build the object layer by layer. 
Soldering – The process of joining electronic components by melting solder to create 
a conductive bond. 
Stability Analysis: Examining whether a system can maintain its desired behaviour over 
time without oscillations or divergence. 
Sum-of-Products (SOP) Form – A Boolean expression format where multiple ANDed 
terms are combined using OR operations. 
Swinging Mechanism - Systems that create back-and-forth motion, used in tools like 
windshield wipers or robotic arms. 
Thermal Capacity: A property of materials or systems that describes their ability to store 
heat, important for temperature control models. 
Trajectory - The path a robot or object follows while moving, which can be straight, 
curved, or complex. 
Truth Table  – A table that displays all possible input combinations and their 
corresponding outputs for a logic circuit. 
Tuning: The process of adjusting the settings of a PID controller to make the robot 
perform better."
Explain key concepts from Robotics (robotics (2).pdf) - Page 1,"1
PROGRAMMING 
ROBOTS
SECTION  
8
Robotics Year 1"
Explain key concepts from Robotics (robotics (2).pdf) - Page 2,"2
PROGRAMMING ROBOTSSECTION 8
Robot Construction & Programming
Programming Robots
Introduction
In this section, you will explore the fundamentals of programming robots, focusing on 
creating efficient and logical computer programs. Through pre-designed flowcharts, 
you will learn to handle single and nested decision conditions, develop programs that 
incorporate controlled feedback loops with interrupts, and apply finite state machines 
(FSMs) to control various robotic use cases. These activities aim to strengthen problem-
solving skills and enhance learners’ ability to design and implement sophisticated 
robotic behaviours, preparing them for real-world applications in robotics and 
automation.
At the end of this section, you will be able to:
• Create computer programmes from pre-designed flowcharts that have single-decision 
conditions.
• Create computer programmes from pre-designed flowcharts that have nested decision 
conditions.
• Create computer programmes from pre-designed flowcharts that have a controlled 
feedback loop with loop interrupts.
• Formulate and programme FSMs for controlling different use cases.
Key Ideas:
• Programming robots: Giving instructions to robots to tell them what to do and how to 
do it.
• Block-based coding: A way of programming that uses visual blocks you can drag and 
drop, like building with LEGO® bricks 
• Text-based coding: Traditional programming where you write out instructions using 
words and symbols. It is more complex than block-based programming.
• Flowcharts: Diagrams that show the steps of a process or program using different 
shapes connected by arrows.
• Control blocks: Special blocks in programming that help make decisions or repeat 
actions. Examples include:
- If-Then: Does something only if a condition is true.
- If-Then-Else: Does one thing if a condition is true, and another if it is false.
- Wait Until: Pauses the program until something specific happens."
Explain key concepts from Robotics (robotics (2).pdf) - Page 3,"3
PROGRAMMING ROBOTSSECTION 8
- Repeat Until: Keeps doing something until a certain condition is met.
• Nested decision conditions: Putting one decision inside another, like a set of Russian 
nesting dolls, to make more complex choices.
• Translating flowcharts to code: Turning the steps in a flowchart into actual 
programming instructions.
• Single-decision conditions: Simple yes/no choices in a program.
• Finite State Machines: A Finite State Machine is a system used in computing and 
electronics that moves between different states based on specific inputs. Each state 
represents a different condition, and the machine can only be in one state at a time. 
FSMs are used in devices like traffic lights, vending machines, and robots to control 
sequences of actions.
• Controlled Feedback Loop: A Controlled Feedback Loop is a system where the output 
of a process is monitored and used as input to make adjustments. This helps maintain 
the system’s performance or stability. For example, in a thermostat, the temperature is 
constantly measured and adjusted to keep a room at the desired temperature.
INTRODUCTION TO PROGRAMMING WITH 
BLOCK-BASED APPLICATIONS
In this section you will explore the basics of how to give instructions to robots, just 
like giving a recipe to follow. You will learn how robotics uses computer programming 
to control robots and make them perform specific tasks. You will explore block-based 
programming, This is a method of programming which uses graphical blocks (pictures) 
to represent code concepts. Instead of writing text-based code, you drag and drop these 
blocks to create programs, making it easier to learn and understand the principles of 
programming.
What is Programming?
Programming is like giving a computer or robot a set of instructions to follow, similar to 
a recipe. It uses special languages called programming languages, which have specific 
rules (syntax) to tell the computer exactly what to do step-by-step to complete tasks.
There are several programming languages for example C, C++, Python, and Java. These 
languages are text based and can be written using syntax on any laptop or computer.
No text is required in block based programming, for example Scratch and Snap. These 
block programming languages use graphical blocks that represent code concepts, 
which you drag and drop to create programmes.
This is an example of programming using two languages, block and text based."
Explain key concepts from Robotics (robotics (2).pdf) - Page 4,"4
PROGRAMMING ROBOTSSECTION 8
Fig. 8.1: Block-based in Scratch vs. Text-based Programming in C (techresort.org)
Block-Based Programming: A Stepping Stone to text-
based Programming.
Block-based programming offers many advantages over text-based programming. Some 
of these advantages include:
1. Easy to Learn: The drag-and-drop interface means you do not need to remember 
rules, it allows you to test different options.
2. Colourful and attractive: The colourful blocks and animations make it easy to 
learn.
3. Reduces Errors: The blocks fit together logically, and mistakes can be easily 
corrected. This allows you to focus on the core programming concepts.
4. Experimentation Encouraged: The visual nature of block-based programming 
makes it easy to experiment and try different things without worrying about 
getting it wrong.
A Brief History of Block-Based Programming
In 2003, MIT developed Scratch, one of the most popular block-based programming 
platforms. 
Block-based programming allows you to create a variety of interactive projects, 
including:
• Games: Design chase games, clicker games, or even ping-pong games using 
blocks to control characters and objects.
• Interactive Animations: Bring your imagination to life by creating animated 
stories and characters.
• Program Robots: Create on-screen sprites that can be programmed to move and 
interact with their environment. This can simulate basic robot behaviour like 
navigating a maze and avoiding obstacles."
Explain key concepts from Robotics (robotics (2).pdf) - Page 5,"5
PROGRAMMING ROBOTSSECTION 8
Block-based Programming with LEGO®Education SPIKE™! 
Application/IDE
In this section, you will be using the LEGO® Education SPIKE™ app, which employs 
block-based programming to animate LEGO® creations. This app uses visual blocks 
that snap together like LEGO® bricks to build programs. Detailed tutorials for each 
block are available in the “Help” section, shown in the diagram below:
Fig. 8.2: Block Descriptions of each block under the Help Section of LEGO®Education SPIKE™! app 
Important Instructions
The following links will help you learn how to use the LEGO® Education SPIKE™ app. 
The first is a playlist of eight videos which provides a quick overview of using the 
LEGO® Education SPIKE™ Prime Kit. It provides tutorials for using both the word-
blocks and Python Programming Language. Focus on using the word-blocks not the 
Python Programming Language. 
The second playlist of seventeen videos reviews some of the points made in the first, 
and using some practical examples, it provides a detailed explanation of how to use 
the various blocks. Learners can focus on the first fifteen videos in this playlist. The 
resources are as follows:
1. SPIKE Prime Tutorials https://www.youtube.com/playlist?list=PL_zXBalpjbu 
33gw5CML3DtL7fN8640qku 
2. LEGO®Spike Prime https://www.youtube.com/playlist?list=PLS9qLR8VoFA62K 
cAzsUfAOQgLrEXCp78B"
Explain key concepts from Robotics (robotics (2).pdf) - Page 6,"6
PROGRAMMING ROBOTSSECTION 8
Using these videos might take some time, so it is best to spread them out carefully over 
the next few weeks.
Activity 8.1
With a friend discuss what programming means.
After your discussion decide the main purpose programming serves in robotics. 
Using one example of how programming is used in robots is to actuate movements, 
discuss the different ways programming can be used to control the tasks robots 
need to do.
Write a short definition of programming and give three examples how 
programming has been used in a robot to solve real-world problems.
Activity 8.2
1. Watch the video below and take notes. Either on your own or with two 
friends, list the differences between block-based and text-based programming. 
Discuss the advantages and disadvantages of each type of programming.
Link QR CODE
https://www.youtube.com/
watch?v=PI5yZGqGRWI
 
2. On you own, draw a table with two columns which shows the differences 
between text based and block-based programming. State which you would 
prefer to use and why.
Activity 8.3
Your teacher will put you into small groups for this activity.
In this activity you will explore the LEGO®SPIKE app interface. The Projects 
section is where you’ll find the block-based programming interface. The 
Programming Blocks menu contains the visual blocks that represent different 
programming commands. The Block Palette contains all the different types of 
blocks you can use, categorised by function (motion, events, control, sensors). 
They snap together like LEGO® bricks to form a sequence of instructions. Create"
Explain key concepts from Robotics (robotics (2).pdf) - Page 7,"7
PROGRAMMING ROBOTSSECTION 8
a simple program to make a robot move or respond to a sensor by following these 
points.
1. Explore the programming and palette blocks of the app, find out what each 
does.
2. Create a short program that uses at least three different types of blocks.
3. Each group will present their programs to the class.
Activity 8.4
You will need to work with a friend for this activity.
Using the LEGO®SPIKE kits, build a basic robot structure. Your structure should 
have sensors and something that moves like wheels or arms. Then, use the 
SPIKE app to program the robot to perform a task such as moving in a square or 
responding to a sensor input.
1. In pairs, design a robot and use the SPIKE app to program the actions you 
want it to take. 
2. Your program should have loops, sensors, and at least one other block-based 
feature (e.g., sound, lights).
CREATING COMPUTER PROGRAMMES FROM 
FLOWCHARTS
In this section, you will learn how to make a block-based program from a flowchart.
If you have worked your way through the earlier video tutorials and become familiar 
with the LEGO® Education SPIKE™ app it will help you understand the section. 
An important consideration in this section is the meaning and use of words related to 
programming. Both terms, “block-based coding” and “block-based programming,” are 
commonly used and generally understood to mean the same thing. However, “block-
based programming” is often preferred in learning and professional contexts because it 
emphasises the broader concept of programming, which includes not just writing code 
but also understanding logic, structure, and problem-solving.
So, for the overall process of creating programs using blocks, “block-based programming” 
is the term mainly used in this section."
Explain key concepts from Robotics (robotics (2).pdf) - Page 8,"8
PROGRAMMING ROBOTSSECTION 8
Translating Flowcharts to Blocks:
The flowchart simply represents a map to solve your defined problem to action the 
desired task. Each flowchart symbol usually translates into a specific block(s) in your 
program. Here is a table which will remind you of the basic symbol and their function:
Fig. 8.3: Basic symbol and their function
Note that the decision diamond in the table is represented as a hexagon in the app. In 
the LEGO® Education SPIKE™ app, the equivalent of input/output in a flowchart is 
represented by the sensor blocks and output blocks.
a. Start/End: In the LEGO®Education SPIKE app, “Start” and “Stop” blocks are 
found under the Events category. Start blocks are rounded at the top and are the 
first blocks used, sometimes needing extra information like sensor input. Stop 
blocks have a flat base and are usually the last blocks, with no other blocks 
snapping to their bottom.
 Eleven start blocks and one stop block are shown below in Fig. 8.4."
Explain key concepts from Robotics (robotics (2).pdf) - Page 9,"9
PROGRAMMING ROBOTSSECTION 8
Fig. 8.4: Start and Stop Blocks in LEGO®Education SPIKE app.
b. Process: There are a number of these blocks which define the action to be carried 
out. These processes may be found under the motors, movement, light and sound 
block categories in the LEGO®Education SPIKE app. Some examples are presented 
in Fig. 8.5.
Fig. 8.5: Examples of Blocks that carry out processes in the LEGO®Education SPIKE app.
c. Decision: To make decisions based on conditions, you use control blocks like if-
then, if-then-else, wait until, and repeat until. These blocks have a hexagon 
shape where you can define the condition to check."
Explain key concepts from Robotics (robotics (2).pdf) - Page 10,"10
PROGRAMMING ROBOTSSECTION 8
Fig. 8.6: Examples of Control Blocks in the LEGO®Education SPIKE app that are used to implement 
decisions. 
Fig. 8.7: Examples of Control Blocks with specified conditions used to implement decisions. 
d. Connector: The arrows in a flowchart simply guide you in connecting the correct 
blocks in your program. They tell of the logical flow of your program and the 
order in which they are to appear. 
Mastering Conditions: When to Use Which Block
Read the following guidelines which will help you decide which block to use.
If-Then Block: Use this block when the robot needs to perform an action only if a 
specific condition is true. In this case, you are not concerned about what to do when 
the condition is not true. Think of it as a “yes or no” question where we are only 
concerned with providing an action when the answer is yes. If the answer is “yes,” the 
robot performs the action within the block."
Explain key concepts from Robotics (robotics (2).pdf) - Page 11,"11
PROGRAMMING ROBOTSSECTION 8
This example shows thew same action first in a flowchart then in and block 
program: 
a. Flowchart: A robot which moves in the forward direction needs to stop only if it 
detects an object in front of it using an ultrasonic sensor. If the object is less than 
10cm to it must stop. This is shown as a decision in this flowchart diagram:
Fig. 8.8: Flowchart depicting a situation with a condition.
b. Block Program: An if -then block checks the ultrasonic sensor. If the sensor 
detects an object in front of it closer than 10cm (true), the robot stops moving.
Fig. 8.9: Block program which implements the flowchart using an if-then block.
If-Then-Else Block: This block allows for two possible actions based on the condition. 
If the condition is true, the robot performs one set of actions within the “If” section."
Explain key concepts from Robotics (robotics (2).pdf) - Page 12,"12
PROGRAMMING ROBOTSSECTION 8
If the condition is false, the robot performs a different set of actions within the “Else” 
section.
Example:
a. Flowchart: A robot installed with a colour sensor is to move forward only when 
it sees a black colour else it should stop moving.
Fig. 8.10: Flowchart depicting a situation with a condition 
b. Block Program: An if-then-else block” checks the line sensor. If the sensor 
detects black (true), the robot uses a “Turn Left” block. If it does not detect black 
(false), the robot uses a “Move Forward” block.
Fig. 8.11: Block program which implements the flowchart using an if-then-else block.
Wait Until Block: This block pauses the program until a specific condition becomes 
true. This is useful for situations where the robot needs to wait for something to happen 
before proceeding.
Example:"
Explain key concepts from Robotics (robotics (2).pdf) - Page 13,"13
PROGRAMMING ROBOTSSECTION 8
a. Flowchart: A robot with a colour sensor must wait until it sees the colour green 
before moving forward.
Fig. 8.12: Flowchart depicting a situation with a condition.
b. Block Program: A wait until block checks the colour sensor. The program 
pauses here until the colour sensor detects the colour green (true). Once the 
colour green is detected, the robot uses a “Move Forward” block.
Fig. 8.13: Block program which implements the flowchart using a wait-until block.
Note that the above situation could equally have been implemented using an if then 
block together with a forever block as shown below."
Explain key concepts from Robotics (robotics (2).pdf) - Page 14,"14
PROGRAMMING ROBOTSSECTION 8
Fig. 8.14: An equivalent of the wait-until block program 
Repeat Until Block: This block repeats a series of actions until a specific condition 
becomes true. It is like a loop that keeps running until a certain requirement is met.
Example:
a. Flowchart: A robot needs to keep playing a tune until it sees a green colour.
Fig. 8.15: Flowchart depicting a situation with a condition.
b. Block Program: A repeat until block contains the actions for playing the tune 
(meow tune). The loop keeps repeating until the colour sensor detects the colour 
green (true), at which point the loop stops."
Explain key concepts from Robotics (robotics (2).pdf) - Page 15,"15
PROGRAMMING ROBOTSSECTION 8
Fig. 8.16: Block program which implements the flowchart using a repeat-until block.
Mastering Conditions: Nested Statements
You have mastered using “If then”, “If then Else,” “Wait Until,” and “Repeat Until” 
blocks to create awesome robot programs. But what if your robot needs to make even 
more complex decisions? That is where nested blocks come in. 
Think of a set of Russian nesting dolls – the bigger doll holds a smaller doll inside. 
Similarly, nested blocks allow you to place one code block inside another. The outer 
block controls when the inner block’s code executes.
Why Nest Blocks?
Sometimes, a simple “If-then” or “If-then-Else” statement is not enough. Nesting 
allows for more complicated decision-making within your program to deal with 
situations where there are either multi-step decisions or conditional actions with loops. 
For example, imagine a robot programmed to follow a line. It should move forward 
when it detects the line. But, if it is only set to be done only for a period of time, say 10 
seconds, then the first block (action) should be nested within the loop, which checks 
the time. So, a check of the time is made before it moves. As long the check shows that 
it is within the time then the robot can keep following the line. 
This example is depicted using the following flowchart and block programs."
Explain key concepts from Robotics (robotics (2).pdf) - Page 16,"16
PROGRAMMING ROBOTSSECTION 8
Fig. 8.17: Flowchart showing a line following robot which uses nested blocks (multiple decisions)"
Explain key concepts from Robotics (robotics (2).pdf) - Page 17,"17
PROGRAMMING ROBOTSSECTION 8
Fig. 8.18: Block program showing a line following robot which uses nested blocks. 
Always remember that the inner block’s code only executes when the outer block’s 
condition is met. Think of it as a special permission to run the code inside.
Activity 8.5: Identifying Flowchart Symbols and Block Types
Working on your own, copy and fill in the table below. Write the name of the 
flowchart symbol, its function and match it with the block type described in the 
section above for the LEGO® Education SPIKE™ app. Explain the function of 
each block in the LEGO® Education SPIKE™."
Explain key concepts from Robotics (robotics (2).pdf) - Page 18,"18
PROGRAMMING ROBOTSSECTION 8
Symbol Name Function Block Type
 
Activity 8.6: Control Block Scenarios
For this activity you should be working in pairs.
Scenarios for a block-based programming app (e.g., Scratch or LEGO® Education 
SPIKE™)
a. A robot should start running and stop when it detects an obstacle 5cm in 
front of it.
b. A light should blink until a button is pressed.
For each scenario identify the appropriate control blocks that would be used to 
complete it. Discuss when and why you would use each type of control block.
Afterward, program these scenarios using a block-based programming app (e.g., 
Scratch or LEGO® Education SPIKE™) to see how each control block functions 
in real-time.
Write an evaluation of each scenario including what went well, what you could 
have done better, any modifications you made after entering your blocks into the 
app."
Explain key concepts from Robotics (robotics (2).pdf) - Page 19,"19
PROGRAMMING ROBOTSSECTION 8
Activity 8.7: Applying Nested Control Blocks
For this activity, your teacher will put you into small groups.
a. Draw a flowchart diagram using the correct symbols that represents the 
following statement: “If temperature > 30, then check if humidity > 70, else 
display ‘cool weather’”.
b. Translate the flowchart into a program by drawing the appropriate control 
blocks. You will need to nest blocks to include the check.
c. Program your drawing using a block-based programming app (e.g., Scratch or 
LEGO® Education SPIKE™) to see how each control block functions in real-
time.
Activity 8.8: Presenting and Peer Review
Exchange the flowchart and program from activity 8.7 with another group. 
a. Review each other’s work and provide constructive feedback on the flowchart 
and program. 
b. Suggest possible improvements or alternative solutions.
c. Act in the feedback if you need to make your solution to activity 8.7 work.
d. Present your work to your teacher with an evaluation which describes what 
you did right and what you could have done better.
FUNDAMENTALS OF CONTROL PRINCIPLES IN 
AUTOMATION AND ROBOTICS - FEEDBACK AND 
NON-FEEDBACK LOOP SYSTEMS
This section explores two essential concepts in automation and robotics: Finite State 
Machines (FSMs) and Controlled Feedback Loops. These are critical tools in 
controlling robot behaviour and other automated systems. FSMs work by transitioning 
between specific states, such as turning or waiting, based on events. Controlled feedback 
loops, on the other hand, continuously monitor variables like temperature or position 
and adjust actions in real-time. Understanding these control mechanisms will enable 
you to design simple robotics systems, applying them to real-world scenarios like line-
following robots or automated."
Explain key concepts from Robotics (robotics (2).pdf) - Page 20,"20
PROGRAMMING ROBOTSSECTION 8
Finite State Machines:
A finite state machine (FSM) defines a set of distinct states, such as “waiting,” “moving 
forward,” or “turning,” along with the specific events that trigger transitions between 
these states. A simple example is a traffic light controller; it exists in three distinct 
states (red, yellow, and green) and transitions between them are based on a timer (the 
event).
Characteristics of FSMs:
1. Finite Set of States: An FSM operates within a defined set of states. These states 
represent different conditions or stages the system can be in at any given time. 
Examples include “waiting,” “moving forward,” “turning left,” or “off.”
2. Transitions: Transitions are well-defined pathways between states. Specific 
events or conditions trigger them. For instance, a robot in a “waiting” state might 
transition to a “moving forward” state when it detects a button press (the event).
3. State-Based Decisions: The actions taken by the FSM depend on the current 
state and the triggering event. This means the system’s behaviour is determined 
by its current state and the specific event that occurs.
4. Deterministic or Non-deterministic: FSMs can be either deterministic or non-
deterministic. In a deterministic FSM, for every state and event, there is only one 
possible next state, ensuring predictable behaviour. In a non-deterministic FSM, 
there can be multiple possible next states for a given state-event combination, 
introducing an element of randomness or flexibility.
5. Output Generation: While the primary focus of FSMs is on state transitions, they 
can also generate outputs in each state. These outputs might involve controlling 
motors, activating sensors, or displaying information.
6. Simplicity and Readability: FSMs offer a clear and concise way to represent 
complex systems. By breaking down the system into states and transitions, it is 
easier to understand the logic and control flow.
7. Modular Design: FSMs can be modular, allowing for the creation of larger 
systems by combining smaller FSMs. This promotes code reusability and simplifies 
complex system design.
Controlled Feedback Loops:
A controlled feedback loop focuses on continuous monitoring and adjustments. It 
constantly checks a specific value (like temperature or distance) and adjusts the robot’s 
actions based on that data. Imagine a line-following robot that uses a colour sensor to 
stay on the line. It continuously checks the sensor reading and makes adjustments if 
it goes off track."
Explain key concepts from Robotics (robotics (2).pdf) - Page 21,"21
PROGRAMMING ROBOTSSECTION 8
Characteristics of Controlled Feedback Loops:
1. Continuous Monitoring: The system constantly tracks its output value. This 
might involve using sensors to measure temperature, distance, colour, or any 
relevant parameter.
2. Error Detection: The monitored output is compared to a predetermined reference 
value or desired outcome. This comparison helps identify any deviations or errors 
between the actual and desired states.
3. Adjustment and Error Correction: Based on the detected error, the system 
initiates corrective actions or adjustments. This ensures the output is brought 
closer to the desired value. Systems that can dynamically adjust their behaviour 
based on feedback are called self-correcting systems. They continuously learn and 
adapt to maintain optimal performance.
Key Differences:
While both FSMs and controlled feedback loops play a crucial role in robot control, 
they operate in slightly different ways as tabulated below:
Feature Finite State Machine (FSM) Controlled Feedback Loop
Structure Defined states and transitions Continuous loop with checks 
inside
Decision 
Making
Based on the current state and triggering 
event
Based on the most recent sensor 
reading
Examples Traffic light controller, robot performing 
a sequence of tasks
Line follower, temperature 
control system
Activity 8.9
Your teacher will put you into groups for this activity.
In this task, you need to create a system that adjusts itself based on feedback and 
another system that changes between different states based on inputs.
1. Build a line follower robot equipped with two colour sensors using a kit of 
your choice.
2. Draw a flowchart to show how the sensor readings adjust the robot’s motion 
and direction.
3. Write a line following program using a block programming app which 
represents the flowchart. Take a screenshot of your program.
4. Identify with labels which parts of your flow chart and block program 
represent the FSM and Controlled Feedback Loop.
5. Test your program and evaluate the results."
Explain key concepts from Robotics (robotics (2).pdf) - Page 22,"22
PROGRAMMING ROBOTSSECTION 8
6. Each group member should give a labelled flowchart, block program picture 
and evaluation to their teacher.
7. Compare your flowchart and program logic to Figures 8.19 and 8.20: Are 
they different? 
Fig. 8.19: Flowchart showing a line following robot.
Fig. 8.20: Block programme showing a line following robot which uses nested blocks."
Explain key concepts from Robotics (robotics (2).pdf) - Page 23,"23
PROGRAMMING ROBOTSSECTION 8
Implementation of a Finite State Machine: Sorting Robot
A robot tasked with sorting coloured balls into different bins can be controlled as a finite 
state machine (FSM) with several states and transitions. (remember that transitions 
mean changes from one state to another) These states and transitions are described 
below.
States:
1. Waiting: The robot is in its initial position, ready to receive a ball.
2. Sense Colour: The robot uses a colour sensor to identify the ball’s colour (e.g., 
red, blue, yellow).
3. Move to Bin: Based on the sensed colour, the robot transitions to the appropriate 
bin state (e.g., Move to Red Bin, Move to Blue Bin, Move to Yellow Bin).
4. Deposit Ball: The robot positions itself over the designated bin and releases the 
ball.
Transitions:
• From “Waiting” to “Sense Colour”: This transition occurs when the robot detects 
a ball.
• From “Sense Colour” to one of the “Move to Bin” states: This transition depends 
on the colour identified by the sensor.
• From “Move to Bin” to “Deposit Ball”: This occurs when the robot reaches the 
designated bin.
• From “Deposit Ball” to “Waiting”: This transition ensures the robot is ready for 
the next ball.
 
Fig. 8.21: FSM for ball sorting robot"
Explain key concepts from Robotics (robotics (2).pdf) - Page 24,"24
PROGRAMMING ROBOTSSECTION 8
This example demonstrates how a finite state machine can effectively control a robot 
that performs a sequence of tasks based on sensor data and state transitions.
Introduction to Functions in Block Based Programming
This section explains the use of functions in block-based programming. 
In FSMs, states are often represented as functions or routines. A function is a group of 
blocks that perform a specific task. Here is the procedure for a block-based programming 
app. 
• In your app look for the option to create a new function or custom block.
• Define the function by dragging and dropping the required blocks for the task.
• Add the inputs and outputs the function will need.
• Save it with your custom name. 
• When you need to perform that task, you call the function.
This procedure is explained for LEGO® Education SPIKE™ in the tutorials you have 
already seen on page [24].
Using a function in block-based programming is shown below in Fig. 8.22.
Fig. 8.22: Using functions in block-based programming.
Activity 8.10
1. Create an FSM diagram for a robot which has to navigate its way out of 
simple a rectangular maze. 
 This should be a structured roadmap for a robot’s actions.
Here are the first two actions for your FSM diagram:
1. Start State:"
Explain key concepts from Robotics (robotics (2).pdf) - Page 25,"25
PROGRAMMING ROBOTSSECTION 8
• Action: Initialise sensors and motors.
• Transition: Move to “Move Forward” state.
2. Move Forward:
• Action: Move the robot forward.
• Transition:
o If front sensor detects a wall, move to “Turn Right” state.
o If left sensor detects an open path, move to “Turn Left” state.
2. Develop function blocks to represent states for the FSM diagram they created
 Consider what tasks you want the robot to perform when you call the 
function. 
 Here is the function for the first state for your maze navigating robot:
a. Start State:
i. Function Name: ‘initialise’
ii. Description: Sets up sensors and motors
iii. Blocks:
[Initialise Sensors]
[Initialise Motors]"
Explain key concepts from Robotics (robotics (2).pdf) - Page 26,"26
Review Questions.
1. Scratch is an example of a block-based programming app. (True/False)
2. In the LEGO®Education SPIKE app, which block would you use to make a robot 
move? 
a) Sound block
b) Motion block
c) Sensor block
d) Loop block
3. Explain programming in your own words.
4. Why is programming important in Robotics?
5. Explain the difference between text based and block-based programming 
6. True or False: In a flowchart, a diamond shape is used to represent a decision 
point where conditions are evaluated.
7. Which of the following flowchart symbols represents a process or action step?
a. Oval
b. Rectangle
c. Diamond
d. Arrow
8. Which control block would you use in a block-based programming platform to 
repeat an action until a specific condition is met?
a) If-Then
b. Wait Until
c. Repeat Until
d. If-Then-Else
9. What is the main difference between an “If-Then” and an “If-Then-Else” control 
block in block-based programming?
10. Why is it important to use nested decision conditions in programming? Provide 
an example where nested conditions would be necessary.
11. Define a Finite State Machine (FSM) and give one example of where it can be 
used.
12. What is a controlled feedback loop, and how does it differ from an FSM?
13. Explain how a traffic light system can be modelled as an FSM.
14. Describe one real-world application of a controlled feedback loop."
Explain key concepts from Robotics (robotics (2).pdf) - Page 27,"27
PROGRAMMING ROBOTSSECTION 8
Extended Reading
a. Block Coding – An A To Z Guide
 https://www.codingal.com/coding-for-kids/coding-guides/block-coding-guide/
b. Block-Based vs Text-Based Coding 
 https://moonpreneur.com/blog/block-based-vs-text-based-coding/ 
c. Getting started with LEGO® Education SPIKE™ Prime.
 https://education.lego.com/en-us/start/spike-prime/#Introduction 
d. Spike Prime - Tips and Tricks
 https://www.youtube.com/playlist?list=PLxFeBwC-gJMSV_
EILSS1K6k1dXSYudln9 
e. Finite State Machines
 https://www.youtube.com/watch?v=4XEK7OU2gIw&pp=ygUdZHJhd2lu 
ZyBmaW5pdGUgc3RhdGUgZGlhZ3JhbXM%3D"
Explain key concepts from Robotics (robotics (2).pdf) - Page 28,"28
PROGRAMMING ROBOTSSECTION 8
ACKNOWLEDGEMENTS
List of Contributors
Name Institution
Isaac Nzoley Wesley Girls’ High School
Kwame Oteng Gyasi Kwame Nkrumah University of Science and Technology
Kwame Owusu Opoku Prempeh College"
Explain key concepts from Robotics (robotics (3).pdf) - Page 1,"1
ROBOT 
CONSTRUCTION
SECTION  
7
Robotics Year 1"
Explain key concepts from Robotics (robotics (3).pdf) - Page 2,"2
ROBOT CONSTRUCTIONSECTION 7
ROBOT CONSTRUCTION AND 
PROGRAMMING
Robot Construction
Introduction
This section focuses on Robot Construction. You will gain the knowledge and practical 
skills necessary to design and build your own robots. You will gain an understanding 
of the impact of mass and centre of gravity on robot stability when constructing robots 
using both prefabricated kits like the Lego/Arduino kits and everyday materials. You 
will explore the science behind stable structures and the basic mechanics behind gears, 
levers, and axles. By the end of the section, you should be able to design and build 
robots that can undertake simple tasks and move around a range of environments.
At the end of this section, you will be able to:
1.	 Describe	 the	effect	of	mass	and	centre	of	gravity	on	the	stability	of	a	structure	or	robot	
and strategies for designing systems that can withstand forces.
2.	 Build	 structures	for	a	specified	use	case	and	test	them	for	stability	and	ability	to	withstand	
forces.
3. Sit in groups and create robots using robotic kits and/or local materials to implement 
basic mechanics for actuations that make use of the following:
 GEARS (Gear Ratios, Compound Gear Systems, changing angle of rotation using gears, 
using worm gears)
 VEHICLES (Driving robots with single motors, Driving robots with two motors)
 MOVING WITHOUT TIRES (Walking Machines)
 ARMS, WINGS & OTHERS (Flapping Wings, Gripping Figures, Lifting Mechanisms)
Key Ideas:
• Mass and Centre of Gravity: Mass refers to the amount of matter an object contains, 
while the centre of gravity is the point where the entire weight of an object is considered 
to be concentrated.
• Stability: It is the ability of a robot to maintain its balance when subjected to internal 
and external forces."
Explain key concepts from Robotics (robotics (3).pdf) - Page 3,"3
ROBOT CONSTRUCTIONSECTION 7
ROBOT CONSTRUCTION - DESIGNING STABLE 
STRUCTURES AND UNDERSTANDING MASS AND 
CENTRE OF GRAVITY
Building a robot with a structure that can withstand forces and maintain its stability 
is an important design consideration. In this section you will examine the design 
processes, principles of rigid bodies, and strategies for creating robots, vehicles, and 
other machines or devices with moving parts that help them to withstand various 
forces.
Understanding Rigid Bodies and Stable Structures
In robotics, a rigid body refers to an object that does not deform under external forces. 
Designing stable structures involves ensuring that the robot’s parts are rigidly connected, 
preventing	unnecessary	movements	that	may	affect	stability	during	operation.	Figure	
18.1 shows some examples of rigid robot designs.
Fig. 7.1: Robots with rigid structures and structures that lack rigidity (Charbel Dalely, Tawk Gursel Alici, 
Comparison of the proposed robotic arm system and related designs. | download scientific diagram 2021)"
Explain key concepts from Robotics (robotics (3).pdf) - Page 4,"4
ROBOT CONSTRUCTIONSECTION 7
Designing Stable Structures:
Fig. 7.2: Robotic arm showing optimised weight distribution (Standard Bots. (2023, October 4). https://stan-
dardbots.com/blog/how-much-does-a-robot-arm-cost)
To create stable structures for robots and machines:
1. Plan the framework: Carefully plan the robot’s framework/body to ensure that 
it	provides	sufficient	support	and	rigidity	for	all	moving	parts	and	components.
2. Choose sturdy materials: Select materials that are strong and rigid enough to 
withstand the anticipated forces and loads.
3. Optimise weight distribution: Distribute the robot’s mass evenly to maintain a 
low centre of gravity, promoting stability during movement and operation.
Understanding Mass and Centre of Gravity:
Mass	refers	to	the	amount	of	matter	an	object	contains.	It	is	different	to	weight	because	
mass does not change. Because weight is the force of gravity acting on the mass it can 
change	depending	on	where	you	are.	For	example,	your	weight	would	be	different	of	
the moon, but your mass is the same. 
Centre of gravity is the point in an object where its weight is evenly balanced. If you 
balance	a	metre	ruler	on	your	finger	that	is	the	point	where	the	centre	of	gravity	is	
found. The centre of gravity depends on the distribution of weight in an object. Tall 
objects with more weight concentrated to the top are not very stable and may fall over. 
Understanding these principles is critical for designing stable structures that can 
withstand forces and perform optimally."
Explain key concepts from Robotics (robotics (3).pdf) - Page 5,"5
ROBOT CONSTRUCTIONSECTION 7
Effects of Mass and Centre of Gravity on Robot Stability
The mass and centre of gravity of a robot play a key role in its stability. Here’s how they 
impact	a	robot’s	ability	to	stay	upright	and	function	effectively:
Mass
1. Higher mass: A heavier robot is harder to knock over because it has more weight. 
But, if the robot is too heavy, it might be big and need stronger motors to move, 
which	can	make	it	less	efficient.
2. Lower mass: A lighter robot can move quickly and uses less energy. But, it can 
tip over more easily, especially if its weight is not spread out evenly.
Centre of Gravity 
1. Lower Centre of Gravity: A lower Centre of Gravity provides better stability. 
In robots, a lower Centre of Gravity means the weight is distributed closer to the 
base,	making	it	more	difficult	to	topple	over.
2. Higher Centre of Gravity: A higher centre of gravity increases the risk of tipping. 
Robots with a high centre of gravity, like some bipedal robots, may require complex 
control systems or additional balancing mechanisms to maintain stability.
Fig. 7.3: Tightrope walking (Indian tightrope Walker Stock Photos - Free & royalty-free stock photos from 
Dreamstime)
Think of a balancing act. A tightrope walker with a heavy backpack (high mass) might 
be	more	difficult	to	push	off	balance	compared	to	someone	carrying	a	light	bag.	However,	
the walker with the heavy backpack also has a higher centre of gravity, making it easier 
to topple if they lean too far to one side."
Explain key concepts from Robotics (robotics (3).pdf) - Page 6,"6
ROBOT CONSTRUCTIONSECTION 7
Applying these concepts in robot design:
Robot designers consider both mass and centre of gravity to achieve the best stability. 
This can involve:
1. Strategic placement of components: Placing heavier components lower in the 
robot’s body lowers the centre of gravity.
2. Counterweights: Adding weights to the opposite side of a heavy component can 
help balance the centre of gravity.
3. Wide and sturdy base: A wider base increases the robot’s footprint, making it 
harder to tip.
By	understanding	the	effects	of	mass	and	centre	of	gravity,	robot	designers	can	create	
robots that are both stable and functional, allowing them to perform their tasks 
effectively.
Activity 7.1
a. Sketch two robots with the same body mass but one with one leg and one that 
has four legs.
b. Explain	the	difference	between	the	two	robots	in	terms	of	their	weight	
distribution and centre of gravity. Add labels to your sketches to show how 
the two properties impact on the stability of each robot.
c. State which of the robots has the greatest stability and explain why it is more 
stable.
Activity 7.2
Using your own materials or a robot construction kit build a chassis for a four 
wheeled robot designed to carry a tall, heavy box. The chassis must have a high 
stability to carry the box without it falling over. 
a. Make a list of the things you considered to make the chassis as stable as 
possible.
b. Explain how you considered mass and centre of gravity in your design.
c. Test	your	design	over	different	surfaces.	You	could	pull	it	or	fix	motors	to	
provide traction.
d. Record the results of your tests, suggest improvements which might make 
the chassis and its load more stable."
Explain key concepts from Robotics (robotics (3).pdf) - Page 7,"7
ROBOT CONSTRUCTIONSECTION 7
Activity 7.3
Collect	images	of	robots	with	different	designs	from	the	Internet.	How	do	their	
designs	affect	their	stability?	What	measures	have	been	put	in	place	to	improve	
their	stability?
BUILDING AND TESTING ROBOT STRUCTURES: 
ENSURING STABILITY AND FORCE RESISTANCE
This part of section 7 will introduce you to more practical aspects of constructing 
robots. You will focus on ensuring the robot has stability and the ability to withstand 
forces right from the initial design and through to the building process. 
Understanding Use Case Requirements
Before	 a	 robot	 is	 built,	 you	 have	 to	 know	 its	 specific	 purpose,	 use	 and	 functional	
requirements. This is essential for every robot design because it means that costly 
mistakes can be avoided.
Below are some factors that should be considered at the design stage before constructing 
a robot:
1. Task and Environment: Think about what the robot will do and where it will 
work. For example, a robot that needs to water plants will need a water tank, while 
a robot that just needs to move around a room won’t need one.
2. Load Capacity: Consider how much weight the robot will carry. For example, a 
robot that carries books needs to be strong, but a robot that just delivers letters can 
be lighter.
3. Mobility and Manoeuvrability: Decide how the robot should move. For 
example, a robot that needs to clean tight spaces might need small wheels, while 
a	robot	that	moves	on	a	flat,	open	floor	can	use	bigger	wheels.
Selecting Suitable Materials
Based on what the robot will be used for, materials that provide the necessary strength, 
rigidity, and durability are chosen. Common materials used in robot construction 
include:
1. Metals: Aluminium and steel are strong yet light, making them perfect for 
building robot arms that need to lift heavy objects.
2. Plastics:	Lightweight	and	flexible	plastics	are	great	for	making	small	robots,	like	
toy robots or prototypes that need to be built quickly.
3. Composites:	 Materials	 like	 carbon	 fibre	 are	 very	 strong	 and	 light,	 ideal	 for	
advanced	robots	like	drones	that	need	to	fly	and	carry	cameras."
Explain key concepts from Robotics (robotics (3).pdf) - Page 8,"8
ROBOT CONSTRUCTIONSECTION 7
Example of Building a Robot Car Chassis:
The links below will guide you in building a robot car chassis considering the use and 
materials.
Reference Link QR Code
1. Follow the link below to build a robot 
car chassis using the Arduino Kit: 
https://randomnerdtutorials.com/
build-robot-car-chassis-kit-arduino/ 
2. Follow the link below to build a robot 
car chassis using the LEGO® EV3 Kit
https://www.youtube.com/
watch?v=LxJwJt_V7uI	
Testing for Stability and Force Resistance:
Once the robot structure is built, it is time to put it to the test. The following are tests 
that you can use to assess a robot’s structure.
1. Stability test: Evaluate the robot’s stability by simulating various movement 
scenarios, such as turning, accelerating, or stopping abruptly.
2. Load test: Test the robot’s ability to withstand the expected load by gradually 
adding weight or applying force to critical points.
3. Impact test: Assess the robot’s resistance to impacts or external forces that it may 
encounter in its intended environment.
Follow the links below to watch videos on testing the stability and force resistance of 
some robots
Reference link QR code
a. https://www.youtube.com/watch?v=aFuA50H9uek"
Explain key concepts from Robotics (robotics (3).pdf) - Page 9,"9
ROBOT CONSTRUCTIONSECTION 7
Reference link QR code
b. https://www.nist.gov/video/robotic-hand-
performance-testing
Activity 7.4
Read each of the following use cases:
Case 1 - Construction robots often work in harsh environments and need to 
handle heavy materials like bricks and steel beams. 
Case 2 - Underwater robots are used for exploring the ocean or inspecting 
underwater structures, these robots must endure water pressure and currents.
Case 3 - Space robots are used in space missions. The robot that landed on the 
planet Mars, the Mars Rover, must withstand extreme temperatures, radiation, 
and the force of landing on a planet’s surface.
a. List the forces which need to be considered when designing robots to work in 
each of the use cases.
b. Outline the materials that would be used in each of the use cases. Include 
the type, strength, thickness of materials and why these have been chosen for 
each use case.
c. Sketch designs for the structure of a robot for each use case and describe how 
you would test the stability and functionality of each one.
Activity 7.5
Design a robot arm which is designed to lift a load of 10Kg to a height of 2 metres. 
1. Research and select suitable materials for the arm.
2. Use a virtual platform like Tinkercad to design the arm
3. Ensure the robot structure has strong connections.
4. Using the virtual platform Tinkercad, you can conduct several tests on your 
robot arm to ensure it functions correctly. Here are a few examples:
 Movement Test: Simulate the movement of the robot arm to check if all 
joints	and	motors	are	working	as	expected.	You	can	test	different	angles	and	
positions to ensure smooth operation."
Explain key concepts from Robotics (robotics (3).pdf) - Page 10,"10
ROBOT CONSTRUCTIONSECTION 7
 Load Test: Test	the	robot	arm’s	ability	to	lift	and	hold	different	weights.	This	
helps you understand the maximum load capacity and identify any weak 
points in the design.
 Range of Motion Test: Check the range of motion for each joint to ensure 
the arm can reach all necessary positions. This is important for tasks that 
require precise movements.
 Collision Detection Test: Simulate scenarios where the robot arm might 
collide with objects. This helps in programming the arm to avoid obstacles 
and operate safely.
CREATING ROBOTS WITH BASIC MECHANICS 
- EXPLORING GEARS, VEHICLES AND MOVING 
MECHANISMS
This section focuses on exploring basic mechanics in robotics by creating simple 
robots. You will learn how to use gears, motors, and other components to build robots 
that	move	in	different	ways.	Whether	using	kits	or	everyday	materials,	the	goal	is	to	
understand how these parts work together to make robots move and perform tasks.
Understanding Gears Types
Gears are mechanical components used to transmit motion and power between 
rotating	shafts.	Gears	are	special	wheels	with	teeth	that	mesh	(fit	together)	with	other	
gears. When one gear turns, it makes another gear turn thereby transmitting motion 
and power in robots to move parts, change speed, and even lift things.
Types of Gears:
Different	 types	 of	 gears	 offer	 specific	 advantages	 and	 applications	 based	 on	 their	
designs and functionalities. In the next section you will explore three common types of 
gears used in robotics, spur gears, bevel gears and worm gears.
1. Spur Gears:	 Spur	 gears	 are	 a	 type	 of	 gear	 with	 straight	 teeth	 that	 fit	 together	
directly	to	transfer	power	and	movement.	They	are	easy	to	make	and	very	efficient	
at transferring movement. In robotics, spur gears are important because they help 
control how fast or slow parts of the robot move and how much force they use. 
Spur gears are the most commonly used type of gears because they are simple, 
reliable,	and	cost-effective.
 Applications in Robotics:
i. Robotic Arm Joints: Spur gears help robotic arms move accurately, allowing 
them to pick up and handle objects with precision."
Explain key concepts from Robotics (robotics (3).pdf) - Page 11,"11
ROBOT CONSTRUCTIONSECTION 7
ii. Gear Transmission: They are used in robot gearboxes to transfer power from 
the motors to other moving parts, helping the robot operate smoothly.
Fig. 7.4: Spur Gears (KHK USA Metric Gears. KHK. (n.d.))
2. Bevel Gears: Bevel gears have teeth cut on cone-shaped surfaces and are used 
to	transfer	motion	between	shafts	that	meet	at	an	angle,	usually	90	degrees.	They	
come	in	different	types,	like	straight	bevel	gears	and	spiral	bevel	gears,	and	are	
great for changing the direction of movement in tight spaces.
Fig. 7.5: Bevel Gears (Thomas J.S. Cross. (n.d.). (PDF) generation of non-circular spiral bevel gears by 
face-milling method. A spiral bevel set)
 Applications in Robotics:
i. Differential Mechanisms: Bevel gears are often used to help robots distribute 
power to the wheels, allowing for smooth turns.
 Follow	the	link	below	to	see	the	differential	mechanism	in	action!
Reference Link QR Code
https://www.youtube.com/watch?v=SOgoejxzF8c 
ii. Gearboxes for Robotics with Non-parallel Shafts: Bevel gears are used 
when the motor shaft and output shaft are not in the same plane or line up."
Explain key concepts from Robotics (robotics (3).pdf) - Page 12,"12
ROBOT CONSTRUCTIONSECTION 7
3. Worm Gears: Worm gears consist of a screw-like part (the worm) that meshes 
with a toothed wheel (gear). They provide high gear ratios, making them ideal 
for applications requiring a lot of force (torque) and reduced speed. Worm gears 
are	 highly	 efficient	 in	 one	 direction	 but	 have	 a	 lower	 efficiency	 in	 the	 reverse	
direction. As a result, they are commonly used in applications where moving in 
the backward (reverse) direction is not desired.
Fig. 7.6: Worm Gears (Worm Gears. Stahl Gear & Machine Co. (2021, February 11))
Reference Link QR Code
Robot Gripper Mechanism using a worm gear in 
SolidWorks.
https://www.youtube.com/watch?v=qKZLx1wtFCk
 Applications in Robotics:
1. Robotic Arms and Grippers: Worm gears give precise control and stop the 
parts from moving backward, making them ideal for arms and grippers.
2. Lifting Mechanisms: Worm gears help robots lift heavy objects with less 
effort.
 In robotics, choosing the right gear depends on what the robot needs to do, such as 
controlling motion, changing direction and providing the right amount of power. 
Different	gears	are	suited	for	different	tasks,	and	as	technology	grows,	new	gear	
designs will continue to improve how robots work."
Explain key concepts from Robotics (robotics (3).pdf) - Page 13,"13
ROBOT CONSTRUCTIONSECTION 7
Activity 7.6: Build A Simple Gear System
• Objective: Understand how gears interact by building a model.
• Materials: Cardboard, scissors, toothpicks, glue, compass, pencil, A4 sheet 
and a ruler.
• Steps:
1. With	the	supervision	of	your	teacher	and	in	a	group	of	3-5	members,	cut	
out	two	gear	shapes	with	different	numbers	of	teeth.
2. Connect	them	and	observe	how	turning	one	affects	the	other.
• Discussion:	How	does	changing	the	size	of	the	gears	affect	their	movement?
Follow the link below to watch a guide on how to undertake Activity 7.6:
LINK QR CODE
Make your simple gear system (youtube.com)
Understanding Gear Ratios
What Is a Gear Ratio? 
The gear ratio tells us how many times one gear must turn for another to complete one 
rotation. The gear ratio represents the ratio of the number of teeth on the driving gear 
(the gear connected to the motor) to the number of teeth on the driven gear (the gear 
connected to the robot’s output shaft). Gear ratios are crucial for controlling the speed 
and torque of robot movements.
How to Calculate Gear Ratios:
 Step 1: Identify the Gears
 Start by identifying the driving gear (Gear 1) and the driven gear (Gear 2). The 
driving gear is directly connected to the motor shaft, and the driven gear is 
connected to the robot’s output shaft."
Explain key concepts from Robotics (robotics (3).pdf) - Page 14,"14
ROBOT CONSTRUCTIONSECTION 7
Fig. 7.7: Diagram showing Gear 1 with 20 teeth and Gear 2 with 40 teeth.
 Step 2: Count the Teeth
 Count the number of teeth on each gear. For example, Gear 1 (the driving gear) 
has 20 teeth, and Gear 2 (the driven gear) has 40 teeth.
 Step 3: Calculate the Gear Ratio
 To calculate the gear ratio, divide the number of teeth on Gear 2 by the number of 
teeth on Gear 1.
 Gear	Ratio	=	Number	of	teeth	on	driven	gear	/	Number	of	teeth	on	driving	gear
 Gear	Ratio	=	40	/	20
 This	gives	a	figure	of	2
 The	Gear	Ratio	=	2:1
 This means that the driving gear has to rotate two full turns to move the driven 
gear	ONCE.
 Step 4: Interpret the Gear Ratio
 The calculated gear ratio (2:1 in this case) represents how many times the driving 
gear (Gear 1) must rotate to make the driven gear (Gear 2) complete one full 
rotation. This ratio slows down the output movement to half the speed of the 
input.
 Step 5: Speed and Torque Control
a. If the gear ratio is greater than 1 (e.g., 2:1), the output shaft will rotate at a 
slower speed than the motor shaft but with increased torque. This is known as 
a speed reduction gear, and it allows the robot to move slower but with more 
force.
b. If the gear ratio is less than 1 (e.g., 1:2), the output shaft will rotate at a faster 
speed than the motor shaft but with reduced torque. This is known as a speed-
increasing gear that allows the robot to move faster but with less force.
 Torque is a force that causes an object to rotate around an axis. Torque depends 
on the radius of the driving gear. The relationship between torque ((T)), force 
((F)),	and	radius	((r))	is	given	by	the	formula:	T	=	Fr"
Explain key concepts from Robotics (robotics (3).pdf) - Page 15,"15
ROBOT CONSTRUCTIONSECTION 7
 It is the force applied by the driving gear which generates the torque in the 
system.	When	a	large	drive	gear	moves	a	smaller	gear,	it	requires	less	effort	
because the torque is distributed over a larger radius. Conversely, a small 
drive	 gear	 moving	 a	 larger	 gear	 requires	 more	 effort	 because	 the	 torque	 is	
concentrated over a smaller radius.
 The gear ratio of a worm gear is determined by the number of teeth on the 
gear divided by the number of threads on the worm.
Activity 7.7: Calculate Gear Ratios
• Objective: Learn how gear ratios work.
• Materials: Gear models from Activity 1.
• Steps:
1. Count the teeth on each gear.
2. Calculate the ratio and predict how the gears will move.
• Discussion: How does the gear ratio change the speed and power of 
movement?
 Follow the links below to watch gear ratios in action.
LINK QR Code
Everything about Gear ratio
https://www.youtube.com/watch?v=40RX2HRKpwA 
Gear Ratio, Torque and Speed
https://www.youtube.com/watch?v=R1cxzDKBFuU
By selecting appropriate gear ratios, robotics engineers can tailor the robot’s movements 
to	suit	specific	applications,	optimising	speed	and	torque	based	on	the	robot’s	tasks	and	
requirements.	The	calculated	gear	ratio	plays	a	significant	role	in	achieving	efficient	
and precise motion control for various robotic systems."
Explain key concepts from Robotics (robotics (3).pdf) - Page 16,"16
ROBOT CONSTRUCTIONSECTION 7
Compound Gear Systems:
A compound gear system uses multiple gears to adjust speed and force (torque) for 
specific	tasks	in	a	robot.	When	designing	such	systems	for	different	robot	tasks	it	is	
important to carefully consider the desired speed, torque, and motion requirements.
Fig. 7.8: Compound Gear Systems (V. Ryan (© 2010-16), GEARS AND GEAR SYSTEMS)
Steps to Design a Compound Gear System:
1. Understand the Task Requirements: Before designing the compound gear 
system,	clearly	define	the	robot	task’s	speed	and	torque	requirements.	Determine	
the desired output speed and the amount of force or torque needed to perform the 
task	effectively.
2. Identify the Primary Motor and Output Shaft: Identify the primary motor 
that will power the compound gear system. Determine the output shaft where the 
final	motion	or	force	will	be	delivered.
3. Calculate the Gear Ratio: Calculate the required gear ratio to achieve the 
desired output speed and torque. The gear ratio is the ratio of the number of teeth 
on the driven gear (output gear) to the number of teeth on the driving gear (input 
gear). The gear ratio determines how much the output shaft rotates concerning 
the input shaft. 
 To calculate the gear ratio on systems that have more than two gears: 
 Work out the ratios between intermeshed gears, then multiply the ratios. 
 For example:
 To	find	the	overall	gear	ratio	across	three	gears,	multiply	the	individual	gear	ratios:
 Overall	Gear	Ratio	=	Gear	Ratio	(Gear	1	to	Gear	2)	×	Gear	Ratio	(Gear	2	to	Gear	
3)
 For example, if Gear 1 to Gear 2 has a ratio of 2:1 and Gear 2 to Gear 3 has a ratio 
of 3:1, the overall gear ratio would be 6:1.
4. Choose Gear Types and Sizes: Select the appropriate gear types based on the 
task requirements."
Explain key concepts from Robotics (robotics (3).pdf) - Page 17,"17
ROBOT CONSTRUCTIONSECTION 7
a. Spur gears: For transferring motion between parallel shafts.
b. Bevel gears: For changing direction between shafts at angles or the direction 
of rotation.
c. Worm gears: For big reductions in speed, and for handling heavy loads.
5. Arrange Gear Components: Arrange the gears in the compound gear system 
to achieve the desired gear ratio. The arrangement may involve multiple stages of 
gears,	each	providing	a	specific	reduction	or	increase	in	speed	and	torque.
6. Consider Efficiency and Backlash:	 Keep	 in	 mind	 the	 efficiency	 of	 the	 gear	
system, as energy losses can occur during gear engagement. Additionally, account 
for backlash, which is the play or small gaps between the gear teeth. Minimising 
backlash ensures smoother and more precise movements.
7. Ensure Adequate Support and Alignment: Properly support and align the 
gears within the system. Use high-quality bearings to reduce friction and ensure 
smooth operation. Misalignment can lead to premature wear and reduced 
efficiency.
8. Test and Optimise: Once the compound gear system is assembled, test it under 
different	load	conditions	to	verify	its	performance.	Make	adjustments	if	necessary	
to achieve the desired output speed and torque.
9. Consider Safety and Material Selection: Pay attention to safety considerations, 
especially when dealing with high torque applications. Choose materials that can 
withstand the forces and loads involved in the robot task.
10. Iterate and Improve:	Robot	design	is	an	iterative	process	(doing	it	again	to	refine	
the design). Continuously gather feedback and data from the robot’s performance 
to identify areas for improvement. Modify the compound gear system as needed 
to achieve better results.
Determining Angle of Rotation using Gears:
When two gears mesh, they transmit motion from one to the other. The number of 
teeth	on	each	gear	determines	the	gear	ratio,	which	affects	the	angle	of	rotation.	By	
choosing	gears	with	different	tooth	counts,	you	can	alter	the	output	angle	of	rotation	
relative to the input angle.
For example,
If a small gear (with fewer teeth) drives a larger gear (with more teeth), the larger 
gear will rotate more slowly producing a greater angle of rotation. In a robot gripper 
mechanism, a small driving gear and a larger gear will make the gripper open wider.
Conversely, if a larger gear drives a smaller gear, the smaller gear will rotate more 
quickly but with a smaller angle of rotation. In a robot gripper mechanism, a large 
driving gear and a smaller gear will make the gripper open narrower.
This principle is often used in robotic arms and manipulators to control the precise 
movement	of	end-effectors	or	grippers."
Explain key concepts from Robotics (robotics (3).pdf) - Page 18,"18
ROBOT CONSTRUCTIONSECTION 7
Converting Rotational Motion into Linear Motion:
Rack and Pinion Mechanism: One common way to convert rotational motion into 
linear motion is by using a rack and pinion mechanism. The pinion (a gear) meshes 
with a linear gear known as a rack. As the pinion rotates, it causes the rack to move 
linearly.
Fig. 7.9: Rack and Pinion Mechanism (Britannica, T. Editors of Encyclopaedia (2007, April 4))
This	 mechanism	 is	 commonly	 employed	 in	 various	 robotic	 systems,	 such	 as	 CNC	
(computer numerical control) machines, linear actuators, and steering systems in 
vehicles.
Converting Linear Motion into Rotational Motion:
Lead Screw Mechanism: Another way gears can transform motion is by converting 
linear motion into rotational motion using a lead screw mechanism. A lead screw is a 
threaded rod that rotates within a nut. 
Operation:
Rotating Shaft: When the screw shaft rotates, the nut moves linearly along the shaft. 
This is because the threads on the nut and the screw shaft engage, converting the 
rotational motion into linear motion.
Stationary Shaft: Alternatively, the shaft can remain stationary while the nut is 
rotated. In this case, the nut moves along the shaft, again converting rotational motion 
into linear motion."
Explain key concepts from Robotics (robotics (3).pdf) - Page 19,"19
ROBOT CONSTRUCTIONSECTION 7
Fig. 7.10: Lead Screw Mechanism
Lead screws are frequently used in robotic systems for precise positioning, lifting 
mechanisms, and in combination with motors to achieve linear motion.
If the nut is not held in place (captive), it will rotate along with the screw shaft 
instead of translating linearly. To ensure the nut moves linearly, it needs to be 
constrained in such a way that it cannot rotate.
Combining Gears in Robotics: Achieving Functionality 
through Synergy
Robots	 often	 rely	 on	 a	 combination	 of	 different	 gear	 types	 to	 achieve	 specific	
functionalities. Here is an exploration of some common scenarios:
1. Precise Gripper Control with Powerful Base Movement (Robot Arm):
• Gears Used:
o Worm Gear:	 Offers	 a	 high	 reduction	 ratio	 for	 precise	 control	 of	 the	
gripper’s opening and closing.
o Spur Gears:	Deliver	efficient	power	transfer	for	robust	arm	movement.
• Why Combine?
o A	 worm	 gear	 provides	 fine	 rotational	 control	 over	 the	 gripper’s	 delicate	
movements.
o Spur	gears	efficiently	transfer	power	from	the	motor	for	strong	and	stable	
arm movement.
• Use Case: A robot arm picks up a small object with its gripper (controlled by 
the worm gear) while the base rotates smoothly (powered by spur gears) to 
position itself for further actions."
Explain key concepts from Robotics (robotics (3).pdf) - Page 20,"20
ROBOT CONSTRUCTIONSECTION 7
2. Articulated Steering with Power Delivery (Car Robot):
• Gears Used:
o Bevel Gears:	 Change	 the	 direction	 of	 wheel	 rotation	 by	 90	 degrees,	
allowing the steering wheel rotation to translate to perpendicular causing 
the wheels to move either left or right.
o Spur Gears:	 Efficiently	transfer	power	from	the	motor	to	the	wheels	for	
driving.
• Why Combine?
o Bevel gears redirect the steering wheel’s rotational input for perpendicular 
wheel control.
o Spur gears ensure smooth power transfer from the motor to propel the car.
• Use Case: A car robot navigates a course, using the steering wheel to control 
direction while the motor and spur gears provide the driving force.
3. Linear Actuator with Efficient Power Transfer (Gripper or Lifting 
Platform):
• Gears Used:
o Rack and Pinion Gears: Convert the rotary motion of a motor into linear 
motion for extending and retracting the gripper or lifting platform.
o Spur Gears: Can be used within the rack and pinion mechanism to connect 
the	motor	to	the	pinion	gear	for	efficient	power	transfer.
• Why Combine?
o Rack and pinion gears translate rotary motion into the linear movement 
needed for the gripper or platform.
o Spur gears (if used) ensure smooth power transfer from the motor to the 
rack and pinion mechanism.
 Use Case: A robot arm uses a rack and pinion mechanism in its gripper to extend 
and retract for grasping objects. Spur gears within the mechanism might ensure 
efficient	power	transfer	from	the	motor.	(Note:	gripper	operation	not	included	in	
this mechanism). 
Activity 7.8: Vehicles with Single and Dual Motors
In this activity, you are to build robots with either wheels or tracks for locomotion 
in	 a	 group	 of	 3-5	 members.	 You	will	 explore	 how	 to	 control	 them	 using	 both	
single	 and	 dual	 motor	 configurations	 to	 achieve	 different	 driving	 capabilities.	
This practical activity will provide valuable insights into robot mechanics and 
motor control.
Materials Needed:
• Robot chassis with wheel or tracks depending on the available kits."
Explain key concepts from Robotics (robotics (3).pdf) - Page 21,"21
ROBOT CONSTRUCTIONSECTION 7
• Motors	(both	single	and	dual	motor	configurations)
• Microcontroller type depending on availability.
• Battery pack or power supply
Instructions:
• Step	1:	Build	the	robot	with	a	single	motor	configuration.	
• Step 2: Program it to move forward and backward using the appropriate 
programming language based on the robotics kit being used.
• Step 3: Experiment with the turning capabilities of the robot by using 
differential	control.
• Step 4: Test the robot on various terrains (smooth surface, carpet, or rough 
terrain) to observe its performance.
• Step	5:	Fine-tune	the	motor	control	program	to	optimise	the	robot’s	
performance by adjusting the speed and tuning parameters to achieve 
smoother movements.
• Step	6:	Repeat	steps	2	–	5	for	a	robot	with	a	dual	motor	configuration.	Test	the	
robot’s turning ability by moving one motor forward and the other in reverse.
• Step	7:	Analyse	how	the	robot	adapts	to	different	surfaces	and	how	its	driving	
capabilities	change	for	both	motor	configurations.
Reference Link QR Code
DIY	Arduino	Car	with	1	DC	Motor,	Ultrasonic	Sensor	&	VEX	
Robot Parts
https://www.youtube.com/watch?v=Z3FJRHGcyqo
Walking Machines: A New Way for Robots to Move
Walking machines are robots that move using legs, similar to how animals or humans 
walk. These robots are designed to handle tough surfaces where wheeled robots would 
struggle. By copying the way living creatures move, walking machines can be more 
flexible,	stable,	and	better	suited	for	different	environments.	Some	important	features	
and	benefits	of	walking	machines	are:
1. Locomotion Principle: Walking machines use legs to move, just like animals. 
Their	 legs	 allow	 them	 to	 take	 steps,	 lift	 off	 the	 ground,	 and	 stay	 balanced	 on	
uneven ground.
2. Versatility in Terrain: One big advantage of walking machines is that they can 
move on many types of surfaces. They can walk over rocks, climb stairs, move 
through sand or mud, and cross gaps that wheeled robots cannot."
Explain key concepts from Robotics (robotics (3).pdf) - Page 22,"22
ROBOT CONSTRUCTIONSECTION 7
3. Stability and Balance: Walking machines are built to stay balanced and stable 
while they move. They adjust their legs and body to stay upright, even on sloped 
or bumpy surfaces.
4. Obstacle Negotiation: Walking machines can step over or climb objects in their 
way. This makes them useful in search and rescue missions, especially in disaster 
areas where the ground is uneven.
5. Energy Efficiency: In some cases, walking machines use less energy than 
wheeled robots. Their legs allow them to move more easily over rough surfaces 
without using too much power as compared to rolling or sliding on wheels or 
tracks.
6. Adaptability to Changing Environments:	Walking	machines	are	very	flexible	
and	 can	 adapt	 to	 changing	 environments,	like	disaster	 zones	 or	 rough	 outdoor	
areas.
7. Biomimicry and Bio-inspired Designs: Many walking machines are inspired 
by the way animals and insects move. Depending on their purpose, they can mimic 
the movement of insects, quadrupeds (four-legged) animals, or even bipeds (two-
legged animals).
8. Research and Exploration: Walking machines are also used in science, especially 
for exploring new places like other planets. For example, they can help explore 
the surface of Mars and provide important information.
While	walking	machines	have	many	benefits,	they	also	face	challenges,	like	being	harder	
to control due to their many moving parts. Engineers and roboticists continue to work 
on	refining	the	design	and	control	of	walking	machines	to	enhance	their	performance	
and enable them to tackle even more challenging terrains and tasks.
Fig. 7.11: Walking Robots (Riccio, Boston Dynamics’ 10 robots that will change the world: Near future 2022)
Arms, Wings & Other Actuators
Flapping	Wing	Aerial	Robot:	Designing	a	robot	with	flapping	wings	mimics	the	flight	
of birds and insects. These robots are perfect for exploring challenging terrains and 
aerial surveillance."
Explain key concepts from Robotics (robotics (3).pdf) - Page 23,"23
ROBOT CONSTRUCTIONSECTION 7
Fig. 7.12: Flapping	Wing	Aerial	Robot	(Zhong	&	Xu,	Power modelling and experiment study of large flap-
ping-wing flying robot during forward flight 2022)
Gripping Figure Pick-and-Place Robot 
The	gripping	figure	robot	is	designed	to	pick	up	objects	from	one	location	and	place	them	
in another. This robot is valuable in industrial automation and logistics applications.
Fig. 7.13: Gripping Figure Pick-and-Place Robot (Robotic ARM isolated Images-Adobe Stock)
Lifting Mechanism Robot
The lifting mechanism robot is designed to carry and transport heavy objects with 
precision.	This	 robot	 is	 useful	 in	 scenarios	 where	 human	 strength	 is	 insufficient	 or	
dangerous."
Explain key concepts from Robotics (robotics (3).pdf) - Page 24,"24
ROBOT CONSTRUCTIONSECTION 7
Fig. 7.14: Lifting Mechanism Robot (254 VEX talk: Episode 3 - an overview of lifts 2012)
Activity 7.9
You	are	required	to	design,	build	and	program	an	autonomous	robot	firefighter	
that can rescue victims (golf balls or table tennis balls) from a burning building 
(a	 flat	 surface	 with	 wooden	 obstacles	 positioned	 at	 strategic	 positions	 by	 your	
teacher) and send them to a hospital (a box).
In	 a	 group	of	 3-5	 members,	 select	 one	 of	 the	 three	robot	types	 (flapping	 wing,	
gripping	figure,	and/or	lifting	mechanism)	to	build.	
1. Plan the robot’s components and dimensions based on the area provided by 
your teacher.
2. Build and program the robot with the appropriate materials and actuation 
mechanisms.
3. Test the robot’s functionality, making necessary adjustments for optimal 
performance."
Explain key concepts from Robotics (robotics (3).pdf) - Page 25,"25
Review Questions 
Review Questions 7.1: Designing Stable Structures 
And Understanding Mass And Centre Of Gravity 
1. Explain why a pyramid is more stable than a narrow, tall tower.
2. Explain	how	the	mass	of	a	robot	affects	its	stability.
3. Compare and contrast the stability of a robot with a high centre of gravity and a 
robot with a low centre of gravity. What measures can be taken to address centre 
of	gravity	issues	when	building	robots?
Review Questions 7.2: Building And Testing Robot 
Structures 
1. Describe three tests that can be used to assess the stability and force resistance of 
a robot.
2. Identify two methods for creating a strong robot structure.
3. What type of material will you use to design a robot for the following applications:
a. A lightweight and easy-to-navigate robot for a line following competition
b. A robot to carry heavy objects in a warehouse
4. Describe three factors that should be considered before any robot is constructed.
Review Questions 7.3
1. Explain how gears can be used to speed up or slow down the actions of robots.
2. What type of gears would you use for a four wheeled robot cart which needs to 
move both backwards and forwards and the front wheels need to steer around 
obstacles?	Give	reasons	for	your	choices.	
3. You are designing a robot arm that needs to move slowly with high precision. 
Explain what type of gear and gear ratio you would choose.
4. Compare the movement of a robot with wheels to one with legs. Explain why one 
might	 be	 better	suited	to	 move	on	 rough	ground?	Give	 an	 example	of	 where	a	
robot suited to rough ground might be useful."
Explain key concepts from Robotics (robotics (3).pdf) - Page 26,"26
ROBOT CONSTRUCTIONSECTION 7
REFERENCES
1. Charbel Dalely, Tawk Gursel Alici. (2021a, February). Comparison of the proposed 
robotic arm system and related designs. | download scientific diagrams. A Review 
of	 3D‐Printable	 Soft	 Pneumatic	 Actuators	 and	 Sensors:	 Research	 Challenges	
and Opportunities. https://www.researchgate.net/figure/Comparison-of-the-
proposed-robotic-arm-system-and-related-designs_tbl1_372799179
2. How much does a robot arm cost? Standard Bots. (2023, October 4). https://
standardbots.com/blog/how-much-does-a-robot-arm-cost
3. Indian tightrope Walker Stock Photos - Free & royalty-free stock photos from 
Dreamstime. Dreamstime. (n.d.). https://www.dreamstime.com/photos-images/
indian-tightrope-walker.html
4. Wikimedia	Foundation.	(2023,	January	6).	Mass versus weight. Wikipedia. https://
simple.wikipedia.org/wiki/Mass_versus_weight
5. Charbel Dalely, Tawk Gursel Alici. (2021a, February). Comparison of the proposed 
robotic arm system and related designs. | download scientific diagrams. A Review 
of	 3D‐Printable	 Soft	 Pneumatic	 Actuators	 and	 Sensors:	 Research	 Challenges	
and	 Opportunities.	 https://www.researchgate.net/figure/Comparison-of-the-
proposed-robotic-arm-system-and-related-designs_tbl1_372799179	
6. How much does a robot arm cost? Standard Bots. (2023, October 4). https://
standardbots.com/blog/how-much-does-a-robot-arm-cost 
7. Indian tightrope Walker Stock Photos - Free & royalty-free stock photos from 
Dreamstime. Dreamstime. (n.d.). https://www.dreamstime.com/photos-images/
indian-tightrope-walker.html 
8. KHK USA Metric Gears. KHK. (n.d.). https://www.khkgears.us/products/spur-
gears
9. Thomas	 J.S.	 Cross.	 (n.d.).	 (PDF) generation of non-circular spiral bevel gears 
by face-milling method. A spiral bevel set. https://www.researchgate.net/
publication/298733810_Generation_of_Non-Circular_Spiral_Bevel_Gears_by_
Face-Milling_Method	
10. Worm Gears. Stahl Gear & Machine Co. (2021, February 11). https://stahlgear.
com/project/worm-gears/ 
11. V. Ryan (© 2010-16) GEARS AND GEAR SYSTEMS. Spur Gears and simple gear 
trains. https://technologylearner.com/gears1/gears1.htm 
12. Britannica, T. Editors of Encyclopaedia (2007, April 4). rack and pinion. 
Encyclopedia Britannica. https://www.britannica.com/technology/rack-and-
pinion"
Explain key concepts from Robotics (robotics (3).pdf) - Page 27,"27
ROBOT CONSTRUCTIONSECTION 7
GLOSSARY
Bipedal: Movement on two legs
Chassis: The body or frame of a robot
Manoeuvrability: The quality of being easy to steer while in motion.
Quadpedal: Movement on four legs"
Explain key concepts from Robotics (robotics (3).pdf) - Page 28,"28
ROBOT CONSTRUCTIONSECTION 7
ACKNOWLEDGEMENTS
List of Contributors
Name Institution
Isaac	Nzoley Wesley Girls’ High School
Kwame Oteng Gyasi Kwame	Nkrumah	University	of	Science	and	Technology
Kwame Owusu Opoku Prempeh College"
Explain key concepts from Robotics (robotics (4).pdf) - Page 1,"1
ROBOT 
CONSTRUCTION 
AND 
PROGRAMMING
SECTION  
6
Robotics Year 1"
Explain key concepts from Robotics (robotics (4).pdf) - Page 2,"2
ROBOT CONSTRUCTION AND PROGRAMMINGSECTION 6
ROBOT CONSTRUCTION & 
PROGRAMMING
Higher Order Design Thinking
Introduction 
Welcome to Higher Order Thinking (HOT) in the design of programs for robotics! In this 
section, you will use critical thinking skills like analysis, synthesis, and evaluation to 
solve programming problems. You will focus on using flowcharts to create algorithms, 
making it easier to see the steps needed to solve robotics challenges.
At the end of this section, you will be able to:
• Determine the Inputs, Processes and Outputs required to solve a particular problem.  
• Define solutions to basic automated and robotic problems using algorithms, pseudocodes, 
and flowchart diagrams.
Key Ideas:
• Higher Order Thinking (HOT): This simply means using your brain in more advanced 
ways than just remembering facts. It includes skills like analyzing, evaluating, creating, 
and inventing new ideas and approaches to solve problems. In robotics programming, 
HOT helps solve tough problems, create good algorithms, and make smart choices. For 
example, if a robot faces a new challenge, HOT allows the programmer to look at the 
problem from different perspectives and come up with a clever solution.
• Algorithm: An algorithm is a step-by-step procedure or set of rules for solving a 
specific problem or accomplishing a task. It is a logical sequence of actions that leads to 
a desired outcome. Algorithms are fundamental to programming robots, as they provide 
clear instructions for the robot to follow. For example, a line-following robot will use an 
algorithm to decide how to move based on sensor input.
• Flowchart: A flowchart is a visual representation of an algorithm or process. It uses 
standardised symbols (such as rectangles, diamonds, and arrows) to depict different 
actions, decisions, and the flow of control within the algorithm. Flowcharts are used to 
map out the logic of a robotic program before writing the pseudocode or final computer 
code. They help programmers picture how the robot will execute tasks step-by-step, 
making it easier to identify potential issues and optimise the design.
• Pseudocodes: Pseudocode is a way of describing an algorithm using plain English (or 
simplified code-like language). It focuses on the logic and sequence of steps rather than 
specific programming language. Pseudocode helps bridge the gap between an algorithm 
and a computer code. It allows programmers to picture the solution simply before writing 
the final program in code."
Explain key concepts from Robotics (robotics (4).pdf) - Page 3,"3
ROBOT CONSTRUCTION AND PROGRAMMINGSECTION 6
• Debugging: Debugging is the process of identifying, isolating, and fixing errors or bugs 
in a sequence of steps leading to an output. It helps to maximise the performance of the 
robot. It involves testing to find where the logic or code is failing and making necessary 
corrections. Debugging is important for ensuring that a robot behaves as expected. Errors 
in algorithms, pseudocode, or computer code can cause a robot to malfunction or not 
perform a task correctly. 
HIGHER ORDER DESIGN THINKING: USING 
FLOWCHART DIAGRAMS TO CREATE 
ALGORITHMS
The following text will focus on using flowchart diagrams to create algorithms for 
solving basic problems in robotics. Flowcharts provide visual representations of the 
problem-solving process, making it easier to determine the inputs, processes, and 
outputs required for specific challenges in robotics programming.
Introduction to Flowchart Diagrams:
Flowchart diagrams use symbols and arrows to illustrate the sequence of steps in 
solving a problem. By using flowcharts, programmers can visualise the logic of an 
algorithm, making it easier to understand, debug, and optimise the resulting code. 
(Anderson et al 2002)
Creating Flowcharts for Algorithm Implementation:
To solve a programming problem using flowcharts, follow these steps:
a. Define the Problem: Clearly explain or state the problem you want to solve.
b. Identify Inputs, Processes, and Outputs: Decide on the data inputs, processes 
required, and the desired outputs for the solution.
Fig. 6.1: Basic Flowchart Symbols and their Meanings"
Explain key concepts from Robotics (robotics (4).pdf) - Page 4,"4
ROBOT CONSTRUCTION AND PROGRAMMINGSECTION 6
c. Develop Flowchart: Use the appropriate flowchart symbols to represent each 
step of the solution Connect the symbols with arrows to show the flow from input 
to output.
d. Test the Flowchart: Walk through the flowchart step-by-step, verifying the logic 
and ensuring that it produces the desired outputs for different scenarios.
Fig. 6.2: Flowchart example for adding two numbers
The algorithm that can be written from the flow chart in fig. 6.2 is as follows:
Start
Input: Read two numbers, a and b.
Process: Calculate the sum of a and b and store it in a variable sum.
Output: Display the value of sum.
End"
Explain key concepts from Robotics (robotics (4).pdf) - Page 5,"5
ROBOT CONSTRUCTION AND PROGRAMMINGSECTION 6
Applying Flowchart Diagrams in Robotics Programming:
Flowchart diagrams are used in robotics programming to:
a. Design Navigation Algorithms: Create flowcharts to plan a moving robot’s 
path, help it make decisions based on sensor inputs, and control its movements 
efficiently.
b. Implement Control Loops: Use flowcharts to design return loops that adjust 
inputs to control robot actions based on feedback from sensors.
c. Solve Logical Problems: flowchart diagrams are used to solve logical challenges, 
such as obstacle avoidance, decision making, and pattern recognition.
Fig. 6.3: Flowchart for line following robot
The algorithm that can be written from the flow chart in fig. 17.3 is as follows:
Start
Initialize: Set up the sensors and motors.
Input: Read values from the left and right sensors.
Process:
If both sensors detect the line, move forward.
If only the left sensor detects the line, turn left."
Explain key concepts from Robotics (robotics (4).pdf) - Page 6,"6
ROBOT CONSTRUCTION AND PROGRAMMINGSECTION 6
If only the right sensor detects the line, turn right.
If neither sensor detects the line, stop.
Output: Control the motors based on sensor readings.
Repeat: Continuously read sensors and adjust motors.
End
Activity 6.1
Choose one routine you follow in class or at home (e.g., sharpening a pencil or 
making breakfast porridge) and create a simple flowchart on paper. Identify the 
steps as inputs (e.g., Ingredients for porridge or tools for sharpening the pencil), 
processes and outputs. Break down each step if necessary.
Once you have your written instructions (your algorithm) then create your 
flowchart.
Use the correct symbols for start, stop, inputs, processes and outputs. Indicate the 
flow for your chart using lines to connect each symbol.
Activity 6.2
In a small group, complete the following Robotics Challenge: An EV3 robotic car 
has been given the task of moving forward in a straight line until it detects an 
obstacle, then turns 90° to avoid it.
1. Write down the steps in terms of inputs, processes, and outputs for 
controlling the robot’s movements (your algorithm). 
2. Create a flowchart representing your solution to the challenge. Ensure you 
use the correct symbols and logically organise the steps. Add the flow lines to 
connect each symbol.
3. Share your flowchart with a friend. Be ready for questions and to accept 
suggestions on how your flowchart might be improved."
Explain key concepts from Robotics (robotics (4).pdf) - Page 7,"7
ROBOT CONSTRUCTION AND PROGRAMMINGSECTION 6
ALGORITHMIC PROBLEM-SOLVING IN 
ROBOTICS: PSEUDOCODES AND FLOWCHART 
DIAGRAMS
You will learn how to use algorithms for problem-solving in robotics. You have already 
learnt that flowcharts can be drawn from algorithms, and vice versa.
Understanding Algorithms and Pseudocodes in 
Robotics:
If you have an algorithm that describes the inputs and the steps that must be taken to 
achieve an output within a robotic system, changing direction to avoid and obstacle for 
example then this is the first stage in developing a program which will enable the robot 
to do this.
The next stage is to write the algorithm in a basic language, known as the Pseudocode. 
Pseudocode can be described as a step-by-step description of an algorithm using plain 
English. It does not obey the rules of grammar. It may even make use of symbols or 
abbreviations. It bridges the gap between natural language and programming language. 
Once the pseudocode has been written then coding can begin.
The pseudocode can also be translated to a flowchart diagram before it is inputted into 
the robot control module using a selected computer programming language. By using 
pseudocode and creating a flowchart it helps to understand the sequence of steps and 
the decision-making process within the original algorithm.
Fig. 6.4: Example of an algorithm written in pseudocode and translated into a flowchart"
Explain key concepts from Robotics (robotics (4).pdf) - Page 8,"8
ROBOT CONSTRUCTION AND PROGRAMMINGSECTION 6
Scan the QR code below for more on algorithms and how they are derived
Link QR Code
What exactly is an algorithm? Algorithms 
explained | BBC Ideas : https://www.youtube.
com/watch?v=ZnBF2GeAKbo
Before you can write your own pseudocode, you need to learn the basic rules. The 
use of keywords is important. Keywords are commonly used to represent various 
programming constructs and control flow elements. Here are some of the most 
frequently used keywords:
BEGIN, END: Used to denote the start and end of the pseudocode.
INPUT, GET, READ: Used for input operations.
OUTPUT, PRINT, DISPLAY: Used to output data.
IF, ELSE, ENDIF: Used for conditional statements.
WHILE, ENDWHILE: Used for while loops.
FOR, ENDFOR: Used for loops.
REPEAT, UNTIL: Used for repeat-until loops.
COMPUTE, CALCULATE: Used for performing calculations.
ADD, SUBTRACT, MULTIPLY, DIVIDE: Used for arithmetic operations.
//: Used to denote comments
This example shows how some of the keywords are used to write pseudocode:
BEGIN
  INPUT number
  IF number > 0 THEN
    PRINT «Positive»
  ELSE
    PRINT «Non-positive»
  END IF
END"
Explain key concepts from Robotics (robotics (4).pdf) - Page 9,"9
ROBOT CONSTRUCTION AND PROGRAMMINGSECTION 6
The example gives the steps, in pseudocode, to check if a number is positive. Learn 
more about pseudocode by watching the following clip :
https://www.youtube.com/
watch?v=HhBrkpTqzqg  
 
Defining Solutions to Basic Robotic Problems:
In this part of section 6 you will study some basic robotic problems and create solutions 
using algorithms, pseudocodes, and flowchart diagrams. Some examples of problems 
you might meet when designing robots include:
a. Obstacle Avoidance: Create algorithms to enable the robot to navigate around 
obstacles in its path.
b. Line Following: Develop algorithms that allow the robot to follow a line using 
sensors and motors.
c. Sumo Robot Strategy: Design algorithms for a sumo robot to detect and push 
opponents out of a sumo ring. (Sumo wrestling is a sport where two opponents try 
to push one another out of a large circular area)
This first example shows a flow chart which represents the action a robot should take 
if it meets something in its path. The robot continues moving forward until it meets an 
obstacle then stops."
Explain key concepts from Robotics (robotics (4).pdf) - Page 10,"10
ROBOT CONSTRUCTION AND PROGRAMMINGSECTION 6
Fig. 6.5: Flowchart diagram for a robot for obstacle avoidance
This second example shows the development of Pseudocode and a Flowchart from an 
algorithm for a robot which must follow a line until it reaches a destination.
a. Algorithm
 Initialisation:
i. Start the robot and initialise the sensors (e.g., light sensors or infrared sensors) 
to detect the line.
ii. Calibrate the sensors to recognise the difference between the line (usually 
dark) and the floor (usually light).
 Sensor Input: Continuously read the sensor values to determine the robot’s 
position relative to the line.
 Decision Making:
i. If the sensor on the left detects the line, steer the robot to the left.
ii. If the sensor on the right detects the line, steer the robot to the right.
iii. If both sensors detect the line (centred), move forward.
iv. If neither sensor detects the line, stop or search for the line by rotating.
 Movement: Adjust the motors to control the robot’s direction based on the sensor 
input.
 Repeat: Continuously repeat the above steps to keep the robot following the line.
 End: The robot stops when it reaches the destination (e.g., a stop marker at the 
end of the line)."
Explain key concepts from Robotics (robotics (4).pdf) - Page 11,"11
ROBOT CONSTRUCTION AND PROGRAMMINGSECTION 6
b. Pseudocode and Flowchart
Fig. 6.6: Pseudocode and flowchart for line following algorithm
Scan the QR Code below for videos on how to create flowcharts from problem statements
Link QR Code
https://www.youtube.com/
watch?v=NdS8J9lHWgE  
Practice Problems:
1. Problem: Design a Robot Maze Solver
 Task: Create an algorithm, pseudocode, and flowchart diagram for a robot to solve 
a simple maze autonomously. The robot should explore the maze, avoiding dead-
ends, and find its way to the centre."
Explain key concepts from Robotics (robotics (4).pdf) - Page 12,"12
ROBOT CONSTRUCTION AND PROGRAMMINGSECTION 6
2. Problem: Navigate a Square Path 
 Task: Program a robot to navigate a square path and return to the starting point. 
Create an algorithm, pseudocode, and flowchart diagram for a robot.
3. Problem: Obstacle Avoidance
 Task: Create an algorithm and pseudocode for the obstacle avoidance flowchart in 
Fig. 6.5.
Activity 6.3
Select either problem one (1) or two (2) to solve. Write an algorithm to solve the 
chosen problem.
a. Convert the algorithm into pseudocode. Use plain English to describe each 
step.
b. Turn your pseudocode into a visual flowchart. Use the correct symbols to 
represent each decision point and action
Reflect on your solution to the problem. What did you find challenging? How did 
you ensure the algorithm was correct and worked with the minimum number of 
steps?
Activity 6.4
Study the obstacle avoiding pseudocode below. Go through it line by line and 
explain in a sentence what happens at each step. Try to spot any areas where the 
pseudocode could be simplified and rewrite it making the necessary changes."
Explain key concepts from Robotics (robotics (4).pdf) - Page 13,"13
ROBOT CONSTRUCTION AND PROGRAMMINGSECTION 6
START robot
INITIALISE sensors
CALIBRATE sensors
WHILE (robot is running)
 READ front sensor
IF (front sensor detects obstacle)
 STOP
 READ left and right sensors
IF (left sensor is clear and right sensor is blocked)
  TURN left
  MOVE forward
ELSEIF (right sensor is clear and left sensor is blocked)
TURN right
  MOVE forward
ELSEIF (both sensors are clear)
CHOOSE a random direction 
  MOVE forward
ELSE
ROTATE 180 degrees (U turn)
MOVE forward
ELSE
MOVE forward
STOP
How could you improve this pseudocode to make the robot react faster or handle 
more complex obstacles?"
Explain key concepts from Robotics (robotics (4).pdf) - Page 14,"14
ROBOT CONSTRUCTION AND PROGRAMMINGSECTION 6
Activity 6.5
Refer to the flowchart in Fig. 6.5.
1. Write an algorithm which outlines the step-by-step procedure that the robot 
would follow based on the flowchart.
 Guiding Questions:
a. What does the robot do when it starts?
b. What happens when the robot meets an obstacle?
c. What decisions does the robot make at each step?
2. Convert the algorithm you deduced from the flowchart into pseudocode. Use 
plain English and simple instructions to describe each step. 
3. Based on the algorithm and pseudocode you developed, look for ways to 
refine or optimise the original flowchart. Consider if the logic can be made 
simpler, more efficient, or if additional decision points or processes are 
needed. 
4. Use flowchart symbols to redraw the refined version of the original flowchart. 
Make sure the new flowchart accurately reflects your improved algorithm 
and pseudocode."
Explain key concepts from Robotics (robotics (4).pdf) - Page 15,"15
Review Questions 
Review Questions 6.1: Using Flowchart Diagrams 
To Create Algorithms 
Choose the correct answer:
What is the purpose of a flowchart? 
a) To write the final code
b) To visually represent an algorithm
c) To document software requirements
d) To test hardware components
Add the correct missing word:
1. The three main components of a problem-solving process in programming are 
inputs, __________, and outputs. 
2. A flowchart uses __________ to show the flow of control from one step to another. 
3. __________ diagrams provide a visual representation of algorithms.
State whether the sentence is true or false:
4. Flowcharts are only used in robotics programming.
5. The synthesis of information is one of the Higher Order Thinking skills.
6. In a flowchart, the parallelogram symbol is used to represent input/output 
operations.
7. Testing a flowchart step-by-step is unnecessary once it has been created.
Extended writing:
8. Describe the purpose of using flowchart diagrams in robotics programming.
9. a. Outline three ways in which flowcharts can be used in the programming of 
robots.
b. Create a flow chart for the following algorithm using the correct flowchart 
symbols.
 Start
 Step 1 Input two numbers: ( a ) and ( b ).
 Step 2 Calculate the product: ( product = a*b ).
 Step 3 Divide the product by 2: (a*b)/2
 Step 4 Display result
 End"
Explain key concepts from Robotics (robotics (4).pdf) - Page 16,"16
Review Questions 6.2: Algorithmic Problem-solving 
in Robotics 
1. Which of the following best describes the purpose of a flowchart in robotics 
programming?
A. To provide a written description of a robot’s behaviour
B. To represent the robot’s structure
C. To visually represent the sequence of steps in an algorithm
D. To debug robot hardware issues
2. What is the main role of pseudocode in problem-solving?
A. To provide a visual representation of a problem
B. To execute the robot’s program directly
C. To bridge the gap between an algorithm and the actual code
D. To specify the physical components of a robot
3. In a line-following robot, which component is typically responsible for detecting 
the line?
A. Motors
B. Sensors
C. Actuators
D. Microcontroller
4. Pseudocode uses specific programming language syntax to ensure correct 
implementation.
A. True 
B. False 
5. A flowchart is a useful tool for debugging the logical flow of an algorithm.
A. True 
B. False 
6. The purpose of an algorithm in robotics is to provide a sequence of steps to achieve 
a specific task.
A. True 
B. False 
7. A flowchart uses ___________ which represent decisions, actions, and the flow of 
control.
8. Briefly explain the difference between an algorithm and pseudocode."
Explain key concepts from Robotics (robotics (4).pdf) - Page 17,"17
9. How can flowcharts help in the design and development of robotic programs?
10. Why is it important to refine a flowchart after creating the initial version?"
Explain key concepts from Robotics (robotics (4).pdf) - Page 18,"18
ROBOT CONSTRUCTION AND PROGRAMMINGSECTION 6
REFERENCES
1. Cross, N. (2023). Design thinking: Understanding how designers think and work. 
Bloomsbury Publishing.
2. Andersen, B., Fagerhaug, T., & Henriksen, B. (2002). Mapping work processes. 
Quality Press
3. Cormen, T. H., Leiserson, C. E., Rivest, R. L., & Stein, C. (2022). Introduction to 
algorithms. MIT press."
Explain key concepts from Robotics (robotics (4).pdf) - Page 19,"19
ROBOT CONSTRUCTION AND PROGRAMMINGSECTION 6
ACKNOWLEDGEMENTS
List of Contributors
Name Institution
Isaac Nzoley Wesley Girls’ High School
Kwame Oteng Gyasi Kwame Nkrumah University of Science and Technology
Kwame Owusu Opoku Prempeh College"
Explain key concepts from Robotics (robotics (5).pdf) - Page 1,"1
ROBOT DESIGN 
SOFTWARE
SECTION  
5
Robotics Year 1"
Explain key concepts from Robotics (robotics (5).pdf) - Page 2,"2
ROBOT DESIGN SOFTWARESECTION 5
ROBOT DESIGN METHODOLOGIES 
Tools and Applications for Robot Design 
Introduction
In this section, you will discover the tools and software that help you design and test 
robots. You will explore IDEs, modelling, and simulation tools, which are important 
for developing robotics projects. You will learn how to design robots in a virtual 
environment and see how they perform. You will be introduced to CAD software, 
where you will create models of parts for robotic systems. Finally, you will convert 
your CAD models into G-code and print them using a 3D printer.
At the end of this section, you will be able to:
• Explore features of selected modelling, programming and simulation tools useful for the 
design of robots.
• Design robots using virtual platforms and use simulation tools and programming IDEs 
to test the mechanics of the designed robots.
• Use a CAD tool to model parts of robotic systems.
•	 Use	 relevant	 intermediate	 tools	 to	 prepare	 modelled	 files	 into	 G-codes	 and	 print	 the	
designs using a 3D Printer.
Key Ideas:
• Integrated Development Environments (IDEs): Software that helps you write, test, 
and	fix	code	all	in	one	place.
• Modelling Tools: Used to create visual designs of robot structures.
• Simulation Tools: Let you test how robots will behave in a virtual setting before trying 
them out in real life.
• 3D Printing: A method of printing which converts digital designs into three dimensional 
physical objects.
• CAD (Computer-Aided Design): Software used to design 3D models.
• G-Code: A type of code that gives instructions to 3D printers."
Explain key concepts from Robotics (robotics (5).pdf) - Page 3,"3
ROBOT DESIGN SOFTWARESECTION 5
EXPLORING MODELLING, PROGRAMMING, 
AND SIMULATION TOOLS & APPS FOR ROBOT 
DESIGN
Integrated Development Environments (IDEs), modelling, and simulation tools are 
essential for developing robotics projects. Learning how to use these tools will help 
you	design,	program,	and	simulate	robots	more	efficiently.	This	section	will	introduce	
you to the features of these tools and show you how they are used in robotics.
1. Integrated Development Environments (IDEs) for 
Robotics
 IDEs are software packages which enable you to manage your robotics projects all 
in	one	place.	Think	of	them	as	a	one-stop	shop	for	writing,	testing,	and	fixing	your	
robot’s code so it works the way you want it to.
 Here	are	some	benefits	of	using	IDEs:
a. Code editing: Write your code following language rules, using highlighting 
(colour-coding for easier reading) and auto-completion (suggestions as you 
type).
b. Compiling and debugging: Quickly turn your code into instructions the 
robot	understands,	and	easily	find	and	fix	errors.
c. Simulation and testing: Some IDEs let you test your robot’s behaviour in a 
virtual environment before trying it on real hardware.
 Popular	IDEs	for	robotics	include:
a. LEGO® Education Spike:	 This	tool	helps	you	write	programs	for	the	Lego	
Spike Robot. It includes lessons, building instructions, and coding experiences 
that go from basic icon-based coding to more advanced text-based coding using 
Python.
b. EV3 Classroom: A user-friendly tool for programming LEGO® EV3 kits with 
an intuitive icon-based environment that connects to the EV3 robot.
c. Arduino IDE: A widely used tool in robotics for programming Arduino 
microcontrollers. It has an easy-to-use interface for writing, compiling, and 
uploading code.
d. Visual Studio Code (VS Code): A more advanced IDE that supports multiple 
microcontroller	platforms,	offering	strong	code	editing	and	debugging	features.
e. MATLAB/Simulink:	MATLAB	is	powerful	for	data	analysis	and	Simulink	is	
often used for modelling and simulating robotic systems.
2. Modelling and Simulation Tools for Robotics
 Modelling and simulation tools are like virtual playgrounds for building robots. 
They	let	you	create	a	digital	version	of	your	robot	in	an	environment,	then	test"
Explain key concepts from Robotics (robotics (5).pdf) - Page 4,"4
ROBOT DESIGN SOFTWARESECTION 5
how	it	moves	and	behaves	before	trying	it	out	in	the	real	world.	These	tools	help	
you visualise and test robotic systems before building them.
 Benefits	of	using	modelling	and	simulation	tools:
a. Safer testing:	 Experiment	with	different	programming	approaches	without	
risking damage to your robot.
b. Faster development:	Find	and	fix	errors	early	in	the	process,	saving	time	and	
resources.
c. Optimised performance:	 Test	different	 settings	 to	 find	 the	 most	 efficient	
way for your robot to operate.
d. Visualise robot behaviour: See how your robot interacts with its environment 
before building it.
 Popular	tools	for	modelling	and	simulation	include:
a. BrickLink Studio: A powerful 3D modelling software designed for creating 
virtual LEGO® models. It has an extensive library of LEGO® parts that is 
regularly updated.
b. ROS (Robot Operating System): An open-source framework that 
provides tools for developing robotic applications, including simulation and 
communication between robot components.
c. Gazebo: A robust 3D robot simulation environment that works well with 
ROS, allowing users to test robotic algorithms in virtual environments.
d. Webots: A professional simulation software used to model, simulate, and 
optimise robotic systems.
e. Tinkercad: A simple software for creating 3D models of robots that can be 
exported for 3D printing.
3. Summary of differences between IDEs and Modelling /
Simulation tools
 You	will	find	that	some	IDEs	share	similar	features	with	modelling	and	simulation	
tools.	The	differences	between	the	two	groups	are	important	for	robotics	engineers	
who	will	choose	a	tool	for	a	purpose.	These	are:
a. Focus:	IDEs	focus	on	software	development;	while	modelling	and	simulation	
tools focus on testing and validating robot designs and behaviours.
b. Environment:	 IDEs	 provide	 a	 coding	 environment,	 whereas	 modelling	 and	
simulation tools provide a virtual environment for testing.
c. Output:	The	primary	output	of	an	IDE	is	executable	code,	while	the	output	of	
a simulation tool is data on the robot’s performance and behavior in simulated 
scenarios."
Explain key concepts from Robotics (robotics (5).pdf) - Page 5,"5
ROBOT DESIGN SOFTWARESECTION 5
4. Features of Selected IDEs (Programming) Modelling 
and Simulation Tools#
 In	 this	 section	 you	 will	 find	 out	 how	 these	 tools	 work:	 	 ROS	 and	 Gazebo,	
Tinkercad,	the	Virtual	Robotics	Toolkit,	and	Arduino	IDE.	The	links	will	help	you	
to understand how to operate each tool.
a. ROS and Gazebo: ROS provides a modular system that makes it easy to 
connect	 different	 parts	 of	 your	 robot,	 while	 Gazebo	 gives	 a	 realistic	 virtual	
environment to test your robot’s movements and interactions.
Fig. 5.1: ROS Simulation
 Scan	 the	 QR	 code	 below	 for	 an	 overview	 of	 ROS	 and	 Gazebo,	 its	 installation	
instructions	as	well	as	some	extended	features:
Link QR CODE
https://www.youtube.com/watch?v=laWn7_cj434
b. Tinkercad:	 Tinkercad	 is	 a	 free	 software	 package.	 It’s	 an	 easy-to-use	 web-
based app. You can start using it right away without any downloads or strings 
attached.	Tinkercad	can	be	used	for	creating	3D	models,	simulating	electronic	
circuits,	and	3D	printing.	It	is	a	flexible	tool	which	can	be	used	to	adapt	your	
designs and test them in a virtual environment before actually building your 
project."
Explain key concepts from Robotics (robotics (5).pdf) - Page 6,"6
ROBOT DESIGN SOFTWARESECTION 5
Fig. 5.2: Tinkercad
 Scan	 the	 QR	 code	 below	 for	 an	 overview	 of	Tinkercad	and	 how	 to	 create	your	
design.
Link QR CODE
https://www.youtube.com/
watch?v=9hkbGngpGVk
c. The Virtual Robotics Toolkit:	The	Virtual	Robotics	Toolkit	is	software	that	lets	
you learn and practice building robots in a simulated environment. You can use 
it to work on robotics projects without needing to build a robot using component 
parts.
Fig. 5.3: Virtual	Robotics	Toolkit"
Explain key concepts from Robotics (robotics (5).pdf) - Page 7,"7
ROBOT DESIGN SOFTWARESECTION 5
d. The Arduino IDE:	 The	 Arduino	 Integrated	 Development	 Environment	(IDE)	
is a powerful tool for robotics projects. With the Arduino IDE, you can write, 
compile, and upload code to Arduino boards, which are used to control various 
components	like	motors,	servos,	and	sensors.	This	allows	you	to	build	and	program	
robots that can perform a wide range of tasks, from simple movements to complex 
operations.
Fig. 5.4: Arduino IDE
 Scan the QR code below for an overview of installation and usage of the Arduino 
IDE.
Link QR CODE
https://www.youtube.com/
watch?v=Wkt28joEJUE
Activity 5.1: Installing the Arduino IDE
Scan the QR code below for the step-by-step guide through the installation process 
of the Arduino IDE on your preferred operating system (Windows, macOS, Linux) 
and follow the steps shown in the video to download and install the Arduino IDE 
on your computer."
Explain key concepts from Robotics (robotics (5).pdf) - Page 8,"8
ROBOT DESIGN SOFTWARESECTION 5
Link QR CODE
https://www.youtube.com/
watch?v=3awCkLS7gHI
 
Answer the following questions after you have ensured that the IDE is running 
without errors.
1. What	were	the	steps	involved	in	installing	the	Arduino	IDE?
2. Did	you	encounter	any	issues	during	the	installation	process?	How	did	you	
resolve	them?
3. Why	is	it	important	to	install	the	correct	drivers	for	your	operating	system?
Activity 5.2: Exploring the features of the Arduino IDE
Scan the QR code below for the video that provides a general overview of the 
Arduino IDE’s features, including the toolbar, code editor, serial monitor, and 
libraries.
Link QR Code
https://www.youtube.com/
playlist?list=PLwWF-ICTWmB7-
b9bsE3UcQzz-7ipI5tbR	
 
Open	the	Arduino	IDE	and	explore	the	different	sections	highlighted	in	the	video.	
Some	key	areas	to	explore:
1. Code	Editor:	Write	a	simple	“Hello	World”	program	(e.g.,	blink	an	LED).
2. Toolbar:	Identify	the	buttons	for	verifying	and	uploading	code,	opening	serial	
monitors, and managing libraries.
3. Serial	Monitor:	Test	the	Serial	Monitor	by	sending	a	basic	message	from	the	
Arduino to your computer.
4. Libraries:	Explore	how	to	include	and	manage	libraries	for	different	
components like sensors or motors."
Explain key concepts from Robotics (robotics (5).pdf) - Page 9,"9
ROBOT DESIGN SOFTWARESECTION 5
Activity 5.3: Exploring the features of the Arduino IDE
1. What are the key features of the Arduino IDE that you discovered during 
your	exploration?
2. How do you compile and upload a program to an Arduino board using the 
IDE?
3. Describe how the Serial Monitor works and provide an example of when it 
would be useful.
4. How	do	you	add	a	new	library	in	the	Arduino	IDE?	Why	might	you	need	to	
use	libraries	in	your	projects?
5. What	is	the	purpose	of	the	verification	(checkmark)	button	in	the	toolbar?
Activity 5.4: Exploring Tinkercad Features
Scan the QR code below for videos that provides a general overview of the features 
of	Tinkercad	including	3D	design,	Circuit	design	and	simulation	and	code	blocks.
Link QR CODE
https://www.youtube.com/watch?v=9RF_BZ1Cg4k
https://www.youtube.com/watch?v=PxGNnoLXgcQ
Follow	the	instructions	in	the	video	which	gives	an	overview	of	Tinkercad	and	
create	your	own	account.	Explore	the	features	of	Tinkercad:
a. Exploring 3D Design:
i. Start a new 3D design project and use basic shapes (e.g., cubes, cylinders, 
spheres) to create a simple model, such as a keychain, a nameplate, or a 
mini robot.
ii. Practice	modifying	the	shapes	by	resizing,	rotating,	grouping,	and	aligning	
them.
iii. Use	the	“Hole”	feature	to	subtract	shapes	and	create	cutouts	in	your	
design."
Explain key concepts from Robotics (robotics (5).pdf) - Page 10,"10
ROBOT DESIGN SOFTWARESECTION 5
b. Exploring Circuit Simulation:
i. Switch to the Circuits workspace.
ii. Build	a	basic	circuit,	such	as	an	LED	connected	to	a	resistor	and	a	battery	
or a push-button circuit.
iii. Run the simulation to see how your circuit works. Experiment with 
changing	the	values	of	components	like	resistors	to	see	the	effects.
iv. Explore and add more components, like motors or sensors, to make your 
circuit more complex.
Share	your	observations	and	experiences	from	Activities	5.1-5.3	with	your	class.
VIRTUAL ROBOT DESIGN AND SIMULATION: 
EXPLORING MECHANICS AND TESTING
Testing	the	mechanical	actions	of	robots	using	virtual	platforms	and	simulation	tools	
involves creating a digital model of the robot and its environment. In this virtual space, 
you can simulate how the robot’s parts move and interact without needing to build a 
physical	prototype.	This	 process	helps	 you	identify	 and	 fix	 any	issues	 in	 the	 design,	
optimise	 the	 robot’s	performance,	 to	 ensure	 that	 it	 behaves	as	 expected	 in	 different	
scenarios.	By	using	simulation	tools,	you	can	save	time	and	resources	while	gaining	a	
better understanding of how your robot will function in the real world.
1. Virtual Platforms for Robot Design:
 Virtual platforms are computer programs that let you design and interact with 
simulated	 robots.	These	 platforms	 offer	 features	 like	3D	 modelling,	 sensor	 and	
task	 simulations,	 control	 and	 risk	 testing,	 considering	 the	 effect	 of	 real-world	
physics like material properties or gravity and visualisation. 
 Virtual	platforms	for	robot	design	include:
a. Bricklink Studio:	Bricklink	Studio	is	software	based	on	LEGO®	that	provides	a	
flexible	environment	for	creating,	visualising,	and	simulating	complex	robotic	
systems.	 BrickLink	 Studio,	often	 just	 called	 Studio,	is	 an	 all-in-one	 desktop	
application for Windows and Mac that allows you to build with virtual LEGO® 
parts.	BrickLink	Studio	can	be	used	to	design	and	visualize	robotic	models.	
However,	 it	 doesn’t	 offer	 advanced	 simulation	 features	 like	 physics-based	
movement or sensor integration that are typically required for testing robotic 
actions."
Explain key concepts from Robotics (robotics (5).pdf) - Page 11,"11
ROBOT DESIGN SOFTWARESECTION 5
Fig. 5.5:  Bricklink	Studio	Interface	(Simulation).	(Fileinfo,	2021)
 Scan	the	QR	Code	below	for	an	overview	of	Bricklink	Studio
Link QR Code
https://www.youtube.com/
watch?v=TCDMvVfd86o&t=15s
https://www.youtube.com/watch?v=BUxP1A4NLGE 
b. Tinkercad:	 You	 should	 know	 already	 that	 Tinkercad	 is	 a	 free	 software	
package. It’s an easy-to-use web-based app for 3D design, electronics, and 
coding. You can download it and start using it on your own computer, if you 
have	a	connection	to	the	Internet.	Tinkercad	can	be	used	for	designing	and	
simulating the mechanical actions of robots. You can create 3D models of 
robotic parts, program robots using block-based coding, and export designs for 
3D printing using Autodesk Fusion."
Explain key concepts from Robotics (robotics (5).pdf) - Page 12,"12
ROBOT DESIGN SOFTWARESECTION 5
Fig. 5.6:  Tinkercad	Interface	(Tinkercad,	2020)
 Tinkercad	can	be	used	to	run	simulations	to	test	your	projects	before	you	build	
them. 
 Try	this	 using	Tinkercad:	Build	 a	 simple	 circuit	to	light	 up	 an	 LED	 when	 a	
switch is pressed.
 Step	1:	Add	Components:	Drag	and	drop	the	components	you	need	from	the	
library onto the workspace.	 This	 could	 include	 resistors,	 LEDs,	 batteries,	
switches.
 Step	2:	Connect	Components:	Use	the	wiring tool to connect your components 
as needed. Make sure all connections are correct to avoid errors in the 
simulation.
 Step	3:	Switch	to	Simulation Mode:	 Click	on	the	“Code”	button	at	the	top	
right	of	the	screen,	then	switch	to	the	“Blocks”	or	“Text”	tab	to	write	your	code	
if needed.
 Step	4:	Start	Simulation:	Click	the	“Start Simulation”	button	at	the	top	right.	
This	will	run	your	circuit	and	show	you	how	it	behaves.
 Step	5:	Monitor	and	Adjust:	Observe the simulation results. If something 
is not working as expected, stop the simulation, make adjustments, and run it 
again.
c. Virtual Robotics Toolkit:	 The	 Virtual	 Robotics	Toolkit	is	 a	 simulator	 tool	
which uses the LEGO® Mindstorms EV3 programming environment to control 
the mechanical actions of virtual robots. It lets you control a virtual robot 
without needing space for physical testing or worrying about running out of 
LEGO® bricks."
Explain key concepts from Robotics (robotics (5).pdf) - Page 13,"13
ROBOT DESIGN SOFTWARESECTION 5
Fig. 5.7:  Virtual	Robotics	Toolkit
2. Exploring Robot Mechanics using LEGO® Education 
SPIKE App (IDE):
 Integrated Development Environments (IDEs) are used in projects to program 
robot	mechanical	actions	.	The	LEGO®	Education	SPIKE	App	gives	you	an	easy	
and enjoyable way to program the mechanical actions you want your robot to 
make. Once you have designed and built your virtual robot you can use this 
platform to program it using icon-based blocks, word-based blocks, or text-based 
coding. You do not have to know how to write code and the app displays error 
messages	to	help	identify	and	correct	mistakes.	The	app	is	free	to	download	and	
use but remember it is only designed to work alongside other coding apps from 
LEGO® Education.
Fig. 5.8: LEGO®	Education	SPIKE	App	(IDE)"
Explain key concepts from Robotics (robotics (5).pdf) - Page 14,"14
ROBOT DESIGN SOFTWARESECTION 5
 It also provides users with tutorials to start building robot structures using the 
LEGO®	Education	SPIKE™	Essential	or	LEGO®	Education	SPIKE™	Prime	Kits.	
Figure	14.5	shows	a	snapshot	of	the	interface	for	doing	this.	
Fig. 5.9: LEGO®	Education	SPIKE	App	Build	tutorials	for	constructing	robots
 Also, to help users with the basics of programming these kits, it provides some 
basic	tutorial	activities.	These	activities	cover	the	major	controllers,	sensors	and	
actuators. 
Fig. 5.10: Tutorial	Activities	in	LEGO®	Education	SPIKE	App
 Scan the QR code below for a video on how to download and install LEGO® Spike 
App to your computer."
Explain key concepts from Robotics (robotics (5).pdf) - Page 15,"15
ROBOT DESIGN SOFTWARESECTION 5
Link QR Code
https://www.youtube.com/
watch?v=Cqgl9pF0Us0
3. Simulating Robot Performance is valuable:
 Simulations provide a valuable tool for testing and evaluating robot performance 
without	the	need	for	physical	prototyping.	The	main	advantage	of	a	simulation	is	
that	it	is	a	cost-effective	way	of	achieving	the	best	possible	performance.		In	virtual	
environments	it	is	possible	to:
a. Test Algorithms:	Implement	and	test	control	algorithms	for	navigation,	path	
planning, and obstacle avoidance in a risk-free setting.
b. Validate Design Choices:	Evaluate	the	robot’s	stability,	agility,	and	efficiency	
based on its virtual performance, leading to improved design decisions.
c. Error and Risk Analysis:	Analyse	potential	errors	or	risks	that	the	robot	may	
encounter during real-world operation, helping with problem-solving.
Fig. 5.11: Virtual simulation of a mobile robot navigating through a warehouse environment (Vamshi 
Konduri,	2020).
Activity 5.5
Your teacher will divide you into groups for this activity.  Your group should 
discuss the virtual platforms that can be used to design, build, program and test 
robot	mechanical	actions.	Based	on	the	provided	information	(above)	and	your	
experience from investigating the online resources your group should identify 
which platform offers the best experience."
Explain key concepts from Robotics (robotics (5).pdf) - Page 16,"16
ROBOT DESIGN SOFTWARESECTION 5
Your group should create a comparison chart for each platform which assesses 
three	things;	the	user	friendliness	of	the	interface	(e.g.,	was	it	easy	or	hard	to	learn	
how	to	use	it?),	what	is	supported	by	the	platform(e.g.,	motor	and	sensor	types,	
physics properties, 3D modelling, visualisation, task simulation), and suitability 
for beginners (e.g., examples provided, menus and pathways clear, instructions 
section, help menu, visualisations)  (NOTE:	 This	chart	will	be	presented	to	the	
class).
The	reasons	for	your	choice	of	which	platform	offers	the	best	experience	should	
be in the form of a written summary on your chart.
Activity 5.6
In your groups, use your knowledge of sensors, controllers and actuators, video 
resources and previous tasks to design a robot capable of navigating the spaces 
between	shelves	in	a	simulated	warehouse	environment	using	Tinkercad.	
Activity 5.7
For the robot your group designed to work in a warehouse environment run 
simulations	 using	 Tinkercad	 to	 test	 robot	 performance	 and	 identify	 potential	
issues.	Refine	the	design	based	on	the	simulation	results.
CAD MODELLING AND 3D PRINTING FOR 
ROBOTIC SYSTEM PARTS
In the following information, you will explore the Computer-Aided Design (CAD) and 
3D printing of robotic system parts. CAD is used to design precise components that 
can be made into physical objects using a 3D printer. 3D printing has changed the way 
mechanical parts are manufactured, allowing design freedom, unique build, reduced 
waste, lightweight components and faster production.  You will learn the steps involved 
in CAD and 3D printing for the creation of custom parts for robotic systems.
Introduction to CAD Modelling:
Computer-Aided	Design	(CAD)	uses	software	to	create	detailed	2D	or	3D	models	of	
objects. CAD modelling is essential for designing robotic parts with precision and 
complexity. CAD software allows us to see, change, and test designs before printing 
them."
Explain key concepts from Robotics (robotics (5).pdf) - Page 17,"17
ROBOT DESIGN SOFTWARESECTION 5
CAD Tools for Robotics:
There	are	several	CAD	software	options	available	for	designing	robotic	parts.	Some	of	
the	most	common	include:
a. Auto desk Fusion 360:	 Fusion	 360	 is	 a	 powerful	 CAD	 tool	 that	 combines	 3D	
modelling, simulation, and teamwork features. It’s widely used in robotics and 
engineering due to its easy-to-use interface.
Fig. 5.12: Autodesk	Fusion	360	User	Interface
b. Solid Works:	 SolidWorks	is	 a	 popular	 CAD	 software	 known	 for	 its	 advanced	
modelling	 features	 and	 specialised	 tools	 for	 different	 industries.	 It’s	 great	 for	
designing complex robotic parts.
Fig. 5.13:  Solid	Works	User	Interface	(Rob	Hauser,	2021)"
Explain key concepts from Robotics (robotics (5).pdf) - Page 18,"18
ROBOT DESIGN SOFTWARESECTION 5
c. Tinkercad:	Tinkercad	is	a	CAD	tool	that	is	suitable	for	beginners.	You	can	use	it	
as a starting point for learning the basics of CAD modelling.
Fig. 5.14:  Tinkercad	Interface
CAD Modelling of Robotic Components using Tinkercad
The	following	information	is	to	help	you	design	a	chassis	and	four	wheels	for	a	moving	
robot	using	Tinkercad	as	your	choice	of	CAD	software.	You	can	ask	your	teacher	for	
help if you need it.
a. Robot Chassis:
 The	chassis	is	the	frame	to	which	all	the	robot’s	parts	are	fixed.	Use	your	CAD	
software	to	design	a	chassis,	considering	the	structural	strength,	size,	shape,	and	
spots for attaching sensors, wheels and motors.
b. Wheel Assembly:
 Use your CAD software to design the wheel assembly. Include how many will 
be	driven	by	the	motor(s).	Consider	factors	like	traction	(grip),	size,	and	how	the	
wheels	will	be	attached	to	the	chassis	and/or	motors.
 Scan	the	QR	Code	below	for	a	Tinkercad	video	which	will	help	you	design	the	two	
components	for	your	own	4	Wheel	Chassis.
Link QR Code
https://www.youtube.com/watch?v=-UhGb81V-Fo"
Explain key concepts from Robotics (robotics (5).pdf) - Page 19,"19
ROBOT DESIGN SOFTWARESECTION 5
Exporting for 3D Printing:
After	finishing	your	two	designs	using	your	CAD	software,	you	will	need	to	prepare	
them	for	3D	printing.	To	do	this	you	need	to	save	and	export	your	designs	in	a	file	format	
that	works	with	the	3D	printer,	like	STL	(stereolithography)	or	OBJ	(Wavefront	OBJ).	
Designs	exported	from	Tinkercad	in	formats	like	STL	or	OBJ	need	to	be	imported	into	
slicing software which will generate a G-code before they can be 3D printed. G-code is 
the language that 3D printers understand, containing instructions on how to move the 
printer’s components to create the object layer by layer (or in slices).
3D Printing the Robotic Components:
First task is to get the 3D printer ready by selecting the right printing settings, like 
layer	height	and	print	speed.	This	depends	on	the	size	and	complexity	of	your	design.	
Load	your	CAD	files	into	the	3D	printer	software	(which	will	convert	your	CAD	files	to	
G-code) and start the printing process. Watch as your designs are built layer by layer.
Fig. 5.15: 3D Printing Process
Scan	the	QR	Code	below	for	an	overview	of	Creating	a	3D	Printed	Object:	from	Digital	
Concept	to	Physical	Object	(Tinkercad	to	Ender	3	Pro)
Link QR Code
https://www.youtube.com/
watch?v=7xKe20Mb2eY"
Explain key concepts from Robotics (robotics (5).pdf) - Page 20,"20
ROBOT DESIGN SOFTWARESECTION 5
Activity 5.8
Working	in	 a	 small	 group,	 design	 a	 robotic	 component	 using	 Tinkercad.	This	
could	be	a	gripper	or	claw,	part	of	a	robot	arm	or	chassis.	Sketch	your	ideas	first,	
then	translate	them	into	a	3D	model	using	the	Tinkercad	software.
Present your robotic component design to another group. Explain the purpose 
of the component, your design process, and any other things you took into 
consideration. Listen to their feedback and be prepared to make any changes to 
your design.
Activity 5.9
Working	 with	 your	 group,	 refine	 your	 robotic	 component	 design	 based	 on	
feedback. Optimise your design by making sure you choose an appropriate 
material for your printed component and check there will be no problems with 
structural strength during the printing process like sections that are too thin or 
any necessary support structures are in place. Prepare your design for 3D printing 
by	saving	it	to	an	appropriate	file	such	as	an	STL	file.
Activity 5.10
Working	alone,	write	a	reflection	of	300-500	words	that	captures	your	learning	
journey through the above activity (What challenges did you face while using 
Tinkercad?)	How	did	your	design	change	after	feedback,	and	what	did	you	learn	
about	optimising	designs	for	3D	printing?)."
Explain key concepts from Robotics (robotics (5).pdf) - Page 21,"21
ROBOT DESIGN SOFTWARESECTION 5
3D PRINTING WITH G-CODES: FROM CAD 
MODELLING TO PHYSICAL PROTOTYPES
The	information	below	describes	in	detail	the	final	steps	of	producing	a	physical	model	
from design idea to 3D printing. It will describe the intermediate tools which are used 
to	 prepare	 your	 CAD	 (Computer	 Aided	 Design)	 files	 from	 which	 G-codes	 can	 be	
generated to print your designs using a 3D printer. Understanding the role intermediate 
tools play in the preparation for conversion to G-codes and printing is important for 
producing an error free physical model. 
1. Preparing CAD Models for 3D Printing:
 Before	printing,	CAD	models	need	to	be	checked	and	prepared.	This	includes:
a. Model Inspection: Make sure the CAD model is error-free, with no overlapping 
or intersecting parts.
Fig. 5.16: 3D printing-model inspection
b. Scale and Orientation: Adjust	 the	size	and	position	of	the	model	to	fit	the	3D	
printer’s build area and improve printing speed and quality.
Fig. 5.17: 3D printing- scale and orientation"
Explain key concepts from Robotics (robotics (5).pdf) - Page 22,"22
ROBOT DESIGN SOFTWARESECTION 5
c. Supports and Rafts: 
 These	elements	help	ensure	successful	3D	prints	by	providing	stability	and	support	
during the printing process.
 Support provides temporary structures to support overhanging parts of a print 
that	 would	 otherwise	 collapse.	 They	 can	 be	 generated	 automatically	 by	 slicing	
software	and	are	usually	made	of	the	same	material	as	the	print.	They	are	removed	
after printing, often requiring some post-processing to smooth the surface where 
supports were attached.
 Rafts	create	a	flat,	stable	base	for	the	print	to	improve	bed	adhesion	and	prevent	
warping	(twisting	 out	 of	 shape).	 Rafts	 consist	 of	 several	layers	of	 filament	 laid	
down	before	the	actual	print	begins.	They	are	useful	for	small	items	or	materials	
prone	to	warping.	They	 are	detached	 from	the	 final	 print,	 sometimes	 leaving	a	
rough surface that may need smoothing.
Fig. 5.18: 3D printing-Support and Raft
2. Intermediate Tools: Slicers for G-Code 
Generation:
 A slicer is software tool in 3D printing is a software program that takes a 3D model 
and slices it into thin layers. It then generates the necessary instructions, known 
as G-code, for a 3D printer to create the physical object. 
 The	following	are	slicer	tools:	
a. Ultimaker Cura:	 This	 is	 a	 slicer	 software	program	with	 a	 simple	 interface	
and advanced features. It supports many 3D printers and gives detailed control 
over printing settings."
Explain key concepts from Robotics (robotics (5).pdf) - Page 23,"23
ROBOT DESIGN SOFTWARESECTION 5
Fig. 5.19: Slicing process using Ultima Cura
 Scan the QR code below for videos on an overview of Ultimaker Cura
Link QR Code
https://www.youtube.com/
watch?v=cUVEoGfN45g
https://www.youtube.com/
watch?v=eUNTlb5pEW A
b. PrusaSlicer:	PrusaSlicer	software	is	designed	for	Prusa	3D	printers	only	and	
integrates	smoothly	with	their	hardware.	It	also	offers	advanced	customisation	
for printing.
c. Simplify3D:	Simplify3D	is	a	flexible	slicer	tool	that	provides	a	lot	of	control	
over	print	settings.	It	works	with	many	different	3D	printers	and	is	popular	
with experienced users.
3. Exporting G-Codes and Printing:
 Once the model is sliced and the G-codes have been generated, start the 3D 
printing	process	by	following	these	steps:
a. Export G-Codes:	 Save	the	G-code	file	to	an	SD	card	or	transfer	it	to	the	3D	
printer	using	a	USB	connection."
Explain key concepts from Robotics (robotics (5).pdf) - Page 24,"24
ROBOT DESIGN SOFTWARESECTION 5
b. Preparing the 3D Printer:	Ensure	the	printer	is	properly	set	up,	with	the	bed	
levelled	and	the	correct	filament	(construction	material)	loaded.
c. Start Printing:	Insert	the	SD	card	with	the	G-code	or	send	the	print	command	
from	the	3D	printer’s	interface.	The	printer	will	begin	creating	the	object	based	
on the G-code instructions.
Fig. 5.20: 3D Printing Process in Action
 Scan	the	QR	code	below	for	an	overview	of	model	File	to	3d	Print	-	A	Beginners	
Guide to Using Ultimaker Cura (3d Printer Slicer Software)
Link QR Code
https://www.youtube.com/watch?v=e-
lQPGJ3Psc&t=350s 
 NOTE: You may work on your own for the following activities or your teacher 
will organise you into your groups. Work with your colleagues to ensure everyone 
is able to participate in the activities.
Activity 5.11
Inspect	 your	 chosen	 CAD	 model	 using	 Tinkercad’s	 analysis	 tools.	 Look	 for	
common issues such as thin walls or overhangs that may need support. Make any 
necessary adjustments to your design to ensure it’s ready for 3D printing.
Submit a revised model with a brief explanation of the adjustments made and 
why they were necessary."
Explain key concepts from Robotics (robotics (5).pdf) - Page 25,"25
ROBOT DESIGN SOFTWARESECTION 5
Activity 5.12
Import	 your	chosen	 CAD	 model	 into	 Ultimaker	Cura	3D	 Slicer.	Configure	the	
slicing	settings,	such	as	layer	height	and	infill	percentage,	based	on	the	complexity	
of your model. Generate the G-code that will control the 3D printer. Save your 
files	ready	to	export	to	the	printer.
Write	a	short	explanation	of	how	your	slicing	settings	affect	the	print	quality	and	
speed.
Activity 5.13
Load	 your	 G-code	 file	 for	 your	 CAD	 model	 onto	 the	 3D	 printer	 software	 and	
begin the printing process. Monitor the printing of our design, If you notice any 
problems with the printing inform your teacher or supervisor. 
a. Write notes while observing the printing process, including recording any 
problems	you	had	and	how	you	resolved	them.	Take	pictures	or	videos	of	the	
print process. 
b. Complete a written evaluation of your printed model and remove any 
filling	or	unwanted	materials.	Consider	things	like	quality	of	print,	whether	
the	model	as	fit	for	purpose	and	what	you	would	have	done	differently	to	
improve the output.
NOTE: For this activity your school must have a 3D printer and a supply of 
filament	 (material	 used	 to	 printing	 your	 object)	 If	 you	 don’t	have	one	 in	 your	
school, your teacher should  be able organise to visit a school or institution 
(e.g.,	Senior	High	Schools,	Universities,	Technical	Universities	or	even	a	private	
company)	that	has	a	3D	printer.	Save	your	files	on	portable	drive	like	a	pen	drive	
or memory stick to take with you to print your object."
Explain key concepts from Robotics (robotics (5).pdf) - Page 26,"26
Review Questions 
Review Questions 5.1: Programming, Modelling 
and Simulation Tools 
1. Which	of	the	following	components	is	NOT	part	of	the	Arduino	IDE?
a. Code Editor
b. Toolbar
c. Electronic Circuit Simulator
d. Serial Monitor
2. What	does	the	checkmark	button	in	the	Arduino	IDE	toolbar	do?
a. Uploads the code to the Arduino board
b. Verifies/compiles	the	code	for	errors
c. Opens the Serial Monitor
d. Saves the project
3. Where	can	you	manage	external	libraries	in	the	Arduino	IDE?
a. Serial Monitor
b. File Menu
c. Sketch Menu
d. Preferences
4. 		Which	feature	in	Tinkercad	allows	you	to	simulate	an	electronic	circuit?
a. 3D Design Workspace
b. Code	Blocks	Workspace
c. Circuit Workspace
d. Shape Generator
5. In	the	3D	Design	workspace	of	Tinkercad,	what	does	the	“Hole”	tool	do?
a. Adds a new shape to the design
b. Cuts out parts of a shape
c. Changes the colour of a shape
d. Combines two shapes into one
6. What are the main purposes of the robot modelling and simulation tool like 
Tinkercad?
7. Explain why modelling and simulation are helpful when undertaking robotic 
projects."
Explain key concepts from Robotics (robotics (5).pdf) - Page 27,"27
Review Questions 5.2: Virtual Platforms
1. Which of the following virtual platforms allows you to build and simulate robotic 
designs	in	a	3D	environment?
a. Bricklink	Studio
b. Tinkercad
c. Virtual	Robotics	Kit
d. All the above
2. Which feature would be most important for a virtual platform if designing a robot 
with	multiple	sensors	controlling	mechanical	actions?
a. User interface complexity
b. Component library and sensor support
c. Speed of the simulation
d. Colour options of the robot parts
3. True	or	False:	Tinkercad	is	a	virtual	platform	that	includes	both	electronic	circuit	
and robotics design functionalities.
4. True	or	False:	Simulation	tools	can	help	identify	potential	issues	in	a	robot’s	design	
before physical construction.
5. True	or	False:	The	LEGO®	Education	SPIKE	App	is	a	virtual	platform	that	allows	
for 3D modelling and simulation of robots.
6. Identify three robotic actions that can be simulated in the software packages you 
have	explored	in	section	5.
Review Questions 5.3: CAD tools
1. For a CAD software package you have used, state three design features that it 
includes.
2. Describe the primary purpose of the distinct features mentioned above.
3. Outline the procedure for preparing a CAD design of a robotic component for 3D 
printing.
Review Questions 5.4: 3D Printing
1. List two 3D slicing software packages
2. Why	is	a	3D	slicing	software	needed	to	work	on	CAD	models	before	printing?
3. True	or	False:	PrusaSlicer	is	designed	specifically	for	use	with	Prusa	3D	printers.
4. True	or	 False:	The	 CAD	 model	 should	 be	 inspected	for	 errors	and	 adjusted	for	
scale and orientation before generating G-codes."
Explain key concepts from Robotics (robotics (5).pdf) - Page 28,"28
5. What	is	the	primary	purpose	of	a	slicer	in	the	3D	printing	process?
a. To	create	CAD	models
b. To	convert	CAD	models	into	G-codes
c. To	adjust	the	build	volume	of	the	3D	printer
d. To	print	the	physical	prototype
6. Which of the following slicer software is known for its user-friendly interface and 
compatibility	with	various	3D	printer	models?
a. PrusaSlicer
b. Simplify3D
c. Ultimaker Cura
d. AutoCAD"
Explain key concepts from Robotics (robotics (5).pdf) - Page 29,"29
ROBOT DESIGN SOFTWARESECTION 5
Extended Reading
1. For further reading on Programming, Modelling and Simulation Tools 
a. Installation	of	Arduino	IDE	on	different	operating	systems	
 https://emanual.robotis.com/docs/en/software/arduino_ide/ 
b. Modelling,	Simulation,	and	Control	of	4-Wheeled	Mobile	Robots	in	ROS	and	
Gazebo	-	From	Scratch!	https://www.youtube.com/watch?v=ad2jd8SCK-o 
c. Virtual	Robotics	Toolkit	Tutorials	
 https://www.youtube.com/
playlist?list=PLD6Y1qUg5LO72JIur1RTdLNX1a5wmmVNO 
2. For further reading on CAD tools 
a. Tinkercad:	Exporting	for	3D	Printer:	
 https://www.youtube.com/watch?v=4FDlgeCOGUI 
b. Getting	Started	with	Fusion	360	
 https://www.youtube.com/playlist?list=PLHEouj-sdEJEm_
xextUwnfhRJEdUs2hn4 
c. SolidWorks	Tutorial	for	Beginners	
 https://www.youtube.com/
playlist?list=PLrOFa8sDv6jcp8E3ayUFZ4iNI8uuPjXHe 
3. For further reading on 3D Printing 
a. Slicing	 and	 G	 Code:	The	 Bridge	 Between	 3D	 Model	 and	 3D	 Printer	 https://
support.snapmaker.com/hc/en-us/articles/4409195239575--Slicing-and-G-
Code-The-Bridge-Between-3D-Model-and-3D-Printer 
b. Slicer	(3D	printing):	https://en.wikipedia.org/wiki/Slicer_(3D_printing)"
Explain key concepts from Robotics (robotics (5).pdf) - Page 30,"30
ROBOT DESIGN SOFTWARESECTION 5
ACKNOWLEDGEMENTS
List of Contributors
Name Institution
Isaac	Nzoley Wesley Girls’ High School
Kwame	Oteng	Gyasi Kwame	Nkrumah	University	of	Science	and	Technology
Kwame	Owusu	Opoku Prempeh College"
Explain key concepts from Robotics (robotics (6).pdf) - Page 1,"1
DIGITAL AND 
ANALOGUE SYSTEM 
DESIGN 1
SECTION  
4
Robotics Year 1"
Explain key concepts from Robotics (robotics (6).pdf) - Page 2,"2
DIGITAL AND ANALOGUE SYSTEM DESIGN 1SECTION 4
Robot Design Methodologies 
Digital and Analogue System Design 
Introduction
Welcome to the exciting world of electronic circuit design, a fundamental aspect of 
both digital and analogue systems. Electronic circuits are the backbone of modern 
technology, enabling everything from simple household gadgets to complex robots 
and sophisticated communication systems. Understanding the components of an 
electronic circuit and their functions would help you acquire knowledge on the various 
components of an electronic circuit. It is crucial for anyone interested in robotics, 
automation, or any field that relies on electronic devices to go through this indicator.
In robotics, electronic systems are essential for controlling and coordinating different 
components to complete specific tasks. Block diagrams are useful tools that provide a 
clear and simple way to represent these complex systems. 
In this lesson you will learn that digital technology generates, stores, and processes 
data in terms of positive and nonpositive states, represented by the number 1 and the 
number 0. Data is transmitted or stored as a string of 0s and 1s, each referred to as a 
bit, and a byte is a string of bits a computer can address individually. Before the digital 
age, electronic transmission was limited to analogue technology, which conveyed data 
as electronic signals of varying frequency or amplitude added to carrier waves. This 
lesson also aims to critically analyse analogue and digital systems and their relation 
to discrete and continuous-time machine designs. Digital systems use binary digits (0s 
and 1s) and logic gates to process discrete signals, enabling precise control and decision-
making in devices like computers and smartphones. Analog systems use components 
like resistors, capacitors, and operational amplifiers to interface with sensors and 
manage real-time control. Through hands-on activities, learners will build and analyse 
circuits, compare digital and analogue systems, and classify machines based on their 
inputs and outputs.
At the end of this section, you will be able to:
• Identify the components of an electronic circuit and their functions.
• Properly label and explain block and schematic diagram representation of electronic 
systems, system inputs and outputs.
• Assemble and test electronic circuits on a solderless breadboard using predesigned 
schematic diagrams.
• Critically analyse analogue and digital systems and observe how they relate to both 
discrete and continuous-time machine designs."
Explain key concepts from Robotics (robotics (6).pdf) - Page 3,"3
DIGITAL AND ANALOGUE SYSTEM DESIGN 1SECTION 4
Key Ideas:
• Passive components such as resistors, capacitors, and inductors manage energy 
within circuits, crucial for voltage regulation, signal filtering, and energy storage. 
Active components like diodes, transistors, and integrated circuits play pivotal roles 
in signal amplification, current control, and digital logic operations, enabling complex 
functionalities in electronic systems. Specialised components such as relays and circuit 
breakers facilitate the control and protection of electrical circuits, while LEDs offer 
energy-efficient illumination. Understanding the functions and applications of these 
components, reinforced by analogies and hands-on practice, forms a solid foundation 
for effective electronic circuit design and troubleshooting.
• Block diagrams are visual representations that use simple blocks to depict different 
components of an electronic system and their connections, making it easier to understand 
complex electronic systems. These diagrams highlight system inputs and outputs, where 
inputs are the signals or data received by the system, and outputs are the actions or 
data generated by the system. In electronic systems, interconnected components like 
sensors and actuators play crucial roles; sensors gather environmental data (inputs), 
while actuators execute physical actions (outputs) based on control signals from the 
microcontroller. The microcontroller serves as the control block, processing inputs 
and generating outputs to manage the system. Schematic diagrams complement block 
diagrams by providing detailed symbolic representations of electronic circuits, showing 
precise connections between components. Understanding the flow of information, 
illustrated by arrows in block diagrams, is essential for grasping how different functional 
blocks interact and how the system operates as a whole.
• Implement electronics circuits and understand the layout of a breadboard and correctly 
assemble circuits using components like resistors, LEDs, power cells and transistors.
• Use a digital multimeter to measure voltage, current, and resistance in circuits, following 
safety precautions.
• Digital systems use binary digits (0s and 1s) for precise control and decision-making.
• Digital systems operate on discrete signals using binary digits.
• Logic gates (AND, OR, NOT, etc.) are the building blocks of digital circuits.
• Key components include microcontrollers, finite-state machines, timers, and pulse-
width modulation.
• Analogue systems work with continuous signals, representing real-world quantities like 
sound or temperature.
• Analogue systems handle continuous signals and interface with real-world sensors.
• Key components include resistors, capacitors, and operational amplifiers (op-amps).
• These components perform functions like amplification, filtering, and signal processing.
 
Why is this important?
Electronic components are the building blocks of an electronic circuit. In building 
a house, bricks or blocks and other necessary materials are used just as a house is 
built from bricks, each with a specific role in the structure. Electronic circuits are 
constructed from components, each contributing to the overall operation. Knowing 
these components and their roles is the first step towards designing and troubleshooting 
electronic systems."
Explain key concepts from Robotics (robotics (6).pdf) - Page 4,"4
DIGITAL AND ANALOGUE SYSTEM DESIGN 1SECTION 4
Practical Applications
Imagine you want to build a robot. To make it move, sense its environment, and interact 
with the world, you’ll need to design circuits that control motors, process sensor data, 
and manage power. Each of these tasks requires a solid understanding of electronic 
components. By mastering this knowledge, you’ll be equipped to bring your robotic 
creations to life and troubleshoot any issues that arise.
INTRODUCTION TO ELECTRONIC CIRCUIT 
COMPONENTS
Electronic circuits consist of various components that perform specific functions to 
control the flow of electrical signals. Some common electronic circuit components 
include resistors, capacitors, inductors, diodes, transistors, integrated circuits (ICs), 
relays, circuit breakers and LEDs.
Electronic circuits are the foundation of modern technology, enabling the functionality 
of countless devices and systems we rely on daily. From smartphones and computers to 
medical equipment and robotic systems, these circuits are integral to their operation. 
Understanding the components that make up electronic circuits is essential for anyone 
looking to delve into electronics, robotics, or any technology-related field.
What are Electronic Circuit Components?
Electronic circuit components are the building blocks of circuits, each serving a specific 
purpose to ensure the circuit functions correctly. These components can be classified 
into two main categories: Passive and Active components.
Passive Components Active Components
Resistors Diodes
Capacitors Transistors
Inductors Integrated Circuits
Circuit breaker Relays
Light Emitting Diodes
Passive components
Passive components are electronic components that do not require an external power 
source to operate. They cannot introduce energy into the circuit; instead, they consume, 
store, and release energy in the form of electrical or magnetic fields."
Explain key concepts from Robotics (robotics (6).pdf) - Page 5,"5
DIGITAL AND ANALOGUE SYSTEM DESIGN 1SECTION 4
1. Resistors are passive components that limit and regulate the flow of electrical 
current. This is achieved by reducing the current which helps to control voltage 
levels in a circuit. 
   
Fig. 4.1: An actual Resistor and a Resistor Symbol 
 The resistance of a resistor is measured in ohms (Ω). This resistance value 
determines how much the resistor will limit the current. Ohms are a unit of 
measurement that quantifies electrical resistance, named after the German 
physicist Georg Simon Ohm.
 Resistors are often identified by a colour code system, which uses coloured bands 
to indicate their resistance value.  This system consists of several coloured rings 
painted on the resistor, each colour representing a specific number (colours and 
their corresponding digits are: Black: 0, Brown: 1, Red: 2, Orange: 3, Yellow: 4, 
Green: 5, Blue: 6 Violet/Purple: 7, Grey: 8 White: 9).
 Here’s a brief guide to using the colour code system:
a. First and Second Bands: These represent the first two digits of the resistance 
value.
b. Third Band: This is the multiplier, which indicates the power of ten to 
multiply the first two digits by.
c. Fourth Band (Tolerance Band): Usually on the right on its own. This 
indicates the tolerance of the resistor, which shows how accurate the resistance 
value is. (usually expressed as a +/- percentage, gold is +/- 5%, Silver +/- 10%, 
no colour +/- 20%).
 For example, the resistance of a resistor with the colour bands brown, black, 
red close together on the left, and a gold band on its own on the right would be 
determined the following way:
 Brown = 1, Black = 0 gives first two digits 10
 Red = 2 gives 10
2
 Therefore 10 x 102 = 1000 
 So, the resistance is 1000 Ω with a tolerance of ±5%
2. Capacitors: A capacitor that stores electrical charge. It can be used in filtering, 
coupling, and timing applications. They are essential in smoothing voltage 
fluctuations and blocking direct current."
Explain key concepts from Robotics (robotics (6).pdf) - Page 6,"6
DIGITAL AND ANALOGUE SYSTEM DESIGN 1SECTION 4
 
Fig. 4.2: Symbol of a capacitor and an actual capacitor 
3. Inductors: Inductors store energy in the form of a magnetic field and are used in 
filtering and energy storage applications. They resist changes in current flow and 
play a crucial role in AC circuits. 
 
Fig. 4.3: An actual Inductor and the symbol for an inductor 
4. Circuit breaker: A circuit breaker is an electrical switch designed to protect an 
electrical circuit from damage caused by excess current. It automatically interrupts 
the flow of electricity in a circuit when it detects a fault, such as a short circuit 
or an overload. Circuit breakers are designed to trip (open the circuit) when the 
current exceeds a certain threshold for a specified period. This helps prevent 
overheating of wires, damage to equipment, and electrical fires.
 In robotics, maintaining the reliability and safety of electrical systems is crucial 
for optimal performance and protection of components. A circuit breaker (CB) 
plays a vital role in this context by protecting the electrical circuits from damage 
caused by overcurrent or short circuits.
 The auto-resetting circuit breaker is especially beneficial in robotic applications. 
These breakers are designed to automatically reset after an overcurrent condition 
has been resolved, eliminating the need for manual intervention. An auto-
resetting circuit breaker is ideal for situations where constant human monitoring 
and manual resetting are impractical or impossible, such as in autonomous or 
remotely operated robots."
Explain key concepts from Robotics (robotics (6).pdf) - Page 7,"7
DIGITAL AND ANALOGUE SYSTEM DESIGN 1SECTION 4
 Consider a robot equipped with an auto-resetting circuit breaker located in its 
Power Distribution Panel (PDP). The PDP is responsible for distributing electrical 
power to various subsystems of the robot, such as motors, sensors, and control 
units.
 For instance, imagine an autonomous mobile robot used in a warehouse for 
material handling. If a sudden surge in current occurs in one of the motors due 
to a temporary obstruction, the auto-resetting circuit breaker in the PDP will trip 
to prevent damage. Once the obstruction is cleared and the overcurrent condition 
resolves, the breaker will reset, and the robot will continue its task seamlessly. 
This capability ensures that the robot can operate efficiently without requiring 
human workers to manually reset the breaker, thus maintaining productivity and 
operational continuity.
 
Fig. 4.4: A circuit breaker and a symbol of a circuit breaker 
Active Components
Active components are electronic components that require an external power source 
to operate. They can introduce energy into the circuit and are capable of controlling 
current flow.
1. Diodes: Diodes are semiconductor devices that allow current to flow in one 
direction only. They are used in rectification, voltage regulation, and signal 
demodulation. 
 
Fig. 4.5: An actual Diode and the symbol for a diode 
2. Transistors: Transistors are active components that amplify or switch electronic 
signals. They form the building blocks of digital logic circuits and amplifiers."
Explain key concepts from Robotics (robotics (6).pdf) - Page 8,"8
DIGITAL AND ANALOGUE SYSTEM DESIGN 1SECTION 4
 
Fig. 4.6: A Transistor and a symbol of a transistor 
3. Integrated Circuits (ICs): ICs are complex assemblies of multiple electronic 
components integrated into a single package. They are used for various functions, 
such as microcontrollers, memory, and signal processing. 
 
Fig 4.7: An Integrated Circuit and a symbol of an IC 
4. Relay: A relay is an electrically operated switch that consists of a coil of wire 
around an iron core, an armature, and one or more sets of contacts. When an 
electrical current flows through the coil, it creates a magnetic field that attracts 
the armature, causing the contacts to close or open. 
 
Fig. 4.8: An image of a relay and a symbol for a relay 
 Relays are simply switches that are used to control flow of voltage in circuits and 
operate electromechanically. They allow a low-power signal to control a high-
power circuit, which is useful for applications where a low-power signal, such 
as from a microcontroller, needs to control a high-power device like a motor or a 
heater. 
5. LED (Light Emitting Diode): An LED is a semiconductor device that emits 
light when an electric current passes through it. It consists of a semiconductor"
Explain key concepts from Robotics (robotics (6).pdf) - Page 9,"9
DIGITAL AND ANALOGUE SYSTEM DESIGN 1SECTION 4
chip mounted on a reflector cup and encapsulated in a transparent or coloured 
epoxy resin. 
 
Fig. 4.9: An LED and a symbol of an LED 
Summary table
Passive 
Components
Pictures/Symbol Functions
Resistor
 • Resists the flow of electric current, 
helping to control the amount of 
current that passes through a circuit.
• Think of a resistor like a narrow 
section of a water pipe. It restricts 
the flow of water (current) through 
it.
• Real-World Example: Used in 
LED circuits to limit the current, 
ensuring the LED doesn’t burn out.
Capacitor
• Stores and releases electrical energy. 
They can filter out noise, smooth 
voltage fluctuations, and help in 
timing applications.
• Imagine a capacitor as a water tank. 
It can fill up (store charge) and then 
release water (discharge) when 
needed.
• Real-World Example: Found 
in power supplies to smooth out 
fluctuations in voltage."
Explain key concepts from Robotics (robotics (6).pdf) - Page 10,"10
DIGITAL AND ANALOGUE SYSTEM DESIGN 1SECTION 4
Passive 
Components
Pictures/Symbol Functions
Inductor
 • Stores energy in a magnetic field 
when electric current flows through 
them. They are used in filtering 
applications and to manage energy 
storage.
• Picture an inductor as a coil in a 
water hose that can store some 
water pressure as energy.
• Real-World Example: Used in 
transformers and radios for tuning 
and filtering signals.
Circuit 
Breaker
• Protect electrical circuits from 
damage caused by overloads or 
short circuits by automatically 
interrupting the flow of electricity 
when they detect a fault condition.
• Think of a circuit breaker as a safety 
valve in a water system that shuts 
off the flow if the pressure gets too 
high, preventing pipe bursts and 
flooding.
• Real-World Example: Circuit 
breakers are found in home 
electrical panels to protect wiring 
and appliances from overloads.
Active 
Components
Diodes
• Allow current to flow in one 
direction only, acting as a one-way 
valve.
• Think of a diode like a check valve 
in a plumbing system that only 
allows water to flow one way.
• Real-World Example: Used in 
power supplies to convert AC to DC 
(rectification)."
Explain key concepts from Robotics (robotics (6).pdf) - Page 11,"11
DIGITAL AND ANALOGUE SYSTEM DESIGN 1SECTION 4
Active 
Components
Transistors
 • Can amplify electrical signals 
and act as switches. They are 
fundamental in digital circuits.
• Imagine a transistor as a faucet. It 
can turn the flow of water on and 
off or control the amount of flow 
(amplification).
• Real-World Example: Found in 
computer processors, amplifiers, 
and many other electronic devices.
Integrated 
Circuits
• Complex circuits with multiple 
components like transistors, 
resistors, and diodes on a 
single chip. They perform 
various functions from simple 
logic operations to complex 
microprocessor tasks.
• Consider an IC as a small city, with 
all included components working 
together to perform complex tasks.
• Real-World Example: It is used 
in nearly every electronic device 
including smartphones, computers, 
and digital watches.
Relays
• Act as electromechanical switches 
that allow a low-power electrical 
signal to control a high-power 
circuit by using an electromagnet to 
mechanically operate a switch.
• Imagine a relay like a remote control 
for a gate. The remote control (low 
power) signals the gate’s motor 
(high power) to open or close the 
gate, but the motor needs electricity 
to operate.
• Real-World Example: Automotive 
Systems: Relays are used to control 
high-current devices like headlights, 
horns, and fuel pumps using low-
power signals from the control 
switches."
Explain key concepts from Robotics (robotics (6).pdf) - Page 12,"12
DIGITAL AND ANALOGUE SYSTEM DESIGN 1SECTION 4
Active 
Components
LEDs
 • Emit light when an electric current 
passes through them, serving as 
energy-efficient light sources.
• Consider an LED like a small 
light bulb. It only lights up when 
connected to a power source.
• Real-World Example: LEDs are 
used in household and commercial 
lighting fixtures for energy-efficient 
illumination.
Activity 4.1
1. Watch a simple video demonstration of some basic electronic components. 
Here A simple guide to electronic components.
2. Watch this simple video on identification of simple electronic components. 
Here Identification of Basic Electronics Components -Diodes, LED, 
Capacitors, Resistance, Transistors etc
3. The image is a printed circuit board with electronic components soldered on. 
Examine the image keenly."
Explain key concepts from Robotics (robotics (6).pdf) - Page 13,"13
DIGITAL AND ANALOGUE SYSTEM DESIGN 1SECTION 4
4. After watching the video and examining the image provided above, perform 
the following tasks:
a. List 10 electronic components you observed when you watched the video 
and on  examining the picture
b. Draw the circuit symbols of all components identified and listed 
c. Group the various components as passive or active
d. State a function of each of the component listed
e. Discuss your answers with a classmate
ELECTRONIC SYSTEMS
An electronic system is a collection of interconnected electronic components that work 
together to perform a specific function or set of functions. These components include 
devices like resistors, capacitors, transistors, integrated circuits, and microcontrollers. 
They work together to process signals, control processes, and manage information. For 
example, your smartphone is an electronic system that handles communication, internet 
browsing, photography, and many other tasks through its various interconnected parts.
In robotics, electronic systems are responsible for receiving input from sensors 
(like cameras, microphones, and touch sensors), processing this information using 
processors and microcontrollers, and then sending commands to actuators (like 
motors and servos) to perform actions. For instance, in a robotic arm, an electronic 
system processes the input from sensors that detect the position of the arm and sends 
commands to the motors to move the arm precisely. This allows robots to perform tasks 
like assembling parts, picking and placing objects, or even performing surgery with 
great accuracy.
Block Diagram Representation
In week five (5), our focus was on the use of control and logic diagrams and how 
flowcharts contribute to the control system design process. A flowchart breaks down 
a process into steps, just like a recipe does for cooking. For example, a flowchart for 
making a simple sandwich looks like the following:"
Explain key concepts from Robotics (robotics (6).pdf) - Page 14,"14
DIGITAL AND ANALOGUE SYSTEM DESIGN 1SECTION 4
1. Start: Begin the process.
2. Gather Ingredients: Bread, peanut butter, and jelly.
3. Spread Peanut Butter: Spread peanut butter on one slice of bread.
4. Spread Jelly: Spread jelly on the other slice of bread.
5. Assemble Sandwich: Put the slices together.
6. Serve: Serve the sandwich.
7. End: The process is complete.
Each step in the flowchart is represented by a box. Arrows between the boxes show the 
order of the steps, guiding you through the process from start to finish.
[image 01 - chart]
The recipe breaks down the process of cooking into steps, much like how flowcharts 
represent processes. This simple flowchart diagram demonstrates how breaking down 
a task into clear, sequential steps can help us understand and complete complex 
processes. In the same way, engineers use flowcharts to plan and manage tasks in 
robotics.
Block Diagrams
A block diagram is a visual map that simplifies an electronic system by breaking it into 
functional blocks connected by arrows. Each block represents a specific function or 
component, such as a microcontroller, sensor, or motor driver. The arrows show the 
direction of signal flow between these blocks, illustrating how the system operates. 
For example, a block might represent a microcontroller, sensor module, or motor 
driver. The arrows between blocks indicate the direction of information or signal flow 
between different subsystems. A block diagram could break down the elements of an 
audio system. It could show how the power supply unit interacts with the audio mixer 
and the audio power amplifier to project sound through a loudspeaker.
System Inputs and Outputs in Block Diagrams
Inputs and outputs are essential aspects of any electronic system and are represented 
in block diagrams
to illustrate the system’s functionality and interactions with the external environment.
1. System inputs
 Inputs represent the information or signals that enter the electronic system from 
external sources. These inputs can come from sensors, user interfaces, or other 
connected devices. In a block diagram, inputs are typically shown as arrows 
entering the respective blocks."
Explain key concepts from Robotics (robotics (6).pdf) - Page 15,"15
DIGITAL AND ANALOGUE SYSTEM DESIGN 1SECTION 4
2. System outputs
 Outputs represent the results, actions, or data generated by the electronic system 
and sent to external components or devices. Outputs can control motors, display 
information, or communicate data to other systems. In block diagrams, outputs 
are typically shown as arrows leaving the respective blocks.
Block Diagram Representation in Robotics
To illustrate the concept of block diagrams in robotics, let us consider a simple robotic 
system that includes three main functional blocks:
1. Sensing block
 This block represents the sensors used in the robot to perceive the environment. 
Sensors could include cameras, ultrasonic sensors, or infra-red sensors.
2. Control block
 The control block houses the microcontroller or microprocessor responsible for 
processing sensor data and making decisions. It takes inputs from the sensing 
block and generates control signals for the actuation block.
3. Actuation block
 This block includes the actuators responsible for physical actions in the robot, 
such as motors or servos. The actuation block receives control signals from the 
control block and executes the required actions.
In building a robot that follows a line on the ground. A simple block diagram of such a 
system will consist of the following:
1. The sensing block
2. The control block
3. The actuation block
The table below describes each and how it works"
Explain key concepts from Robotics (robotics (6).pdf) - Page 16,"16
DIGITAL AND ANALOGUE SYSTEM DESIGN 1SECTION 4
Sensing Block Control Block Actuating Block
This block represents anything 
that gathers information about 
the robot’s environment. In 
our example, it might be a 
light sensor that detects the 
difference between the dark 
line and the brighter floor. 
The sensor block sends this 
information (dark or light) as 
a signal to the next block.
This is the robot’s brain! It 
receives the signal from the 
sensor block (dark or light) 
and decides what the robot 
should do next. It might be a 
microcontroller, like a small 
computer, programmed to tell 
the robot to turn its wheels if it 
goes off the line.
These are the parts 
that make the robot 
move based on 
the control block’s 
instructions. In this 
case, it could be the 
motors that turn the 
robot’s wheels. The 
control block sends a 
signal (turn left, turn 
right, or go straight) 
to the actuator block, 
which translates 
that signal into 
movement.
These blocks (sensing, control, and the actuation blocks) can be diagrammatically 
represented using shapes that represent individual blocks as shown below.
Robotic System Diagram
Fig. 4.10 shows the block diagram representation of the robotic system with appropriate labels for each 
block and arrows indicating signal flow between the blocks.
An arrow points from the Sensing Block to the Control Block, representing the flow 
of information from the sensors to the micro controller for processing. Another arrow 
points from the Control Block to the Actuation Block, symbolising the transmission 
of control signals from the microcontroller to the actuators, directing their actions. 
This Schematic block diagram provides a simplified representation of a robotic system, 
emphasising the flow of information from sensing to processing and control, leading 
to physical actions executed by the actuators. The block diagram format is an essential 
tool for understanding and designing complex electronic systems in robotics.
From the block diagram, one can explain the functions of the blocks as follow:
• The sensor block sees the environment (dark or light).
• The control block thinks about what to do (turn or go straight).
• The actuator block acts on those instructions (moves the wheels).
• The arrows between the blocks show the flow of information:
• Sensor block sends a signal (dark or light) to the control block.
• Control block sends a signal (turn or go straight) to the actuator block."
Explain key concepts from Robotics (robotics (6).pdf) - Page 17,"17
DIGITAL AND ANALOGUE SYSTEM DESIGN 1SECTION 4
Schematic Diagram Representation
A schematic diagram is a simplified symbolic representation of an electronic circuit. 
It uses symbols to depict electronic components like resistors, capacitors, transistors, 
and integrated circuits (ICs).  Lines connecting these symbols represent wires that 
carry electrical signals between components. By following the connections and 
understanding the symbols, you can visualize how the electronic system functions.
Fig. 4.11: A simple schematic diagram
A schematic diagram is like a detailed map for an electronic system. It shows how 
various components, like resistors, capacitors, and transistors, are connected to each 
other. Think of it as a blueprint that electricians and engineers use to understand and 
build electronic circuits.
In a schematic diagram, each component is represented by a unique symbol. For 
example, a resistor is shown as a zigzag line, while a capacitor is depicted as two parallel 
lines. These symbols are connected by lines that represent electrical wires.
By using schematic diagrams, you can easily see how electricity flows through a 
circuit, from the power source, through the components, and back again. This helps in 
troubleshooting and designing circuits because it provides a clear and precise way to 
understand the relationships and connections between different parts of the system.
In robotics, for example, a schematic diagram might show how sensors, processors, 
and actuators are wired together. This allows engineers to visualize how a robot’s 
electronic systems work and ensure that all parts are connected correctly to perform 
tasks efficiently.
Components of a Schematic Diagram
• Symbols
 Schematic diagrams use standardised symbols (universally understood) to 
represent various electronic components such as resistors, capacitors, transistors, 
sensors, motors, and microcontrollers and any other electronic components that 
make up the electronic system."
Explain key concepts from Robotics (robotics (6).pdf) - Page 18,"18
DIGITAL AND ANALOGUE SYSTEM DESIGN 1SECTION 4
• Lines and connections
 Lines in a schematic represent wires or conductive traces, while connections 
between components indicate how they are electrically linked. These lines 
represent the flow of electrical current in the electronic system.
• Labels and annotations
 Components and connections are often labelled with values, part numbers, or 
annotations to provide additional information.
Steps to Create Schematic Diagrams
1. Use Standard Symbols: Always use standardised symbols to ensure clarity and 
consistency in your schematics.
2. Organise Neatly: Arrange components and connections logically to enhance 
readability and understanding.
3. Label Components: Clearly label components, connections, and important 
nodes to aid comprehension.
4. Document Changes: Document any modifications or updates made to the 
schematic to maintain accuracy over time.
An Example Schematic Diagram
Using an Arduino buzzer circuit as an example, let us follow the steps outlined above 
to create a schematic diagram for the circuit.
1. Use Standard Symbols: We need symbols for the Arduino board, a buzzer, and 
connecting wires.
2. Organise Neatly: Place the Arduino board at the centre or on one side of your 
diagram. Position the buzzer near the Arduino, making sure there is enough space 
for connections.
3. Label Components: Label the Arduino, indicate the specific digital pin used 
(e.g., D8), and label the buzzer. Label the connecting wires and important nodes. 
For instance, the wire connecting D8 to the positive terminal of the buzzer should 
be labelled.
4. Document Changes: Keep track of any modifications. If you change the pin 
connection or add a resistor, note it down on the schematic."
Explain key concepts from Robotics (robotics (6).pdf) - Page 19,"19
DIGITAL AND ANALOGUE SYSTEM DESIGN 1SECTION 4
Fig. 4.12: Schematic diagrams of Arduino buzzer
Note: Some schematic diagrams might look more realistic, and some might just use 
symbols to represent various components as demonstrated below.
Interpreting Schematic Diagrams
1. Component Identification: Begin by identifying the symbols for each component 
in the schematic and understanding their functions.
2. Circuit Flow: Follow the flow of the circuit from the input to the output, tracing 
how signals or power move through the system.
3. Connection Understanding: Pay attention to how components are connected, and 
the paths signals take, including series and parallel connections.
4. Grounding: Identify the ground symbol and understand its role in providing a 
reference point for voltage levels.
Example Schematic Diagram and Interpretation:
Fig. 4.13: A Buzzer Circuit
The schematic diagram provided above shows a simple buzzer circuit. Let’s break 
down the components and their connections:
• Battery (9V): The battery is represented with two parallel lines of different 
lengths, and it acts as the power source for the circuit."
Explain key concepts from Robotics (robotics (6).pdf) - Page 20,"20
DIGITAL AND ANALOGUE SYSTEM DESIGN 1SECTION 4
• Resistor (R1, 10k ohms): The zigzag line in the schematic diagram represents a 
resistor which has a value of 10k ohm. The function of the resistor in the schematic 
is to limit the current flowing through the circuit to protect other components.
• Switch: The switch is represented by an open gap with a line. The switch allows 
the circuit to be completed or broken manually.
• SCR (Silicon Controlled Rectifier, C106B): A diode with a gate lead represents a 
component known as the silicon-controlled rectifier. This diode with a gated lead 
which acts as a switch that is controlled by the gate signal.
• Buzzer: The speaker-like icon in the schematic is used to represent the component 
called the buzzer. The buzzer emits a sound when the circuit is activated.
How the Circuit Works
• The 9V battery provides the necessary voltage for the circuit.
• The resistor (R1) ensures that the current remains within safe limits.
• When the switch is closed, it completes the circuit.
• The SCR allows current to flow to the buzzer when it receives a gate signal.
• The buzzer emits a sound when the SCR is activated and current flows through it.
Difference between Block Diagram and Schematic 
Diagram
Block Diagrams Schematic Diagrams
Block diagrams use simple rectangular 
blocks to represent the main functional 
parts of a system and arrows to show 
the connections and flow of information 
between these parts. This provides a high-
level overview of the system, helping 
to understand the structure and overall 
function without getting into the specifics.
Schematic diagrams, on the other hand, 
provide a detailed representation of the 
system. They use standardised symbols to 
represent specific electronic components 
and show precise connections between 
them. This type of diagram serves as 
a blueprint for constructing the actual 
electronic circuit, detailing every 
component and its exact wiring."
Explain key concepts from Robotics (robotics (6).pdf) - Page 21,"21
DIGITAL AND ANALOGUE SYSTEM DESIGN 1SECTION 4
Activity 4.2
Analyse the block diagram (as shown above) of a robotic system and identify 
sensors as inputs that collect environmental data (e.g., temperature, distance) 
and actuators as outputs that execute physical actions (e.g., movement) based on 
commands from the microcontroller. 
Activity 4.3
The diagram below is a schematic drawing of a simple electronic circuit. This 
simple circuit lights up an LED.
Examine this schematic carefully and perform the following tasks.
• Identify all the components in the schematics and write down their names.
• Trace connections between each component and take note of how each is 
connected.
• Explain how the circuit will function 
Circuit schematic with component 
symbol
Circuit schematic with component icons"
Explain key concepts from Robotics (robotics (6).pdf) - Page 22,"22
DIGITAL AND ANALOGUE SYSTEM DESIGN 1SECTION 4
Activity 4.4
You may have encountered automatic doors at places like supermarkets, airports, 
and office buildings. These doors open automatically when you approach them 
and close after you pass through. But have you ever wondered how they work? 
Here is a sample video on automatic door in operation:
ENOX AUTOMATIC SENSOR DOOR
Narrative on how the automatic door works
An automatic door operates by using sensors to detect motion or presence near the 
door. When someone approaches, the sensor sends a signal to a control unit, often a 
microcontroller, which processes the signal and activates a motor. The motor, driven by a 
motor driver, physically opens or closes the door. This system ensures convenient access 
without the need for manual intervention, enhancing convenience and accessibility in 
various environments such as supermarkets, airports, and office buildings.
To Do: Complete the following tasks to create a block diagram for the automatic door 
control system.
1. From the narrative above, Identify and list all the functional blocks (major 
components) used by the automatic door.
2. For each functional block/component listed, draw symbols to represent the 
component block and label them.
3. Connect the blocks with arrows to show power, data, and control flows. 
4. Review and clearly label the complete diagram.
Activity 4.5
In your group, brainstorm ideas for a simple robot your group would like to 
build. Sketch a basic schematic diagram for your robot being sure to include the 
necessary components and connections. 
Share your ideas, explaining the function of your robot with your class."
Explain key concepts from Robotics (robotics (6).pdf) - Page 23,"23
DIGITAL AND ANALOGUE SYSTEM DESIGN 1SECTION 4
THE BREADBOARD
A breadboard, sometimes called a prototype board, or solderless board, is a board on 
which circuits can be implemented without the need to solder. The name breadboards 
came about from the fact that engineers used bread-cutting boards to assemble 
electronic circuits to implement and test their designs. The components were screwed 
to the bread board and wired with Fahnestock clips, as shown below.
 
The breadboard consists of rows and columns connected internally as shown in the 
diagram below. From left to right, the vertical strips by the red and blue vertical lines 
are called the power rails or buses. These are usually marked with red (positive) and 
blue or black (negative) lines. Power supplies are typically connected to the power rails 
from which power is supplied to other circuits being prototyped on the board. There 
are two sets of the power rails that sandwich terminal strips or component rails, and 
they are internally connected horizontally. The component rails are used in connecting 
components together.
 
  
Fig. 4.14: Solderless Breadboard"
Explain key concepts from Robotics (robotics (6).pdf) - Page 24,"24
DIGITAL AND ANALOGUE SYSTEM DESIGN 1SECTION 4
How to Assemble Circuits on a Prototype 
Breadboard
To set up a circuit, start by inserting the components’ leads into the breadboard’s 
holes. Use jumper wires to connect components that are not in adjacent holes. Always 
double-check your connections before powering the circuit to avoid damaging the 
components. Consider the circuit below and observe how the simple LED circuit is set 
up on a breadboard.
Fig. 4.15: Simple LED light flasher circuit
Materials
• 1 Breadboard
• 1 LED
• 1 470Ω Resistor
• 1 5V Power Supply (e.g., a 5V battery pack or a power adapter)
• Jumper Wires
• Digital Multimeter"
Explain key concepts from Robotics (robotics (6).pdf) - Page 25,"25
DIGITAL AND ANALOGUE SYSTEM DESIGN 1SECTION 4
Step-by-Step Guide to Assembling the Circuit
1. Prepare the Breadboard
• Place the breadboard on a stable, flat surface.
• Understand the layout: The breadboard has two main sections—the power rails 
and the terminal strips. Power rails are vertical, terminal rails are horizontal.
2. Connect the Power Supply
• Connect the positive terminal (+) of the 5V power supply to the positive power 
rail on the breadboard.
• Connect the negative terminal (-) of the 5V power supply to the negative power 
rail on the breadboard.
•"
Explain key concepts from Robotics (robotics (6).pdf) - Page 26,"26
DIGITAL AND ANALOGUE SYSTEM DESIGN 1SECTION 4
3. Place the Resistor
• Using one set of terminal strips insert one wire of the 470Ω resistor into a hole 
in one of the rows in the terminal strip.
• Insert the other wire of the resistor into a different row in the terminal strip.
4. Place the LED
• Identify the longer wire (anode, positive) and the shorter wire (cathode, 
negative) of the LED.
• Insert the longer wire (anode) into the same row as the end of the resistor.
• Insert the shorter wire (cathode) into a different row.
5. Connect the Circuit
• Use a jumper wire to connect the row where the resistor is inserted to the 
positive power rail on the breadboard.
• Use another jumper wire to connect the row where the cathode of the LED is 
inserted to the negative power rail on the breadboard."
Explain key concepts from Robotics (robotics (6).pdf) - Page 27,"27
DIGITAL AND ANALOGUE SYSTEM DESIGN 1SECTION 4
6. Double check to  ensure all connections are secure and that there are no loose 
wires.
7. Turn on the power supply. The LED should turn on if everything is connected 
correctly
Caution: When setting up a circuit on a breadboard, use a compatible power supply 
to prevent damage. Keep wires and component leads separated to avoid short circuits. 
Let hot components cool before handling to prevent burns. Discharge static electricity 
before touching components. Always turn off power before adjusting the circuit to 
avoid shocks. Use appropriate tools to handle components safely and protect the 
breadboard from damage.
How To Use A Multimeter
A Multimeter
A multimeter, also known as a volt-ohm-milliammeter (VOM), is a versatile measuring 
instrument used to measure multiple electrical properties. Typically, a multimeter 
can measure voltage, resistance, and current, allowing it to function as a voltmeter, 
ohmmeter, and ammeter. Many multimeters also offer additional measurement 
capabilities such as temperature and capacitance."
Explain key concepts from Robotics (robotics (6).pdf) - Page 28,"28
DIGITAL AND ANALOGUE SYSTEM DESIGN 1SECTION 4
One fundamental use of a multimeter is testing circuit continuity, which is essential 
for fault finding in electrical circuits. When set to continuity mode, the multimeter 
checks if a circuit is complete and produces an audible sound if continuity is present. 
This feature helps users quickly identify breaks or shorts in the circuit, making 
troubleshooting more efficient.
Safety Precautions 
Observe these safety precautions when using a multimeter:
1. Use the correct voltage and current settings.
2. Ensure proper probe use (red for positive, black for negative).
3. Check for residual voltage before measuring.
4. Verify and replace fuses as needed.
5. Keep hands and multimeter dry.
6. Inspect test leads regularly for damage.
One way in which you can know how your circuit is behaving is to monitor the circuits. 
Circuits are monitored through measurement of electric properties components in 
the circuit exhibit. Some of those physical properties include voltage, current and 
resistance. To know the value of these quantities a multimeter is used to measure and 
display the values.
Steps to Use a Multimeter
Below are the steps involved in measuring electrical quantities of circuits using a 
multimeter.
1. Prepare the Multimeter
• Turn the dial on the multimeter to the appropriate DC voltage setting (V with 
a straight line and dashed line below it). For a 5V circuit, a setting of 20V DC 
is usually appropriate.
2. Turn on the Power Supply
• After setting up your multimeter, turn on the power supply to the breadboard 
circuit.
3. Connect the Multimeter Probes
• Red Probe (Positive) Connect the red probe to the point in the circuit where 
you want to measure the voltage. Typically, this could be a point in the positive 
power rail or at the anode of a component like an LED.
• Black Probe (Negative) Connect the black probe to the ground (GND) or the 
negative power rail of the breadboard."
Explain key concepts from Robotics (robotics (6).pdf) - Page 29,"29
DIGITAL AND ANALOGUE SYSTEM DESIGN 1SECTION 4
 
 
https://www.
electronicshub.
org/current-
measurement-using-
multimeter/
Fig. 4.15: Sample of current measurement using multimeter
4. Take the Measurement
• With the probes connected, the multimeter will display the voltage at the 
point of contact. Ensure that the probes are making good contact with the 
breadboard points to get an accurate reading.
5. Read the Multimeter Display
• Note the voltage reading displayed on the multimeter. This will tell you the 
potential difference between the points you are measuring.
6. Test Different Points (Optional)
• If you want to measure voltage across different components, move the red 
probe to different points in the circuit, keeping the black probe connected to 
ground.
7. Turn Off the Power Supply:
• After taking your measurements, turn off the power supply before disconnecting 
the probes and making any adjustments to your circuit.
The step-by-step procedures listed below, and a video demonstration constitute an 
example of how to measure voltage across an LED.
Measuring Voltage Across an LED
1. Connect Power Supply
• Ensure your 5V power supply is connected to the breadboard.
2. Set Up Multimeter
• Turn the multimeter to the 20V DC setting.
3. Turn on the Power Supply
• Switch on the power supply to the circuit."
Explain key concepts from Robotics (robotics (6).pdf) - Page 30,"30
DIGITAL AND ANALOGUE SYSTEM DESIGN 1SECTION 4
4. Place Probes
• Touch the red probe to the anode (longer leg) of the LED.
• Touch the black probe to the cathode (shorter leg) of the LED or to the ground 
rail.
5. Read Voltage
• The multimeter will display the voltage drop across the LED.
6. Turn Off Power Supply
• Once done, turn off the power supply.
7. Watch this video to see a practical example of how to measure voltage using a 
multimeter. How to Measure Voltage with a Multimeter
Safety Tips
• Always start with the multimeter set to a higher voltage range and then move to a 
lower range if needed.
• Avoid touching the metal parts of the probes while taking measurements to 
prevent electrical shock.
• Make sure the probes are securely connected to the multimeter and the circuit to 
avoid inaccurate readings or damage to the multimeter."
Explain key concepts from Robotics (robotics (6).pdf) - Page 31,"31
DIGITAL AND ANALOGUE SYSTEM DESIGN 1SECTION 4
Activity 4.6
In this activity, you will implement the circuit diagram given below on a 
breadboard. 
 
Precaution: Ensure to use the appropriate power rating and avoid short-circuits. 
Handle all electronic components with care. Seek assistance from instructors 
where necessary.
Light-Dependent LED Circuit with a Transistor
Materials Needed
• 1 Breadboard
• 1 Photoresistor
• 1 LED
• 1 NPN Transistor (2N2222)
• 1 470Ω Resistor
• 1 1kΩ Resistor
• 1 6V to 12V Power Supply (e.g., a battery pack or power adapter)
• Jumper Wires
• Digital Multimeter"
Explain key concepts from Robotics (robotics (6).pdf) - Page 32,"32
DIGITAL AND ANALOGUE SYSTEM DESIGN 1SECTION 4
Steps
1. Place the Resistors on the Breadboard:
• Insert the 1kΩ resistor into the breadboard. One end should be in one row 
and the other end in a different row.
2. Connect the Photoresistor:
• Insert the photoresistor into the breadboard so that one end is in the same 
row as the 1kΩ resistor. The other end should be in a new row.
3. Connect the Transistor:
• Insert the transistor into the breadboard with its three terminals (collector, 
base, emitter) in separate rows.
• Connect the junction of the 1kΩ resistor and the photoresistor to the base 
of the transistor.
4. Connect the LED and 470Ω Resistor:
• Insert the LED into the breadboard, with the anode (longer leg) in one row 
and the cathode (shorter leg) in another row.
• Connect one end of the 470Ω resistor to the row with the anode of the 
LED and the other end to a new row.
• Connect the collector of the transistor to the row with the 470Ω resistor 
and the anode of the LED.
5. Power Supply Connections:
• Connect the positive terminal (+) of the power supply to the row with the 
470Ω resistor and LED anode.
• Connect the negative terminal (-) of the power supply to the emitter of the 
transistor and to the row with the cathode of the LED.
6. Test the Circuit:
• Turn on the power supply. Cover and uncover the photoresistor to see the 
LED’s response to changes in light.
7. Use the Digital Multimeter:
• Measure voltage across the photodiode, resistors and LED in the circuit 
using the multimeter.
• Compare voltage readings across different groups and discuss the results."
Explain key concepts from Robotics (robotics (6).pdf) - Page 33,"33
DIGITAL AND ANALOGUE SYSTEM DESIGN 1SECTION 4
Activity 4.7
In this activity, you will implement a DC motor control circuit on a solderless 
breadboard. An H-bridge circuit will be used to control a DC motor, enabling 
you to alter the motor’s spin direction from clockwise to counterclockwise and 
vice-versa. An H-bridge circuit allows you to control the flow of current, and the 
direction of this current flow determines the direction of the DC motor’s spin.
While this activity presents an exciting challenge, the explanation can be improved 
for clarity. An H-bridge consists of four switches (usually transistors) that allow 
current to flow in either direction through the motor, thereby changing its spin 
direction. Each transistor in the H-bridge operates as a switch, controlled by 
signals that determine whether the current flows clockwise or counterclockwise. 
Additionally, this activity assumes that all learners have access to an Arduino 
Uno and a computer, which are necessary for controlling the H-bridge and motor.
As shown in the diagrams below,"
Explain key concepts from Robotics (robotics (6).pdf) - Page 34,"34
DIGITAL AND ANALOGUE SYSTEM DESIGN 1SECTION 4
Materials Needed
1. Arduino Uno
2. Breadboard
3. 2 NPN transistors (e.g., 2N2222)
4. 2 PNP transistors (e.g., 2N2907)
5. DC Motor
6. Resistors (1kΩ for base resistors)
7. Jumper wires
8. Power supply for the motor (e.g., 9V battery)
Circuit Assembly
1. Prepare the Breadboard:
• Place the NPN and PNP transistors on the breadboard.
2. Transistor Pin Configuration
• NPN Transistor (2N2222):
o Emitter (E)
o Base (B)
o Collector (C)
• PNP Transistor (2N2907):
o Emitter (E)
o Base (B)
o Collector (C)
3. Motor and Power Connections:
• Connect the motor terminals to the collectors of the NPN transistors.
• Connect the emitters of the NPN transistors to ground.
• Connect the emitters of the PNP transistors to the positive terminal of the 
motor power supply.
• Connect the collectors of the PNP transistors to the motor terminals.
4. Base Resistor Connections:
• Connect a 1kΩ resistor between each base of the transistors and the 
Arduino digital pins as follows:
o Arduino pin 1 to the base of NPN transistor 1
o Arduino pin 2 to the base of NPN transistor 2
o Arduino pin 3 to the base of PNP transistor 1
o Arduino pin 4 to the base of PNP transistor 2
Arduino Code
1. // Define pin numbers
2. const int pin1 = 1;
3. const int pin2 = 2;
4. const int pin3 = 3;"
Explain key concepts from Robotics (robotics (6).pdf) - Page 35,"35
DIGITAL AND ANALOGUE SYSTEM DESIGN 1SECTION 4
5. const int pin4 = 4;
6. // Define the interval (20 seconds)
7. const unsigned long interval = 20000; // 20,000 milliseconds
8. void setup() {
9.   // Set pin modes
10.   pinMode(pin1, OUTPUT);
11.   pinMode(pin2, OUTPUT);
12.   pinMode(pin3, OUTPUT);
13.   pinMode(pin4, OUTPUT);
14.   // Start with pins 1 and 4 activated
15.   digitalWrite(pin1, HIGH);
16.   digitalWrite(pin4, HIGH);
17.   digitalWrite(pin2, LOW);
18.   digitalWrite(pin3, LOW);
19. }
20. void loop() {
21.   // Wait for 20 seconds
22.   delay(interval);
23.   // Deactivate pins 1 and 4
24.   digitalWrite(pin1, LOW);
25.   digitalWrite(pin4, LOW);
26.   // Activate pins 2 and 3
27.   digitalWrite(pin2, HIGH);
28.   digitalWrite(pin3, HIGH);
29.   // Wait for 20 seconds
30.   delay(interval);
31.   // Deactivate pins 2 and 3
32.   digitalWrite(pin2, LOW);
33.   digitalWrite(pin3, LOW);
34.   // Reactivate pins 1 and 4
35.   digitalWrite(pin1, HIGH);
36.   digitalWrite(pin4, HIGH);
37. }"
Explain key concepts from Robotics (robotics (6).pdf) - Page 36,"36
DIGITAL AND ANALOGUE SYSTEM DESIGN 1SECTION 4
Step-by-Step Guide
1. Assemble the Circuit
• Follow the circuit assembly instructions above, ensuring that all connections 
are secure and correct.
• Double-check the connections to make sure there are no shorts or incorrectly 
wired components.
2. Upload the Code
• Open the Arduino IDE on your computer.
• Copy and paste the provided code into the IDE.
• Connect the Arduino Uno to your computer using a USB cable.
• Select the correct board and port from the Tools menu.
• Click the Upload button to upload the code to the Arduino.
3. Test the Circuit
• Once the code is uploaded, the motor should start spinning in one direction.
• After 20 seconds, the motor should reverse direction.
• The motor will continue to alternate direction every 20 seconds.
Your circuit should look like the diagram below.
Activity 4.8
1. Turn on the power supply. Press the push buttons to see the motor’s response.
2. Measure the voltage at different points, such as across the motor terminals 
and between the collector and emitter of the transistors.
3. Compare voltage readings across different groups and discuss the results."
Explain key concepts from Robotics (robotics (6).pdf) - Page 37,"37
DIGITAL AND ANALOGUE SYSTEM DESIGN 1SECTION 4
4. Explain why the motor changes direction based on which button is pressed.
EXPLORING DIGITAL AND ANALOGUE SYSTEMS 
IN DISCRETE AND CONTINUOUS-TIME MACHINE 
DESIGN
The word ‘digital’ describes electronic technology that generates, stores and processes 
data in terms of positive and nonpositive states. Positive is expressed or represented 
by the number 1 and nonpositive by the number 0. Thus, data transmitted or stored 
with digital technology is described as a string of 0s and 1s. Each of these state digits 
is referred to as a bit; a string of bits a computer can address individually as a group 
is a byte. Before the digital age, electronic transmission was limited to analogue 
technology, which conveys data as electronic signals of varying frequency or amplitude 
added to carrier waves of a given frequency. Broadcast and phone transmission have 
conventionally used analogue technology.
A. Understanding Digital Systems
Digital Systems
Building on the concept of binary digits, digital systems are constructed using digital 
circuits designed to handle binary information. These systems operate on discrete 
signals that switch between well-defined states—such as on/off, true/false or voltage 
level zero/five. This discrete nature of digital signals ensures accuracy and reliability in 
data processing, which is critical for applications like computing, telecommunications, 
and automated control systems.
Digital and Binary
In the realm of digital systems, information is represented using binary digits. Each 
digit, or bit, can either be 0 or 1, and this binary representation is crucial for handling 
discrete signals. Understanding binary encoding helps clarify how digital systems 
manage data through discrete signals, which do not take on intermediate values, 
making them distinct from continuous signals.
Discrete Signals
Discrete signals, which can only assume specific, separated values - such as on/off or 
true/false - are central to digital systems. This characteristic differentiates them from 
continuous signals, which can take on a continuous range of values. Recognising the 
nature of discrete signals is essential for grasping the fundamentals of digital systems. 
In contrast, continuous signals, which we’ll explore in subsequent sections, are integral 
to analogue systems that operate with smoothly varying signals."
Explain key concepts from Robotics (robotics (6).pdf) - Page 38,"38
DIGITAL AND ANALOGUE SYSTEM DESIGN 1SECTION 4
Logic Gates
The operation of digital systems is fundamentally based on logic gates, which execute 
essential logical operations by processing discrete signals. These gates are realised using 
electronic components such as diodes, transistors, and resistors. While the symbols 
for logic gates represent their logical functions, their actual implementation involves 
configuring transistors in specific ways to perform operations like AND, OR, NOT, 
and XOR. Understanding logic gates is crucial, as they form the building blocks of 
digital circuits, enabling the execution of complex computations and decision-making 
processes in digital systems.
Introduction to Logic Gates
Logic gates are fundamental components in digital electronics and play a crucial 
role in the field of robotics. They are the building blocks that allow robots to process 
information and make decisions. By understanding how logic gates work, you’ll gain 
insights into how robots and other digital systems perform complex tasks using simple 
binary logic.
What Are Logic Gates?
A logic gate is an electronic circuit that performs a specific logical operation based on 
one or more input signals and produces a single logical output. These operations are 
based on Boolean algebra, which uses binary values (0 and 1) to represent true and 
false states. Each logic gate has a distinct function and produces a specific output based 
on its inputs. The behaviour of a logic gate is described by a Truth table.
Types of Logic Gates
There are several basic types of logic gates, each with its unique operation:
AND Gate
For the output of an AND gate to be true (1) all its inputs must be true (1). If any input 
is false (0), the output is false (0).
OR Gate
The OR gate outputs true (1) if at least one of its inputs is true (1). The output is false 
(0) only if all inputs are false (0).
NOT Gate
The NOT gate, also known as an inverter, outputs the opposite of its input. If the input 
is true (1), the output is false (0), and vice versa.
NAND Gate
The NAND gate is the inverse of the AND gate. It outputs false (0) only if all its inputs 
are true (1). Otherwise, the output is true (1)."
Explain key concepts from Robotics (robotics (6).pdf) - Page 39,"39
DIGITAL AND ANALOGUE SYSTEM DESIGN 1SECTION 4
NOR Gate
The NOR gate is the inverse of the OR gate. It outputs true (1) only if all its inputs are 
false (0). Otherwise, the output is false (0).
XOR Gate
The XOR (exclusive OR) gate outputs true (1) if its inputs are different. If both inputs 
are the same, the output is false (0).
XNOR Gate
The XNOR (exclusive NOR) gate is the inverse of the XOR gate. It outputs true (1) if its 
inputs are the same. If the inputs are different, the output is false (0).
Truth Tables
A truth table is a simple way to represent the operation of a logic gate. It lists all 
possible input combinations and the corresponding output for each combination. The 
combinations as per the number of inputs (n) are determined using the relation 2
n . 
For example, if a gate has three inputs (n=3), the number of ways you can combine the 
inputs would be eight (2
3=2*2*2=8) as per the combination expression given. Here are 
the schematics and truth tables for the basic logic gates:
Fig. 4.16: Basic Logic Gates and their Truth Table"
Explain key concepts from Robotics (robotics (6).pdf) - Page 40,"40
DIGITAL AND ANALOGUE SYSTEM DESIGN 1SECTION 4
Practical Application in Robotics
In robotics, logic gates are used to make decisions based on sensor inputs. For example, 
a robot might use an AND gate to move forward only if both the left and right sensors 
detect a clear path. Similarly, an OR gate could be used to trigger an alert if any of the 
multiple safety sensors detect a problem.
By combining different logic gates, you can create more complex circuits that allow a 
robot to perform sophisticated tasks, such as navigating through a maze, responding to 
voice commands, or interacting with its environment in real-time.
Understanding logic gates and their operations is a fundamental step in learning how 
robots and other digital systems think and operate. This knowledge will empower 
you to design and build your digital circuits, enabling you to create innovative robotic 
projects and explore the fascinating world of electronics and automation.
How to Design a Logic Circuit
Designing a logical circuit involves several systematic steps that ensure the desired 
functionality is achieved. Here is a detailed guide:
1. Understand the Given Specifications
 Before you start designing a digital circuit, it is important to understand what is 
required. This means knowing what the circuit is supposed to do and what kind 
of output it should produce. For instance, when you follow a recipe to prepare a"
Explain key concepts from Robotics (robotics (6).pdf) - Page 41,"41
DIGITAL AND ANALOGUE SYSTEM DESIGN 1SECTION 4
meal – you need to know the final dish you are making, and the steps needed to 
prepare it.
2. Find the Number of Inputs and Outputs
 Next, you need to determine how many inputs and outputs your circuit will have. 
Inputs are the signals or data you give to the circuit, and outputs are what the 
circuit produces. This step is like listing the ingredients needed for your recipe – 
you need to know what you have to work with.
3. Create a Truth Table
 Once you know the number of inputs, you can create a truth table. A truth table 
lists all possible combinations of inputs and the corresponding outputs for each 
combination. The columns in the table represent the inputs and outputs. This table 
helps you see how the circuit should behave for every possible input combination, 
similar to following the cooking steps to see how each ingredient affects the final 
dish.
4. Draw the Circuit Diagram
 Finally, you draw the circuit diagram. This is a visual representation of your digital 
circuit, showing how the different components (like logic gates) are connected. 
Make sure your diagram matches the information in your truth table, with the 
correct relationships between inputs and outputs. This step is like arranging the 
ingredients on your plate, ensuring everything is in the right place to create the 
final dish.
Example 1
Steps to Design a Digital Circuit 
In this example, we will design a digital circuit for a simple alarm system that turns on a 
light. The system is made up of two (2) sensors and the light will be switched on when 
either of two sensors detect motion.
Steps
1. Understand the Given Specifications
Before you start, you need to know what the circuit is supposed to do. In this case, the 
alarm system should turn on a light if either Sensor A or Sensor B detects motion. This 
means the output (the light) should turn on if either input (Sensor A or Sensor B) is trig -
gered.
2. Find the Number of Inputs and Outputs
Determine the number of inputs and outputs for your circuit. Here, you have:"
Explain key concepts from Robotics (robotics (6).pdf) - Page 42,"42
DIGITAL AND ANALOGUE SYSTEM DESIGN 1SECTION 4
The number of Inputs = 2 (Sensor A and Sensor B)
And the number of outputs = 1 (the light)
3. Create a Truth Table
Next, create a truth table that shows all possible combinations of inputs and the corre-
sponding output for each combination. This helps you understand how the circuit should 
behave.
Sensor A (INPUT) Sensor (INPUT) Light (OUTPUT)
0 0 0
0 1 1
1 0 1
1 1 1
In this table:
- 0 represents no motion detected.
- 1 represents motion detected.
The light turns on (output 1) if either Sensor A or Sensor B detects motion.
4. Draw the Circuit Diagram
Finally, draw the circuit diagram using the information from the truth table. You can iden-
tify the correct logic gate to use from the table above to create the circuit. In this case, 
you need an OR gate because the light should turn on if one or both Sensors A and B, 
detects motion. The OR gate outputs true if any of its inputs are true. 
1. INPUT:  Connect Sensor A and Sensor B to the inputs of the OR gate.
1. OUTPUT:  Connect the output of the OR gate to the light."
Explain key concepts from Robotics (robotics (6).pdf) - Page 43,"43
DIGITAL AND ANALOGUE SYSTEM DESIGN 1SECTION 4
This circuit ensures that the light will turn on if either Sensor A or Sensor B detects 
motion, just as specified.
B. Understanding Analogue Systems
An electrical analogue represents the operation of logic gates, such as OR, AND, and 
NOT gates, using electrical circuits. In these circuits, selected components like resistors, 
diodes, and capacitors are used to mimic the behaviour of logic gates. For instance, an 
AND gate can be represented by a series connection of diodes, allowing current to flow 
and produce a high output voltage only when both inputs are high. Similarly, an OR 
gate can be represented by a parallel connection of diodes, producing a high output if 
at least one input is high. These components are configured in specific ways to perform 
logical operations, translating abstract binary logic into tangible electrical behaviours.
Analogue circuits work with continuous signals, unlike digital circuits that use binary 
digits (0 and 1. These continuous signals, such as varying voltage levels or current flows, 
represent real-world physical quantities. For example, analogue signals can convey 
information like audio, temperature readings, or voltage levels. Analogue circuits are 
crucial in many applications, especially in robotics, where they are used for sensor 
interfacing and real-time control. Sensors in robotics often measure physical quantities 
like light, sound, or temperature, producing analogue signals that must be processed by 
analogue circuits. These circuits convert the continuous signals into forms that digital 
systems can use, enabling precise control and interaction with the environment.
Assembling Analogue Circuits
The two basic steps involved in assembling analogue circuits from circuit schematics 
diagrams are; the selection of components, and the designing of the circuit.
1. Component Selection
 This involves understanding the roles and functions of the three basic analogue 
circuit elements; resistors, capacitors and the operational amplifiers.
a. Resistors
 Resistors are components that limit the flow of electrical current. Here are some 
key roles they play in analogue circuits.
i. Current Limiting: They prevent too much current from flowing in parts of 
the circuit, protecting other components."
Explain key concepts from Robotics (robotics (6).pdf) - Page 44,"44
DIGITAL AND ANALOGUE SYSTEM DESIGN 1SECTION 4
ii. Voltage Division: Resistors can divide voltage in a circuit, which helps in 
regulating voltage levels.
iii. Biassing: They set the correct operating conditions for other components like 
transistors.
iv. Load Resistance: In amplifier circuits, resistors help in properly amplifying 
signals.
b. Capacitors
 Capacitors store electrical charge and have several important uses in analogue 
circuits:
i. Filtering: They block certain frequencies and allow others to pass, cleaning 
up signals.
ii. Timing Elements: With resistors, determine the timing of signals in 
oscillators and timers.
iii. Coupling: Capacitors pass AC signals between parts of a circuit while blocking 
DC signals.
iv. Energy Storage: They store energy and help stabilise voltage during 
fluctuations.
c. Operational Amplifiers (Op-Amps)
 Op-amps are versatile components used in many applications due to their ability 
to amplify signals:
i. Amplification: They increase the strength of weak signals, useful in audio 
devices and sensor readings.
ii. Summing and Difference Amplification: Op-amps can add multiple 
signals together or find the difference between two signals.
iii. Voltage Follower: They help maintain signal strength without loss.
iv. Integrators and Differentiators: With resistors and capacitors, op-amps 
can perform mathematical operations on signals.
v. Comparator: They compare two voltages and output a signal based on the 
comparison, useful in decision-making circuits.
 These components (resistors, capacitors, and operational amplifiers) are vital 
components in analogue circuits. Each has unique functions that help in 
designing circuits for various applications, including robotics, where they play 
roles in sensors, filters, and signal processing. Understanding these components 
is essential for building effective analogue systems.
2. Circuit Design
 Follow schematic diagrams to connect analogue components and create specific 
analogue functions."
Explain key concepts from Robotics (robotics (6).pdf) - Page 45,"45
DIGITAL AND ANALOGUE SYSTEM DESIGN 1SECTION 4
 Your teacher will guide you through the activity below to design an analogue 
circuit from the circuit schematics shown.
Activity 4.9
Implement the following schematics using the components found in the 
schematics on the breadboard.
1. Gather the Components:
 9V Battery, Switch, Diode, Resistor, Capacitor, LED, Breadboard, and 
Connecting wires.
2. Understand the Schematic:
 The schematic shows a circuit where a battery powers an LED through a 
switch, diode, resistor, and capacitor.
 The components should be connected as shown in the schematic to ensure 
correct operation.
3. Set Up the Power Supply:
 Connect the positive terminal of the 9V battery to the positive rail of the 
breadboard.
 Connect the negative terminal of the battery to the negative rail of the 
breadboard.
4. Place the switch on the breadboard. Connect one terminal of the switch to 
the positive rail of the breadboard using a wire.
5. Insert the Diode
 Connect the other terminal of the switch to the anode (positive side) of the 
diode.
 Connect the cathode (negative side) of the diode to an empty row on the 
breadboard."
Explain key concepts from Robotics (robotics (6).pdf) - Page 46,"46
DIGITAL AND ANALOGUE SYSTEM DESIGN 1SECTION 4
6. Add the Capacitor
 Connect the same row (where the cathode of the diode is connected) to one 
wire of the capacitor.
 Connect the other wire of the capacitor to the negative rail of the breadboard.
7. Connect the Resistor
 Connect one wire of the resistor to the same row as the cathode of the diode 
and the lead of the capacitor.
 Connect the other wire of the resistor to an empty row on the breadboard.
8. Insert the LED
 Connect the anode (longer wire) of the LED to the same row where the 
resistor ends.
 Connect the cathode (shorter wire) of the LED to the negative rail of the 
breadboard.
9. Complete the Circuit
 Ensure all connections are secure and correct according to the schematic.
 Double-check that the positive and negative rails are connected properly to 
the battery.
10. Test the Circuit
 Close the switch to complete the circuit.
 The LED should light up if all connections are correct. If it doesn’t, recheck 
all the connections ensuring the correct orientation of the diode and LED, 
and verify the connections with the schematic.
Your circuit implementation will look like the one below."
Explain key concepts from Robotics (robotics (6).pdf) - Page 47,"47
DIGITAL AND ANALOGUE SYSTEM DESIGN 1SECTION 4
C. Discrete-Time Machine Design
Discrete-Time Signal
A discrete-time signal is a type of signal that is defined only at specific, separate points 
in time. Imagine taking a series of snapshots of a moving object at regular intervals. 
Each snapshot represents a value of the signal at a particular time. Unlike continuous 
signals, which are smooth and defined at every moment, discrete-time signals are like 
a series of steps or dots.
For instance, a clock ticking every second. Each tick represents a discrete point in 
time. If you were to record the temperature in a room every second, those recorded 
temperatures would form a discrete-time signal.
Discrete-Time System/Machine
A discrete-time system or machine processes discrete-time signals. It operates at 
specific intervals rather than continuously. These systems take the values of a discrete-
time signal and use them to perform computations or make decisions at those specific 
times.
For example, consider a digital clock. It updates the time display every second. The 
system inside the clock reads the time signal (which is discrete because it updates at 
each second) and changes the display accordingly.
Digital systems play a crucial role in discrete-time machine design, where events occur 
at specific, well-defined intervals. Here is how digital systems manage these discrete 
events effectively:
1. Signal Processing and Computation
 Digital systems excel at processing discrete signals and performing complex 
computations. Sensors in discrete-time machines generate data, which is 
converted into digital form by analogue-to-digital converters (ADCs). In digital 
form, microcontrollers or digital signal processors (DSPs) can process the data 
using algorithms, filtering, and transformations to make decisions and control the 
machine’s actions.
2. Logic-Based Control
 Digital logic gates and circuits are the backbone of discrete-time control systems. 
Logic gates (AND, OR, NOT, etc.) are used to evaluate conditions and determine 
the appropriate control actions based on predefined rules or algorithms. Decision-
making processes, such as switching specific actuators or motors on or off, are 
accomplished through digital control logic.
Finite State Machines (FSMs)
FSMs are widely used in discrete-time machine design. FSMs enable machines 
to model complex behaviours and decision-making based on different states and 
transitions. Each state represents a specific condition or behaviour, and digital logic is"
Explain key concepts from Robotics (robotics (6).pdf) - Page 48,"48
DIGITAL AND ANALOGUE SYSTEM DESIGN 1SECTION 4
used to determine state transitions based on inputs from sensors or user commands. 
The diagram provided illustrates how an FSM operates with states and transitions.
Fig. 4.17: illustration of a Finite State Machine
Timers and Clocks
Digital systems incorporate timers and clocks to control the timing of events in 
discrete-time machines. Timers can be programmed to trigger specific actions or tasks 
at predefined intervals, allowing precise control over the machine’s operations. This is 
depicted in the FSM diagram above.
Pulse-Width Modulation (PWM)
PWM is a widely used digital control technique in discrete-time machine design. PWM 
signals control motor speeds, actuator positions, and light intensity by varying the duty 
cycle of the digital pulse. This technique is particularly useful in generating smooth 
analogue-like control signals from digital systems.
Digital Communication and Networking
Digital communication protocols, such as UART, SPI, and I2C, enable discrete-time 
machines to communicate with other devices or systems. Machines can exchange data 
with sensors, actuators, or central controllers, facilitating coordinated actions and 
distributed intelligence.
Digital Feedback Control
Digital feedback control loops ensure accurate and stable control of discrete-time 
machines. Sensors provide feedback on the machine’s current state, which is processed 
digitally to calculate error signals and adjust control actions for precise regulation.
Programmability and Flexibility
Digital systems offer high programmability and flexibility, making it easier to modify, 
update, or adapt the control algorithms and behaviour of discrete-time machines. 
This flexibility enables machines to perform various tasks and adapt to changing 
environments efficiently."
Explain key concepts from Robotics (robotics (6).pdf) - Page 49,"49
DIGITAL AND ANALOGUE SYSTEM DESIGN 1SECTION 4
Signal Processing
Digital systems process discrete signals using binary digits (0s and 1s) to control actions 
and computations. The processing of discrete signals involves manipulating binary data 
through logic gates and digital circuits. Digital systems use binary representation to 
encode information, where each binary digit (bit) can either be a 0 or a 1, representing 
two distinct states. By combining multiple bits, digital systems can represent more 
complex data, such as numbers, characters, or sensor readings.
Logic gates are the building blocks of digital circuits. By combining these gates in 
various configurations, digital circuits can perform complex computations and make 
decisions based on input conditions. Understanding how to use these gates is essential 
in creating systems that can solve problems and make decisions based on different 
inputs.
Digital Control
Microcontrollers and programmable logic controllers (PLCs) are key components in 
controlling digital systems, providing precise and efficient management. Here’s how 
they work:
1. Real-time computation
 Microcontrollers can run complex algorithms and perform real-time calculations. 
This allows them to process data from sensors, make decisions, and create control 
signals.
2. Sensor interface
 Microcontrollers connect to various sensors to collect data from the environment. 
They convert the analogue signals from these sensors into digital data for 
processing.
3. Actuator control
 Microcontrollers control actuators, like motors and solenoids, based on the control 
signals they compute. This ensures that the actuators respond precisely and at the 
right time.
4. Event-driven control
 Microcontrollers can be programmed to react to specific events or conditions. 
This allows them to perform certain actions at specific times.
5. Feedback control
 In closed-loop systems, microcontrollers receive feedback from sensors and adjust 
control signals as needed to keep the system operating correctly."
Explain key concepts from Robotics (robotics (6).pdf) - Page 50,"50
DIGITAL AND ANALOGUE SYSTEM DESIGN 1SECTION 4
Programmable Logic Controllers (PLCs) in Discrete-Time 
Machine Control
Programmable Logic Controllers (PLCs) are special types of computers used to control 
machines and processes in factories and other automated environments. They are 
known for being very reliable and tough, making them perfect for use in challenging 
conditions. Here’s a simplified explanation of the key features of PLCs and how they 
can be used:
1. Modularity and Flexibility
 PLCs are made up of different parts (modules) that can be easily added or 
removed. These modules allow PLCs to connect with different sensors (which 
detect changes in the environment) and actuators (which perform actions).
 PLCs can be easily reprogrammed for different tasks, making them very flexible. 
For example, the same PLC can be used to control different machines by simply 
changing the program.
2. Ruggedness and Reliability
 PLCs are built to withstand tough industrial conditions such as extreme 
temperatures, dust, and vibrations. This makes them very reliable and suitable for 
environments where other computers might fail.
3. Distributed Control
 PLCs can work together in a network to control complex processes. Multiple 
PLCs can communicate and coordinate tasks, making it possible to manage large 
systems efficiently.
4. Time-Based Sequencing
 PLCs operate on a fixed time cycle, meaning they can execute commands at precise 
intervals. This is important for tasks that require exact timing, such as controlling 
the steps in a manufacturing process.
5. Fault Tolerance
 PLCs have built-in systems to detect and fix errors. If something goes wrong, 
they can often correct the problem themselves or alert operators to take action, 
ensuring the system continues to operate smoothly.
How Microcontrollers and PLCs Work Together
In many systems, microcontrollers and PLCs (Programmable Logic Controllers) team 
up to control machines and processes efficiently. Each has its strengths and plays a 
specific role to achieve the best performance. Let’s break down how they work together 
in a way that’s easy to understand.
Microcontrollers are small computers that are really good at handling specific, low-
level tasks. Here’s what they do:
• Motor Control: They control motors that move parts of a machine."
Explain key concepts from Robotics (robotics (6).pdf) - Page 51,"51
DIGITAL AND ANALOGUE SYSTEM DESIGN 1SECTION 4
• Sensor Interfacing: They connect to sensors that gather information (like 
temperature or position) from the environment.
Imagine a microcontroller as the part of your brain that controls your hand. It takes 
care of detailed tasks like picking up a pencil or pressing a button.
PLCs, on the other hand, are like the part of your brain that makes big decisions. 
They handle high-level control and coordination tasks, making sure everything works 
together smoothly:
• Overall Coordination: PLCs manage and coordinate different parts of the 
system.
• Complex Processes: They handle complex tasks that involve multiple steps and 
timing.
Think of a PLC as a conductor of an orchestra, ensuring all the musicians 
(microcontrollers) play in harmony.
When microcontrollers and PLCs work together, they create a powerful and efficient 
system. Here’s how:
• Division of Labour: Microcontrollers handle the detailed work, like controlling 
individual motors and reading sensor data. PLCs focus on the big picture, 
coordinating multiple tasks and making higher-level decisions.
• Optimised Resources: By dividing tasks this way, the system uses its resources 
efficiently. Microcontrollers don’t get overwhelmed with big-picture tasks, and 
PLCs don’t get bogged down with details.
• Enhanced Responsiveness: The system responds quickly and accurately to 
changes. Microcontrollers can make fast adjustments to motors or sensors, while 
PLCs can update overall strategies as needed.
• Simplified Control Architecture: The overall design is simpler and easier to 
manage. Each part of the system has a clear role, making it easier to troubleshoot 
and improve.
D. Continuous -Time Machine Design
Continuous-time machine design involves systems that constantly adjust their inputs 
to keep their outputs stable and accurate. Unlike discrete-time systems that work with 
distinct events, continuous-time systems operate smoothly and continuously.
Continuous-time control systems work by making ongoing adjustments to input 
signals to control and change the system’s output. Immediate reactions are essential in 
designing continuous-time machines. Devices like motors, valves, or heaters, known 
as actuators, receive control signals and make the necessary changes to the system.
Sensors monitor the system’s output and send feedback to the controller. The controller 
then adjusts the control signals to achieve the desired results."
Explain key concepts from Robotics (robotics (6).pdf) - Page 52,"52
DIGITAL AND ANALOGUE SYSTEM DESIGN 1SECTION 4
An analogue oscilloscope exemplifies a device that uses continuous-time principles in 
electronics. When connected to an electrical circuit, it constantly measures the input 
voltage at specific intervals and displays it as a waveform. These oscilloscopes are 
essential for testing, calibrating, and troubleshooting analogue circuits.
Key Components:
1. Actuators: Devices like motors, valves, or heaters that receive control signals and 
modify the system.
2. Sensors: Measure the system’s output and provide feedback to the controller.
3. Controller: Adjusts the control signal to achieve the desired output.
Activity 4.10
Exploring Continuous-Time Machine Design
This activity is designed to help you understand how continuous-time systems 
work using sensors, actuators, and feedback control.
Materials Needed
1. Analogue sensors (e.g., temperature sensor, light sensor)
2. Actuators (e.g., small motor, heater, or LED)
3. Analogue oscilloscope (or a digital oscilloscope if available)
4. Power supply
5. Resistors and capacitors
6. Wires and breadboard
Steps to follow
1. Introduction to Continuous-Time Systems
• Explain the key concepts of continuous adjustment, real-time reactions, 
and the role of sensors and actuators.
2. Sensor Interfacing
• Connect a temperature sensor to the breadboard. Explain how the sensor 
converts temperature into an analogue signal (voltage).
• Connect the sensor to the oscilloscope to observe the continuous voltage 
change as the temperature varies (e.g., by placing a warm object near the 
sensor).
3. Real-Time Control Setup
• Connect an actuator (like a small motor) to the breadboard.
• Use a simple analogue control circuit (like a transistor-based amplifier) to 
control the motor based on the sensor’s output.
4. Feedback Loop
• Create a feedback loop where the sensor measures the output (e.g., motor 
speed or temperature)."
Explain key concepts from Robotics (robotics (6).pdf) - Page 53,"53
DIGITAL AND ANALOGUE SYSTEM DESIGN 1SECTION 4
• Connect the sensor output to the controller, which adjusts the actuator to 
maintain the desired output.
5. Observation and Analysis
• Use the oscilloscope to observe the continuous feedback loop in action.
• Change the conditions (like temperature or light) and observe how the 
system reacts in real time.
6. Discussion
• Discuss how continuous-time systems differ from discrete-time systems.
• Explore real-world applications (like thermostats, light dimmers, and 
speed controllers).
7. Hands-On Experiment
• Learners sit in groups and ensure each group has all the necessary 
components. The components will be provided by your teacher.
• In your group build a simple continuous-time control system, such as a 
temperature control circuit using a heater and temperature sensor.
Example Experiment: Temperature Control System
To build a simple continuous-time temperature control system.
Materials Needed:
1. Temperature sensor (e.g., LM35)
2. Small heater (e.g., a resistor or heating element)
3. Transistor (e.g., TIP31)
4. Power supply (e.g., 12V battery or DC power supply)
5. Resistors, capacitors, and wires
6. Breadboard
7. Analogue oscilloscope
Steps to follow
1. Circuit Design
• Connect the temperature sensor to the breadboard.
• Use the transistor to control the heater based on the sensor’s output.
• Connect the sensor output to the base of the transistor through a resistor.
• Connect the heater in series with the transistor and power supply.
2. Building the Circuit
• Assemble the circuit on the breadboard.
• Connect the sensor output to the oscilloscope to monitor the voltage changes."
Explain key concepts from Robotics (robotics (6).pdf) - Page 54,"54
DIGITAL AND ANALOGUE SYSTEM DESIGN 1SECTION 4
3. Testing and Observation
• Power the circuit and observe how the heater responds to temperature changes.
• Use the oscilloscope to monitor the continuous feedback loop.
4. Analysis and Discussion
• Discuss how the system maintains the desired temperature.
• Explore how adjusting the sensor or control circuit affects the system’s 
performance.
Analogue Oscilloscope 
An analogue oscilloscope is an example of a continuous-time machine. It continuously 
samples the input voltage of an electrical circuit at specific time intervals, producing a 
waveform. This is useful for testing, calibrating, and troubleshooting analogue circuits.
Applications of Analogue Systems in Continuous-Time Machine 
Design:
1. Sensor Interfacing:
• Analogue circuits convert continuous physical quantities (like temperature, 
pressure, or light) into electronic signals.
• Example: A thermocouple sensor that measures temperature and converts it 
into a voltage signal.
2. Real-Time Control:
• Analogue feedback control systems are used to make continuous adjustments 
based on the feedback from sensors.
• Example: A thermostat controlling a heater, where the sensor continuously 
measures the temperature, and the controller adjusts the heater output to 
maintain a desired temperature.
Activity 4.11
Exploring Continuous-Time Control Systems
Understand how continuous-time control systems work by interfacing sensors 
and actuators using an analogue oscilloscope.
Materials:
• Analogue oscilloscope
• Thermocouple sensor (or any other sensor that provides a continuous signal)
• Heater or motor (as an actuator)
• Breadboard and connecting wires
• Power supply"
Explain key concepts from Robotics (robotics (6).pdf) - Page 55,"55
DIGITAL AND ANALOGUE SYSTEM DESIGN 1SECTION 4
Steps:
1. Setup the Sensor and Actuator:
• Connect the thermocouple sensor to the breadboard.
• Connect the output of the sensor to the analogue oscilloscope.
2. Observe the Sensor Output:
• Turn on the oscilloscope and observe the waveform produced by the 
sensor.
• Note how the waveform changes as the physical quantity (like 
temperature) changes.
3. Implement Real-Time Control:
• Connect the actuator (heater or motor) to the system.
• Use a simple analogue control circuit to connect the sensor and the 
actuator.
• Set up the control circuit so that the actuator responds to changes in the 
sensor’s output.
4. Monitor and Adjust:
• Monitor the system using the oscilloscope.
• Observe how the actuator’s behaviour changes in response to the sensor’s 
readings.
• Adjust the control parameters (like gain or setpoint) and see how the 
system stabilises to the desired output.
Discussions
1. What changes did you observe in the waveform when the physical quantity 
measured by the sensor changed?
2. How did the actuator respond to changes in the sensor’s output?
3. What adjustments did you make to the control parameters, and how did they 
affect the system’s stability?"
Explain key concepts from Robotics (robotics (6).pdf) - Page 56,"56
Review Questions 
Review Questions 4.1
1. Which of the following components allows current to flow in one direction only?
a. Resistor
b. LED (Light Emitting Diode)
c. Capacitor
d.  Transistor
2. A battery is an active component, while a resistor is a passive component.
a. True 
b. False 
3. A capacitor and an inductor are both passive electronic components; state the 
effect of these components on alternating current (AC) signals.  
4. Consider the circuit diagram below and list the electronic components. 
Review Questions 4.2
Question 1 and 2
The block diagram above represents a simple electronic system used in a robotic system.
1. What are the three main components represented in the block diagram?
2. Explain the purpose of using block diagrams in robotics."
Explain key concepts from Robotics (robotics (6).pdf) - Page 57,"57
3. Imagine you are tasked with designing a robotic system to automate complex tasks 
in a busy factory setting. In this scenario, why would using schematic diagrams be 
essential?
4. How are system inputs typically shown in a block diagram?
Review Questions 4.3
Question 1
Imagine you are working on a project to build a simple electronic circuit for a science 
fair. Why must you carefully follow the schematic diagram provided in the instructions 
when assembling your circuit?
Question 2
Your task is to build an electronic circuit for your school’s science fair exhibition. Your 
teacher then gives you two options: use a solderless breadboard or traditional soldering 
to assemble your circuit. 
I. Why might using the solderless breadboard be a better choice for your project?
II. List two safety precautions you will observe before starting and during the science 
fair project.
III. State the uses of the solderless breadboard in your project.
Review Questions 4.4
1. Imagine you are working on a project to build a simple light dimmer for your 
bedroom. This light dimmer will allow you to adjust the brightness of a lamp 
using a knob. The circuit includes a potentiometer (variable resistor) connected in 
series with a lamp and a battery. Turning the knob on the potentiometer changes 
its resistance, which controls the brightness of the lamp by allowing more or less 
current to flow through it.
a. Is the circuit described in the scenario an analogue or digital circuit?
b. State the function of the variable resistor in the light dimmer circuit described 
above.
2. Describe what analogue circuits are. What is the role of an operational amplifier 
in an analogue circuit?
3. Logic gates are the building blocks of digital circuits (True or False?). Mention any 
four (4) components found in digital circuits."
Explain key concepts from Robotics (robotics (6).pdf) - Page 58,"58
DIGITAL AND ANALOGUE SYSTEM DESIGN 1SECTION 4
EXTENDED READING
1. Electronic components: Basic components, parts and function by LoneStar 
Technologies
 https://www.lonestartech.tw/electronic-component-basic-components-
parts-functions/#:~:text=Capacitors%3A%20Store%20and%20release%20
electrical,for%20rectification%20and%20signal%20modulation. 
2. Electronic Components by GeeksforGeeks | https://www.geeksforgeeks.org/
electronic-components/
3. Makerspace Basic Electronics | https://www.makerspaces.com/basic-electronics/
4. Consider further reading on block diagram design and representation | https://
www.mathworks.com/discovery/block-diagram.html 
5. Consider further reading on schematic diagram design | https://www.thoughtco.
com/what-is-a-schematic-diagram-4584811"
Explain key concepts from Robotics (robotics (6).pdf) - Page 59,"59
DIGITAL AND ANALOGUE SYSTEM DESIGN 1SECTION 4
6. The link provided below is a free, easy-to-use app for 3D design, electronics, and 
coding. Visit this platform and practice as many circuit simulations as possible. 
 https://www.tinkercad.com/
7. Watch the following videos on how to practise circuit building simulation with 
Tinkercad
a. Introduction to Tinkercad Circuits & Breadboarding - Part 1
b. Intro to Tinkercad Circuits Part 2 - Varying the resistance of an 
LED circuit 
8. Science Buddies. How to Use a Breadboard. https://www.sciencebuddies.org/
science-fair-projects/references/how-to-use-a-breadboard
9. Juan P. B.  Introduction to Digital Systems| http://dl.icdst.org/pdfs/
files/1a0d1181a845ab8d63dba21fbd73f7f3.pdf 
10. Ishita K. (2022). Analogue and Digital Systems. https://medium.com/@ishita.
kadam20/analog-and-digital-systems-e077e3d6636b"
Explain key concepts from Robotics (robotics (6).pdf) - Page 60,"60
DIGITAL AND ANALOGUE SYSTEM DESIGN 1SECTION 4
REFERENCES
1. Drawing of block diagrams | www.apps.diagrams.net 
2.  Drawing of schematic designs | www.tinkercad.com 
3. Multimeter - Wikipedia. https://en.wikipedia.org/wiki/Multimeter#:~:text=A%20
multimeter%20(also%20known%20as,voltmeter%2C%20ohmmeter%2C%20
and%20ammeter.
4. Beig, F. (2023, September 14). Simple light sensor circuit. Circuits DIY. https://
www.circuits- diy.com/simple-light-sensor-circuit/
5. HELPDESK_WJ (Waijung). DC Motors Control - HELPDESK_WJ (Waijung) - 
Aimagin Support. (n.d.). https://support.aimagin.com/projects/support/wiki/
DC_Motors_Control
6. Combinational Logic Circuits. Digital and Analog Electronics Course. (n.d.). 
https:// electronics-course.com/combinational-logic
7.  Kinzar Y.  Digital. https://www.techtarget.com/whatis/definition/digital"
Explain key concepts from Robotics (robotics (6).pdf) - Page 61,"61
DIGITAL AND ANALOGUE SYSTEM DESIGN 1SECTION 4
ACKNOWLEDGEMENTS
List of Contributors
Name Institution
Griffith Selorm Klogo  Kwame Nkrumah University of Science and Technology
Asare Boakye Ansah  Kumasi Technical University  
Gershon Normenyo Kwame Nkrumah University of Science and Technology
Nero Kofi Etornam 
Novor
Kwame Nkrumah University of Science and Technology
Samuel Quarm 
Olatunde 
GES, Kumasi"
Explain key concepts from Robotics (robotics (7).pdf) - Page 1,"1
SENSORS AND 
ACTUATORS 1 
SECTION  
3
Robotics Year 1"
Explain key concepts from Robotics (robotics (7).pdf) - Page 2,"2
SENSORS AND ACTUATORS 1 SECTION 3
Principles of Robotic Systems
Sensors and Actuators
INTRODUCTION
This section focuses on robotic sensors and explores the principles behind their 
operation and how they draw inspiration from nature. It examines the dynamic 
relationship between humans and robots by analysing the critical role of sensors 
in robotic perception, like how living organisms gather information about their 
environment. It also focuses on linear sensors, their diverse functionalities, and the 
importance of calibration for achieving accurate and reliable measurements. This 
knowledge will help you to explore how to make use of linear equations to calibrate 
these sensors thereby ensuring optimal performance in robotic systems. You will apply 
this knowledge to critically assess real-world scenarios, enabling informed decision-
making in the field of robotics and automation.
At the end of this section, you should be able to 
• Draw a parallel relationship that relates the coordination of senses, brain and moving 
parts in living organisms to the coordination of sensors, processors, and actuators in 
robots. 
• Discuss the scientific principles underlying the operation of sensors 
• Observe varying outputs of different linear sensors and explain the variations observed.  
• Apply knowledge from linear equations to calibrate linear sensors and to scale sensor 
readings to fit within a desired max-min range.
Key Ideas
• The coordination of sensory organs, the brain, and body parts enables living organisms 
to perceive their environment, process information, and respond effectively. Similarly, 
the coordination of sensors, processors, and actuators in robots allows them to sense 
their surroundings, analyse data, and perform tasks accurately.
• Just as eyes, ears, and skin detect visual, auditory, and tactile information in living 
organisms, robots use cameras, microphones, and tactile sensors to gather similar data.
• Robots use actuators that mimic muscle movement, hydraulic systems, and other 
biological mechanisms to achieve motion and perform tasks.
• The brain processes sensory information and makes decisions in living organisms. In 
robots, processors serve this function, analysing sensor data and controlling actuators 
accordingly.
• Sensors convert physical signals like light, sound, or pressure into electrical signals."
Explain key concepts from Robotics (robotics (7).pdf) - Page 3,"3
SENSORS AND ACTUATORS 1 SECTION 3
• Sensors comprise several components: a sensing element, a transducer (converts physical 
quantity, energy into another form of energy such as an electrical signal) and a signal 
processor.
• The calibration of sensors is crucial for ensuring accurate and reliable measurements, 
compensating for differences in manufacturing and environmental conditions.
• Sensors used in robots are not perfect and the values they measure might not be as 
accurate as they should be. Calibration is the process of fixing that to make sure the 
sensor readings are accurate.
• Calibration adjusts the sensor’s output to reflect the measured value more precisely. 
There are different ways to calibrate, but a common method is two-point calibration. 
This involves taking readings at two extremes (like very bright and very dark for a light 
sensor) and adjusting the sensor’s response across that entire range.
• Scaling is like adjusting the volume on a speaker. Scaling takes the sensor readings and 
adjusts them to a specific range, often 0-100, for easier use in robot programming. This 
way, the robot can understand the sensor data and react accordingly.
• By calibrating and scaling, you teach your robot’s “senses” to be more accurate and 
reliable. This allows the robot to make better decisions based on the real world, leading 
to smoother navigation and smarter actions.
EXPLORING NATURE-INSPIRED SENSORS, 
ACTUATORS AND CONTROLLERS 
In this lesson, you will explore the scientific principles behind the operation of different 
robotic sensors. You will learn and understand how sensors convert physical stimuli 
into electrical signals that robots can process. You will also look at the varying outputs 
of different linear sensors and explain why these variations happen. Understanding 
these principles will help you design and use sensors effectively, allowing robots 
to perform a wide range of tasks accurately and efficiently. Prepare to dive into the 
exciting world of robotic sensors, where technology and perception come together to 
create intelligent machines.
Similarities Between Robots and Living Organisms 
You should know the different subsystems of a robot and how these subsystems can be 
compared to the  human sensory and muscular systems. The robot sensing subsystem 
is similar to the sensory organs (eye, tongue, nose, ears, and skin) of humans. The robot 
control subsystem has been likened to the nervous system, the actuation subsystem 
to the muscular system, and the power subsystem to the cardiovascular system. This 
highlights the similarities between robots and humans and can be extended to other 
living things like dogs and birds."
Explain key concepts from Robotics (robotics (7).pdf) - Page 4,"4
SENSORS AND ACTUATORS 1 SECTION 3
Fig. 3.1: Nature-inspired robotic design. 
The similarities between robotic designs and living organisms exist because roboticists 
and robotic engineers often draw inspiration from nature, leading to the creation of 
robots and their components in a way that mimics biological systems. 
The following points are examples of these nature-inspired similarities found in robots:
a. Sensing Subsystem: humans use sensory organs to see, feel, hear and smell. Robots 
use sensors to do the same thing. For example, a robot’s vision system, which uses 
cameras and image sensors, is inspired by the human eye. Similarly, touch sensors 
on a robot’s surface can mimic the sense of touch in human skin.
b. Control Subsystem: The human brain processes information and sends signals 
through the nervous system to coordinate bodily functions, much like how 
the control subsystem in a robot uses algorithms and processors to manage 
its operations. Advanced robots can even use artificial intelligence to process 
information and make decisions.
c. Actuation Subsystem: Human muscles enable movement and give strength, while 
robotic actuators perform similar functions. For instance, hydraulic or pneumatic 
actuators can mimic the contraction and relaxation of muscles, allowing robots to 
move and lift objects."
Explain key concepts from Robotics (robotics (7).pdf) - Page 5,"5
SENSORS AND ACTUATORS 1 SECTION 3
d. Power Subsystem: The human heart is the power system of the body, which can be 
likened to how a robot’s power subsystem provides energy to drive its components. 
Batteries or fuel cells supply the necessary power for a robot to function.
Nature-Inspired Sensors 
Below is a list of sensors used by robots that have been inspired by nature:
1. Cameras and Colour sensors
Fig. 3.2: Photo sensors. Image source: www.sick.com 
 The human eye sees different shapes and colours. Similarly, robots use cameras 
and colour sensors to recognise shapes and colours. These sensors help robots 
identify objects and navigate.
2. Odour sensors
 Similar to how humans and animals use their noses to detect odours, robots 
equipped with odour sensors can detect and identify various smells. This is useful 
in applications such as detecting gas leaks, monitoring air quality, and even 
identifying spoiled food."
Explain key concepts from Robotics (robotics (7).pdf) - Page 6,"6
SENSORS AND ACTUATORS 1 SECTION 3
3. Audio sensors
 Like the human ear, which detects sound waves, robots use audio sensors like 
microphones to pick up sounds. These sensors enable robots to understand spoken 
commands, detect alarms, and interact with humans through voice recognition.
4. Ultrasonic/Infrared proximity sensors
 Robots use ultrasonic and infrared proximity sensors to measure distances and 
detect obstacles. Dolphins, whales, and bats use echolocation or sonar in a similar 
mechanism to detect objects. These sensors help robots avoid collisions and 
navigate complex environments.
5. Compound eye sensors
 Robots with artificial compound-eye sensors can achieve wide-angle vision and 
detect movement just like the compound eyes of insects, which provide wide-
angle vision and detect motion. This is particularly useful for robots that monitor 
large areas or track fast-moving objects.
6. Tactile sensors
 Some robots are equipped with tactile sensors to enable them to sense physical 
contact and pressure. Similarly, rodents and cats also use their whiskers to detect 
vibrations, pressure, and touch. These sensors enable robots to handle delicate 
objects, detect surfaces, and interact with their environment through touch.
7. Thermoreceptors
 Robots equipped with thermal sensors or thermoreceptors can detect temperature 
changes. This is useful for monitoring industrial processes, detecting heat leaks, 
and conducting search-and-rescue operations in low-visibility conditions. This 
mechanism is similar to how pit vipers and some insects detect infrared radiation 
emitted by warm-blooded prey or environmental heat sources.
Nature-Inspired Actuators
Nature-inspired actuators are devices that mimic the movement mechanisms found 
in living organisms. These actuators enable robots to perform flexible, precise, and 
efficient motions by drawing inspiration from biological systems. Here are some key 
examples of nature-inspired actuators.
1. Muscle-like actuators
 Actuators are designed to mimic the function of biological muscles, contracting 
and relaxing in response to electrical signals. In the same way, biological muscles 
found in animals, including humans, contract and relax in response to electrical 
signals from the nervous system, allowing them to move their limbs and perform 
various actions."
Explain key concepts from Robotics (robotics (7).pdf) - Page 7,"7
SENSORS AND ACTUATORS 1 SECTION 3
 Robots use muscle-like actuators to perform flexible and precise motions. These 
actuators allow robots to mimic human-like movements, making them useful in 
applications such as prosthetics, robotic surgery, and humanoid robots.
2. Pneumatic actuators
 Pneumatic actuators use compressed air or gas that generate mechanical motion, 
similar to the movement mechanisms in certain animals, such as arthropods, 
insects, and spiders, which rely on air pressure for movement. These actuators 
provide robots with lightweight and efficient actuation. They are commonly used 
in industrial robots, soft robotics, and applications requiring quick and lightweight 
movement.
 Watch this video demonstration of pneumatic actuators,
 What is a Pneumatic Actuator? | Types & Applications
3. Hydraulic actuators
 Actuators that use fluid pressure to produce linear or rotary motion. Like how large 
mammals and reptiles use fluid pressure to move parts of their body, such as their 
jaws or tails. Robots use hydraulic actuators to produce linear or rotary motion 
using fluid pressure. These actuators are powerful and are used in applications 
requiring high force and precision, such as construction robots, robotic arms, and 
heavy-duty machinery.
4. Shape Memory Alloys (SMAs)
 These are a unique class of materials or alloys that can ‘remember’ their shape 
and can return to that shape after being bent. They practically change shape in 
response to temperature variations. This is similar to how certain plants exhibit 
shape-changing behaviours in response to environmental stimuli, such as 
temperature changes or pressure.
 SMAs used in robots change shape in response to temperature variations, allowing 
robots to achieve self-reconfiguration or actuation without external power sources. 
These actuators are used in medical devices, aerospace applications, and  
robotics that require adaptive or self-healing capabilities."
Explain key concepts from Robotics (robotics (7).pdf) - Page 8,"8
SENSORS AND ACTUATORS 1 SECTION 3
 Watch this video on SMA: 
 How a metal with a memory will shape our future on Mars 
Nature-inspired Controllers 
Biological brains found in humans and animals are responsible for processing 
information and making informed decisions. In a similar manner, robots employ 
processors, such as microcontrollers or microprocessors, to process data from one 
or more sensors as well as other (already stored) sources of data, analyse them, and 
generate appropriate output, which may be in the form of control signals for actuation. 
You should now understand that the brains or ‘controllers’ of robots coordinate signals 
from ‘sensors’ and convert them to physical actions using ‘actuators.
Activity 3.1
Observing surgical robots
Surgical robots are revolutionising the field of medicine by enabling minimally 
invasive procedures with high precision. These robots, such as the da Vinci 
Surgical System, use a combination of cameras, microprocessors, and actuators 
to assist surgeons in performing delicate operations.  
a. Sensors: High-definition cameras and endoscopes provide surgeons with 
enhanced visualisation of the surgical site.
b. Processors: Advanced microprocessors interpret the surgeon’s movements and 
translate them into precise robotic actions.
c. Actuators: Robotic arms equipped with surgical tools perform the actual 
surgery, minimising human error and reducing patient recovery time. Watch 
the following video for further explanation:
 da Vinci® Robotic Surgical System"
Explain key concepts from Robotics (robotics (7).pdf) - Page 9,"9
SENSORS AND ACTUATORS 1 SECTION 3
Activity 3.2
Exploring similarities between robots and living organisms
1. Observe a dog (local or foreign breeds) and a quadruped robot. Carefully 
watch their movements, body structure, and any other characteristics you 
notice.
 Examples of a quadruped robot and a drone are shown below:
 Dope Tech: Boston Dynamics Robot Dog!
 Sensors on Drones
2. Observe a bat and a drone. Carefully watch their movements, behaviours, and 
any other characteristics you notice. Your task is to identify and write down 
the similarities between these two entities.
a. How do both the bat and the drone navigate through the air?
b. What methods or systems do they use to avoid obstacles?
c. How do both the dog and the quadruped robot move?
d. What similarities can you find in their walking, running, and turning 
mechanisms?
e. How do both a dog and a quadruped robot sense their environment?
3. Write down at least three (3) observed similarities between a dog and the 
quadruped robot.
4. Write down at least three (3) observed similarities between a bat and the 
drone.
5. Discuss your observations with other learners."
Explain key concepts from Robotics (robotics (7).pdf) - Page 10,"10
SENSORS AND ACTUATORS 1 SECTION 3
Activity 3.3
Sketch and label a robot dog
Materials needed
• pencil
• eraser
• exercise book
Steps:
1. Draw a picture of a robot dog in your exercise book.
2. Identify and label parts of the robot dog that are inspired by nature.
3. Specifically, look for sensors, actuators, and controllers in your sketch.
4. Once you have completed your sketch and labels, compare them with those 
of you of your classmates. Share what nature-inspired features you identified 
and how they might work in a robot dog.
PRINCIPLES UNDERLYING THE OPERATION OF 
ROBOTIC SENSORS
Sensors convert physical signals like light or sound into electrical signals that the robot 
can process. This conversion process is known as transduction. In the lessons that 
follow, you will discover why sensors produce electrical signals that can vary between 
sensors and vary over time. You will also learn why calibrating sensors is important 
to the function of robots. You will be guided to acquire knowledge of the scientific 
principles underlying the operation of sensors and the varying outputs of different 
linear sensors.
Visual Perception in Humans and Robots
Humans
1. Light reception: Light enters the eye through the cornea and is focused by the 
lens onto the retina.
2. Image formation: The retina, which contains photoreceptor cells (rods and 
cones), converts light into electrical signals.
3. Colour and light intensity: Cones are responsible for colour vision and function 
best in bright light, while rods detect light intensity and are used in low-light 
conditions.
4. Signal transmission: The optic nerve transmits these electrical signals to the 
brain."
Explain key concepts from Robotics (robotics (7).pdf) - Page 11,"11
SENSORS AND ACTUATORS 1 SECTION 3
5. Processing: The brain’s visual cortex processes the signals to form images, 
enabling us to recognise shapes, colours, and movements.
Fig. 3.3: The human eye
Robots
Robotic visual perception is the process by which machines interpret their environment 
using digital sensors and algorithms. Instead of biological eyes, robots use cameras to 
capture light, which is then translated into electronic signals by image sensors.
These electronic signals undergo computational analysis through complex algorithms, 
allowing robots to extract meaningful information from captured images. Tasks like 
edge detection, pattern recognition, and object classification help robots make sense 
of visual data.
Despite advancements in artificial intelligence and deep learning, robotic visual 
perception still relies heavily on computational power and sophisticated algorithms. 
While robots can learn and adapt over time, they lack the innate intuition and contextual 
understanding inherent in human vision.
Robotic visual perception involves a series of steps (as in the case of humans) that 
allow robots to capture, interpret and interact with their surroundings. 
These are the steps robots use to see (or visualise) things:
1. Robots use cameras to capture light from their environment. These cameras 
function like the eyes of the robot, gathering visual information. Inside the 
camera, an image sensor (usually a CCD or CMOS sensor) converts the captured 
light into electronic signals. These sensors work similarly to the human retina.
2. The image sensor translates light into digital data as pixels. Each pixel represents 
a small part of the image. The robot uses various algorithms to analyse this digital 
data. Key tasks include:
a. Edge Detection: Identifying the boundaries of objects within the image.
b. Pattern Recognition: Recognising specific shapes, patterns, or features.
c. Object Classification: Categorising objects based on learned models."
Explain key concepts from Robotics (robotics (7).pdf) - Page 12,"12
SENSORS AND ACTUATORS 1 SECTION 3
3. The processing unit in the robot acts as the brain, and it interprets the analysed 
data to understand the surroundings. Based on this interpreted data, the robot 
decides how to respond or act.
4. In complex robots and advanced robotics, a technique known as machine learning 
is used to improve the robot’s perception over time. This allows the robots to 
identify new patterns and adapt to changing environments.
5. Finally, robots often use feedback from their actions to refine their perception and 
decision-making processes. This feedback loop helps in improving accuracy and 
performance over time.
Auditory Perception in Humans and Robotics
Sound travels as vibrations in the air, like ripples on a pond. In humans, the outer ear 
acts like a funnel, to catch these waves and direct them into our ear canal.
The eardrum at the end of the canal vibrates along with the sound waves. These 
vibrations travel through tiny bones in the middle ear, which act like a signal booster. 
The vibrations reach the cochlea, a snail-shaped structure filled with fluid and hair 
cells. Different parts of the cochlea respond to different sound frequencies, like high 
notes or low rumbles. When the vibrations activate hair cells, they send electrical 
signals up the auditory nerve to the brain.
Finally, the human brain interprets these signals! It figures out things like how loud 
the sound is (volume), how high or low it is (pitch), and even where the sound is 
coming from.
Fig. 3.4: Auditory system of the human ear"
Explain key concepts from Robotics (robotics (7).pdf) - Page 13,"13
SENSORS AND ACTUATORS 1 SECTION 3
In robots, microphones are used to pick up sounds, just like human ears. These 
microphones convert sound waves into electrical signals the robot can understand.  The 
robot then uses a software algorithm to analyse these electrical signals. This software is 
like the brain figuring out what the sounds mean.
Robots can be programmed to recognise different things from sounds, like:
a. Identify sounds, (i.e. is it a voice, a beep, or maybe crashing objects?)
b. Locate sounds (where is the sound coming from? Imagine a robot finding a lost 
puppy by following its bark).
Touch Sensing 
Fig. 3.5: Robotic hand using touch sensing to pick up an egg. 
Touch sensing refers to the ability of a device or system to detect physical contact or 
pressure. In the context of robotics or technology, touch sensing involves using sensors 
or mechanisms to detect when an object or surface is touched or pressed. These sensors 
can measure various aspects of touch, such as pressure, force, or texture, and convert 
this physical interaction into electrical signals that can be processed by the system.
Robots incorporate touch sensors that detect pressure, force, and texture. These sensors 
can use different technologies like capacitive sensing or resistive sensing. By using 
touch sensors, robots can feel objects, understand different surfaces, and complete 
tasks that need precise handling. The scientific idea behind touch sensing involves 
changing mechanical stimuli (like touch) into electrical signals and understanding 
these signals to know about the object being touched.
Spatial Sensing
Spatial sensing involves using sensors or technologies to gather information about the 
surroundings, including the presence of objects, distances to obstacles, and spatial 
relationships between different elements. Robots utilise environmental sensors such as 
proximity sensors, range finders, and infrared sensors to understand their surroundings."
Explain key concepts from Robotics (robotics (7).pdf) - Page 14,"14
SENSORS AND ACTUATORS 1 SECTION 3
Proximity sensors find out if objects are nearby or not. Rangefinders measure distances 
to objects using methods like ultrasonic waves or laser beams. Infrared sensors detect 
infrared radiation from objects to know their temperature or proximity. These sensors 
help robots avoid obstacles, move around safely, and interact with the environment.
Sensor Calibration
Sensor calibration is an adjustment or set of adjustments performed on a sensor or 
instrument to make that instrument function as accurately or as error-free as possible.
Imagine you are preparing boiled rice for your family. The recipe calls for a specific 
amount of water, but the scale on your measuring cup has become worn and difficult 
to read over time. This could lead to dry and undercooked rice! 
Sensor calibration is like fixing that measuring cup – if the sensor reading is incorrect, 
then the robot will not function correctly. 
Calibration is checking a sensor’s accuracy and making adjustments if needed. It is 
like double-checking your measuring cup with a known amount of water (like 1 litre) 
to see if it is showing the correct quantity.
Precision, resolution, linearity and speed are qualities that make a good sensor.
1. Precision
 Imagine you’re weighing yourself on a scale every morning. Precision refers to how 
consistent the scale’s readings are for your weight. If the scale is highly precise, 
it will always show the same weight for your morning weigh-ins, even if there 
are tiny fluctuations in your actual weight. Sensor precision can be affected by 
various factors, including external electrical interference or changes in operating 
temperature. 
2. Resolution
 This concept focuses on the smallest change a sensor can reliably detect in the 
quantity it is measuring. Applying the principle of resolution to measuring with a 
ruler will give you an idea of what this means. The ruler’s resolution, or smallest 
scale might be in millimetres. This means the ruler can measure 50 millimetres 
and 5 millimetres, but it will not be able to measure accurately 50.5 millimetres.
3. Linearity
 A sensor’s output should directly reflect the measured quantity in a proportional 
way. Linearity describes how closely the sensor’s output follows a straight line 
when plotted against the actual input value.  A perfectly linear sensor makes 
calculations and calibration much easier because you don’t need to account for 
any curves or deviations in the response.  Imagine a temperature sensor where a 
one-degree increase in actual temperature results in a consistent one-unit increase 
in the sensor’s output. That is a linear relationship."
Explain key concepts from Robotics (robotics (7).pdf) - Page 15,"15
SENSORS AND ACTUATORS 1 SECTION 3
4. Speed
 This refers to how quickly a sensor can take a measurement and produce a reading. 
In some applications, speed is crucial. For instance, in a car’s airbag system, a fast-
responding sensor is essential to detect a collision rapidly and deploy the airbags 
before impact.  
Why do sensors need calibration?
Sensors need calibration to provide accurate and reliable measurements. To achieve 
the best possible accuracy, a sensor should be calibrated in the system where it will be 
used.  
Sensors need calibration because:
1. Manufacturing variations during the production of sensors mean that even two 
sensors from the same manufacturer production run may yield slightly different 
readings.
2. During transportation and even in assembling a robot, sensors are usually subject 
to heat, cold, shock, atmospheric pressure and differences in humidity. These can 
cause changes in the sensor’s response when the robot comes to be used.
3. Differences in sensor design mean that different sensors may respond differently 
in similar conditions.
4. As sensors age, their response will change over time, and they may need periodic 
recalibration or replacement.
5. The sensor is only one component in the measurement system and must be 
matched to the other components.
How to calibrate sensors
There are two (2) key things that need to be determined when calibrating sensors. 
These are The standard reference and The `characteristic curve of the sensor
1. The standard reference
 This is a known value, which is compared to the value of any sensor. Highly 
accurate equipment is used to compare the output of sensors with standard 
reference values.  Equipment used to calibrate sensors uses international standard 
physical references. 
 Accurate rulers or metre sticks can be used to verify distances measured by laser 
rangefinders or ultrasonic sensors. Similarly, boiling water at sea level (100°C) or 
an ice-water bath temperature (the water’s “Triple Point” at 0.01°C at sea level) can 
serve as standard references for calibrating temperature sensors. Even common 
phenomena like Earth’s gravity, which is a constant 1G on the surface, can be used 
to calibrate accelerometers."
Explain key concepts from Robotics (robotics (7).pdf) - Page 16,"16
SENSORS AND ACTUATORS 1 SECTION 3
2. The characteristic curve of the sensor 
 Each sensor has a unique “fingerprint” called its characteristic curve. This curve 
shows how the sensor’s output changes as the input value increases or decreases. 
Ideally, we want the sensor’s response to be perfectly proportional to the input 
(a straight line).  Calibration helps us adjust the sensor’s behaviour to match this 
ideal, straight-line response. The best way to do this depends on the specific shape 
of the sensor’s characteristic curve, like the ones shown for different types of 
thermocouples (temperature sensor) in the figure below.
Fig. 3.6: Curves of different types of thermocouples
Methods for Calibrating Sensors
The three methods will look are:
1. One-Point Calibration
2. Two-Point Calibration
3. Multiple-Point Curve Fitting
One point calibration
One-point sensor calibration is a process of calibrating a sensor using a single known 
reference value. This method assumes that the sensor’s response is linear across its 
range, so you only need to adjust the sensor reading to match the known reference at 
one point. It is commonly used when the sensor is expected to operate within a narrow 
range or when high precision is not required. Calibrating a temperature sensor against 
a known point like boiling point is an example of one-point calibration. If your sensor 
temperature measurement shows a small difference from your known reference 
point, this is called the calibration offset. In the graph, Figure 3.7, the actual response 
curve runs parallel to the ideal response curve."
Explain key concepts from Robotics (robotics (7).pdf) - Page 17,"17
SENSORS AND ACTUATORS 1 SECTION 3
Fig. 3.7: One-point calibration offset
How to perform a one-point calibration:
To perform a one-point calibration:
1. Measure with your sensor.
2. Compare that measurement with your reference standard.
3. Subtract the sensor reading from the reference reading to get the offset.
4. In your code, add the offset to every sensor reading to obtain the calibrated value.
Example: Imagine that you have a competition robot that needs to position itself 
exactly 6 inches from a goal post in preparation for scoring, and you have an ultrasonic 
rangefinder for your distance sensor, as shown in Fig. 3.8 below.
Fig. 3.8 One-point calibration"
Explain key concepts from Robotics (robotics (7).pdf) - Page 18,"18
SENSORS AND ACTUATORS 1 SECTION 3
Since you only require maximum accuracy at one distance, a one-point calibration is a 
simple and effective solution. To perform a one-point calibration in this situation:
a. Using a measuring tape as your reference standard, position the robot exactly 6 
inches from the goal post.
b. If you take a reading with your sensor and it says 6.3 inches, then you have -0.3 
inches offset.
c. Now edit your code to subtract 0.3 inches from every reading. Since this is known 
to be a linear sensor, it will be pretty accurate over most of its range.
With this calibration done, you know with great confidence that it will be spot-on at 
the critical distance of 6 inches.
Activity 3.4 
Materials needed
Your teacher will provide the following:
• A variety of sensors (if available): light sensor, ultrasonic sensor, temperature 
sensor (dummies are okay too!)
• Paper and pens
Steps: 
1. Watch this short video clip. It is about automation on farms: 
 The farming robots that will feed the world | Hard Reset
2. While you watch the video make some notes on the different ways robots and 
automation help in farming."
Explain key concepts from Robotics (robotics (7).pdf) - Page 19,"19
SENSORS AND ACTUATORS 1 SECTION 3
Activity 3.5 
A pressure sensor
 
image source: www.
eastsensors.com  
A proximity sensor
Image source: www.
componentstree.com 
A gyroscope sensor
Image source: www.
componentstree.com 
Fig. 3.9
These pictures are to help you complete Activities 3.5 and 3.6. (A gyroscope is a 
sensor which is used to stabilise a robot, helping it drive in a straight line, making 
accurate turns).
Steps:
1. Sensor Detectives:
a. Examine the provided sensors and pictures and note down any particular 
features or components you recognise, for example, resistors, processors, 
and diodes.
b. Can you identify what each sensor might measure based on its 
appearance?
c. What role does each sensor play in a robot’s world?
d. How does a light sensor help a robot navigate? 
e. How can an ultrasonic sensor prevent collisions?
f. Think of real-life robots in Ghana, like agricultural bots or delivery droids. 
Describe which sensors could be used in these robots and what their 
purpose would be.
2. Science of the Senses: Working on your own, use books or the internet to find 
out the principles behind the workings of the following sensors:
a. Light Sensors: How do they detect light and dark?
b. Ultrasonic Sensors: How do they use sound waves to measure distance?
c. Temperature Sensors: How do they convert heat into electrical signals?
3. Calibration Check-Up: Imagine a robot is programmed to follow a straight 
line drawn on the ground but instead zigzags across it. State clearly what you"
Explain key concepts from Robotics (robotics (7).pdf) - Page 20,"20
SENSORS AND ACTUATORS 1 SECTION 3
think the problem is. What procedure would you follow to make the robot 
follow a straight line?
NB: This is where calibration comes in! You should have an idea from the 
information above as to why sensor calibration is essential for robots. It is 
like giving your robot a check-up to ensure its sensors are providing accurate 
information for smooth operation.
INTRODUCTION TO LINEAR SENSORS: 
VARIATIONS IN SENSOR OUTPUTS
Linear position sensors are used to find a position or a change in position in a straight 
path. They have many different applications in robotics and industrial settings. Object 
detection is one of the more common uses for linear position sensors in robotics. They 
can be used either as proximity sensors or as distance sensors.
Types of Linear Sensors
Potentiometer
Fig. 3.10: Potentiometer (Courtesy Evans-Amos, 2019)
Potentiometers are variable resistors with a sliding or rotating contact that moves 
along a resistive element. As the contact position changes, the resistance between 
the two ends of the element varies linearly, producing an output voltage or resistance 
proportional to the displacement.
Linear Variable Differential Transformers (LVDTs)
A Linear Variable Differential Transformer, also known as a Linear Variable 
Displacement Transformer, is a type of linear sensor that uses the principles of 
electromagnetism to measure very precise changes in position or displacement along 
a straight line."
Explain key concepts from Robotics (robotics (7).pdf) - Page 21,"21
SENSORS AND ACTUATORS 1 SECTION 3
LVDTs are transducers. They generate an output voltage that is proportional to the 
displacement of a movable core within a transformer assembly. They are highly accurate 
and used for precise displacement measurements (position along a given direction).
Linear Hall Effect Sensors
Fig. 3.11: Linear Hall effect sensor
A Linear Hall effect sensor is a type of linear sensor that uses the Hall effect (a voltage 
across an electrical conductor) to measure displacement or movement along a straight 
line. The sensor measures the strength of the magnetic field to determine the position 
or displacement of the magnet or a magnetic object. It then produces a voltage output 
that is linearly related to the magnetic field.
Factors that Influence the Variation in Linear 
Sensor Output
1. Temperature, humidity, and other environmental factors can impact the 
performance of linear sensors. For instance, temperature changes might affect 
the resistance or magnetic properties of the sensor materials, leading to variations 
in the output.
2. The accuracy of sensor calibration plays a significant role in determining the 
reliability of the sensor’s output. Poor calibration can introduce errors and 
discrepancies in the measurements.
3. The linearity of a sensor refers to how closely its output follows a straight-line 
relationship with the input. Some sensors may exhibit non-linearity, resulting in 
output variations.
4. In some cases, the mechanical components of linear sensors, such as sliding 
contacts in potentiometers, can experience wear and tear over time. This can lead 
to inconsistencies in the sensor’s output.
5. Some linear sensors are sensitive to variations in the supply voltage, which can 
affect their output readings."
Explain key concepts from Robotics (robotics (7).pdf) - Page 22,"22
SENSORS AND ACTUATORS 1 SECTION 3
Activity 3.6
Observing and Describing Sensors
Materials needed
• provided sensors
• pictures of additional sensors
• pencil/pen
• exercise book
Steps:
1. Your teacher will provide you with sensors. You can additionally search 
online for additional pictures of sensors. Observe these sensors and describe 
each of them.
2. Identify what each sensor measures and document why each sensor is 
important for a robot.
3. Identify and document real-world examples of how these sensors are used in 
robots.
4. Tabulate your findings:
a. Write the name of the sensor.
b. Provide a brief description of what the sensor looks like and its key 
features.
c. Specify what the sensor measures (e.g., distance, light, temperature).
d. Explain why this sensor is crucial for the functioning of a robot.
e. Give examples of robots or applications where this sensor is used.
Example table:
Sensor 
Name
Description Measurement 
Type
Importance 
to a Robot
Real-world 
Example
IR sensor Small sensor 
that emits 
and detects 
infrared light.
Distance/
proximity
Helps robots 
avoid obstacles 
and navigate 
safely.
Used in 
autonomous 
vacuum 
cleaners to 
detect objects.
Activity 3.7
Comparing potentiometer outputs
Materials needed
Your teacher will provide the following:
• linear sensors (potentiometer)"
Explain key concepts from Robotics (robotics (7).pdf) - Page 23,"23
SENSORS AND ACTUATORS 1 SECTION 3
• a microcontroller with data recording and display capabilities (e.g., Arduino 
with computer)
• breadboard
• connecting wires or jumper wires (male-to-male pin)
• ruler
• recording sheet or computer software for data collection
Steps: Procedure for Sensor Setup
Step 1. Connect the potentiometer to the microcontroller following the 
instructions provided below:
a. Insert the potentiometer with one leg in each of two separate rows.
b. Connect a red jumper wire from one outer leg to the Arduino’s 5V rail 
(positive row).
c. Connect a black jumper wire from the other outer leg to the Arduino’s GND 
rail (ground row).
d. Connect another jumper wire (any colour) from the centre pin of the 
potentiometer to an analogue pin (e.g., A0) on the Arduino.
Fig. 3.12 Example Arduino wiring
Step 2. Use the ruler to track the position of the contact on the potentiometer. 
Mark a starting position (e.g., 0 cm) on the ruler.
Step 3. Record the initial potentiometer reading at the starting position.
Step 4. Gradually move the sliding contact along the potentiometer in small 
increments (e.g., 1 cm).
Step 5. Record the corresponding voltage output from the potentiometer for each 
new position.
NB: Repeat this process several times to gather multiple sets of data to plot a 
graph.
Step 6: Organise the reading and plot a graph:
a. Organise your collected data in a table or spreadsheet."
Explain key concepts from Robotics (robotics (7).pdf) - Page 24,"24
SENSORS AND ACTUATORS 1 SECTION 3
b. Plot the potentiometer output voltage (y-axis) vs. the position (length) 
(x-axis) on a graph.
c. Does the output voltage increase or decrease as you move the sliding 
contact?
NB: How closely do the data points follow a straight line? This indicates the 
linearity of the potentiometer’s response.
Step 7: Repeat the experiment by starting at the other end of the potentiometer’s 
travel. Do you get the same results?
Evaluation and Discussion 
1. How does the potentiometer’s output voltage change with position?
2. Is the potentiometer’s response linear?
3. What factors might influence the linearity of the potentiometer?
4. In what real-world applications might potentiometers be used? Consider the 
advantages and limitations of using a potentiometer as a position sensor.
Running the Experiment
1. Connect your Arduino board to a computer and upload the code to your 
Arduino board.
2. Open the Arduino IDE serial monitor (Tools > Serial Monitor).
3. As you turn the knob of the potentiometer, you should see the voltage 
reading change on the serial monitor, reflecting the position of the knob.
Sample C++ Code:
\<CODE FONT/STYLE>
 
// Define the analogue input pin connected to the potentiometer 
const int potPin = A0; 
 
void setup() { 
  // Start serial communication for displaying data 
  Serial.begin(9600); 
} 
 
void loop() { 
  // Read analog value from the potentiometer (0-1023) 
  int sensorValue = analogRead(potPin); 
 
  // Convert the analog reading (0-1023) to voltage (0-5V) 
  // You can adjust the scaling factor (5.0) based on your 
potentiometer's resistance 
  float voltage = sensorValue * (5.0 / 1023.0); 
 
  // Print the voltage value to the serial monitor 
  Serial.print(""Potentiometer Voltage: ""). 
  Serial.println(voltage, 2); // Print with 2 decimal places 
 
  delay(100); // Delay between readings (optional) 
} 
<CODE FONT/STYLE>/"
Explain key concepts from Robotics (robotics (7).pdf) - Page 25,"25
SENSORS AND ACTUATORS 1 SECTION 3
Hints
• This code defines a constant “potPin” for the chosen analogue input pin.
• In “setup()”, serial communication is started to display readings on your 
computer.
• In “loop()”, the “analogRead(potPin)” function reads the raw analogue value 
from the potentiometer (0-1023).
• The value is then converted to a voltage (0-5V) by multiplying with a scaling 
factor (adjustable based on potentiometer resistance).
• Finally, the voltage is displayed to the serial monitor along with a label.
LINEAR SENSOR CALIBRATION FOR OPTIMAL 
PERFORMANCE IN ROBOTIC SYSTEMS
You have learnt from the previous lesson that sensors are one of the most essential parts 
of robotic systems. They are the tools robots use to measure physical quantities like 
distance, speed and temperature. Sometimes, sensors give us slightly different readings 
even when measuring the same thing. You also learned how to calibrate linear sensors 
using a single reading and a reference point, single-point calibration.
The difference between single- and two-point calibration is in the accuracy. A single-
point calibration involves adjusting the measurement device to match a single known 
reference value. In contrast, a two-point calibration uses two known reference values 
to adjust the device at two points. The two-point method generally provides greater 
accuracy over a wider range of values because it can correct for more systematic errors 
than the single-point method.
Two-Point Calibration
When you draw a line, you only need two points to know its direction and where it 
starts. Two-point calibration does the same thing for your sensor. It takes two readings 
from your sensor, one at a low value and one at a high value and compares them to 
the actual values you know are correct, known as references. This helps to adjust the 
sensor to measure or read the right value and follow the right pattern as the values 
change in the range between the minimum and maximum.
When to Use a Two-point Calibration
Two-point calibration is used for sensors that measure linear data changes. This 
means the change in its readings is steady and proportional to the change in what it is 
measuring. It is like knowing that for every step you take, you move forward the same 
distance."
Explain key concepts from Robotics (robotics (7).pdf) - Page 26,"26
SENSORS AND ACTUATORS 1 SECTION 3
How to perform a Two-Point Calibration 
1. Measure low and high:
 You take two readings from a sensor measuring a low value on a scale (like the 
minimum distance) and another reading when it is measuring a high value on the 
same scale (like the maximum distance).
Fig. 3.13: Two-point calibration
2. Compare to the truth:
 Then, you compare these readings to the actual, known values you are trying to 
measure. This shows how much our sensor is off and how much its “line” needs 
adjusting.
3. Adjust and conquer:
 Finally, a mathematical formula compares the actual sensor reading with the 
expected output based on a known input. This ensures that it matches the true 
values at low and high points and that its readings follow the correct pattern in 
between.
In the experimental activities outlined below, we will now look at how we can calibrate 
a light sensor to see the world how we want it to.
Activity 3.8
Calibrating a light sensor (Experimental)
This activity is a sample demonstration of calibrating a light sensor. Your teacher 
will guide you through the steps.
The aim of this experiment is for you to adjust a light sensor by calibrating it 
to enable a more accurate light detection reading. The calibration will be useful"
Explain key concepts from Robotics (robotics (7).pdf) - Page 27,"27
SENSORS AND ACTUATORS 1 SECTION 3
when using the sensor in a robot that must navigate around objects that are very 
close together.
Materials needed
Your teacher will provide you with the following materials:
• Light sensor (Photoresistors like the one in your robotics kit or a standalone 
sensor)
• Arduino or similar microcontroller or simulation environment
• Resistor 220 Ohms
• Computer with Arduino IDE (or a similar coding environment)
• Breadboard and Jumper wires
• Darkroom or a light-proof box
• Bright lamp or flashlight
• Light meter (optional)
• White paper (optional)
Steps:
1. Wiring the setup:
a. For a Photoresistor
Fig. 3.14
• Connect one pin of the potentiometer to 5V on the Arduino 
microcontroller and the other pin to an analogue pin (like A0) and to 
one end of the resistor. 
• Connect the other end of the resistor to GND.
b. When using other types of light sensors, other than a photoresistor,
• Always follow the specific instructions for correct use that came with 
your sensor or look them up online. Your teacher can also help!
2. Setting up the computer and the coding environment:
a. Open your Arduino IDE (or similar software).
b. If your sensor needs a special library, install it (e.g., for the TSL2561)."
Explain key concepts from Robotics (robotics (7).pdf) - Page 28,"28
SENSORS AND ACTUATORS 1 SECTION 3
c. Write a simple code (your teacher will provide you with the code) to read 
the raw values from the sensor. The code should display these values on 
your computer’s Serial Monitor.
d. Take your sensor into a completely dark space (or put it in a lightproof 
box).
e. Open the Serial Monitor. You will see a number – this is your “RawLow” 
value, the reading your sensor gives in total darkness.
f. Shine your bright light source directly onto the sensor. (Use a white piece 
of paper if your sensor is too sensitive to direct light)
g. Watch the numbers change on the Serial Monitor. When they stabilise, 
that is your “RawHigh” value – the reading in bright light.
3. Using the Calibration Formula:
a. Decide Your Range
 What numbers do you want your sensor to give as output? You can choose 
0 for dark and 100 for bright, but you can pick any range! (0-255 is also 
common.)
b. Perform the calculations
i. RawRange: RawHigh - RawLow
ii. ReferenceRange: ReferenceHigh - ReferenceLow (this is just 100 if 
you chose 0-100)
 The Formula
 CalibratedValue = (((RawValue - RawLow) * ReferenceRange) / 
RawRange) + ReferenceLow
4. Test the sensor under different case scenarios:
a. Try different lighting conditions – shadows, sunlight, under a lamp.
b. For each situation, record the “RawValue” from the Serial Monitor.
c. Use your formula to calculate the “CalibratedValue.”
d. Do the calibrated values make sense? Do they match how bright it is?
You have calibrated your light sensor! 
Now it is ready to help your robot navigate, detect obstacles, and make smart 
decisions based on light levels.
• Plot a graph of your raw readings versus the corrected values. What does it 
look like? Is it a straight line?
• If you have a robot, try using your calibrated light sensor to control its 
behaviour. For example, make it turn when it senses a change in light level.
• Explore how you might calibrate a sensor that does not follow a straight line. 
(This might be a bit tricky!)
Note: By calibrating your light sensor, you have taught it to “see” the world more 
accurately. Now you can use it for all sorts of cool robotics projects!"
Explain key concepts from Robotics (robotics (7).pdf) - Page 29,"29
SENSORS AND ACTUATORS 1 SECTION 3
Fig. 3.15
Experimental Activity 3.9
The objective is to maximise the precision of the temperature sensor. Utilising 
two fundamental natural phenomena—the freezing and boiling of water—as 
your benchmarks, you will embark on a scientific journey.
Materials needed
• Temperature Sensor: (Thermistor, Thermocouple, LM75, DTH22)
• Microcontroller: Your Arduino (or compatible) board will be the brain for the 
sensor.
• Computer
• Breadboard and Jumper Wires
• Resistor (This helps the sensor work with your Arduino. The value depends 
on your thermistor – ask your facilitator!)
• Ice Water Bath
• Boiling Water Bath
• Safety Equipment (Heat-resistant gloves, goggles, and a lab coat)
Caution: Boiling water can cause burns! Always work with adult supervision 
and wear appropriate safety gear.
Steps:
1. Circuit Setup:
a. Thermistor: If you are using this type, connect one leg to 5V on the 
Arduino, the other to an analogue pin (like A0), and to one leg of the 
resistor. Connect the other leg of the resistor to GND.
b. Other Temperature Sensors: Follow the manufacturer’s instructions or 
any diagrams you find online. Ask your teacher for help if needed."
Explain key concepts from Robotics (robotics (7).pdf) - Page 30,"30
SENSORS AND ACTUATORS 1 SECTION 3
2.  Code Preparation:
a. Open Arduino IDE: Start a new sketch (programme).
b. Include Libraries: If your sensor needs a specific library, add the 
#include statement at the beginning.
c. Basic Code: Write a simple code (or use an example) to read the sensor’s 
raw values and print them to the Serial Monitor.
Example code (Thermistor):
\<CODE FONT/STYLE>
C++
const int temperaturePin = A0; 
void setup() {
 Serial.begin(9600);
}
void loop() {
 int rawValue = analogRead(temperaturePin);
 Serial.println(rawValue);
 delay(100); // Read temperature every 100 milliseconds
}
<CODE FONT/STYLE>/
3. Calibration Data Collection:
a. Ice Water Bath (“RawLow”)
i. Carefully immerse your sensor in the ice water bath, making sure the 
sensitive part is fully submerged.
ii. Wait for the reading to stabilise on the Serial Monitor.
iii. Record this value as your “RawLow.” (It might be negative if your 
sensor goes below 0°C!)
b. Boiling Water Bath (“RawHigh”):
i. With an adult’s help, carefully immerse the sensor in the boiling 
water.
ii. Wait for the reading to stabilise on the Serial Monitor.
iii. Record this value as your “RawHigh.”
4. Calibration Calculation:
a. Reference Values:
i. We know water freezes at around 0.01°C and boils at 100°C at sea level.
ii. So, our “ReferenceLow” is 0.01 and our “ReferenceHigh” is 100.
b. Calculate Range Values:
i. RawRange = RawHigh - RawLow"
Explain key concepts from Robotics (robotics (7).pdf) - Page 31,"31
SENSORS AND ACTUATORS 1 SECTION 3
ii. ReferenceRange = ReferenceHigh - ReferenceLow (this is 99.99 in our 
case)
c. Calibration Equation
 Corrected Temperature = (((RawValue - RawLow) * ReferenceRange) / 
RawRange) + ReferenceLow
5. Test It Out:
a. Measure the temperature of different objects (a cup of water, your hand, 
the air, etc.).
b. For each raw value, use your equation to calculate the corrected 
temperature.
c. Do the corrected temperatures match the actual readings from the 
thermometer? Compare measured and calculated values from another 
thermometer if you can.
Congratulations! 
You have successfully calibrated your temperature sensor! Now, your robot can 
accurately sense temperature changes and use that information to make smart 
decisions.
Multipoint Curve Fitting
In linear sensors, two-point calibrations tend to work concerning their use and 
calibrations. That is usually challenging with non-linear sensors. Nonlinear sensors do 
not follow linearity principles; hence, there is a need to find an optimum way of using 
non-linear sensors. Multipoint Curve Fitting helps determine the optimum operating 
points of non-linear sensors.
Curve Fitting 
A typical illustration of curve fitting is seen in a roller coaster twist and turns. Some 
sensors tend to behave in a way that does not follow a specific pattern. Multi-point curve 
fitting is like finding a straight line between many random curves in a roller coaster 
movement that would help in predicting its movement. This is done by taking multiple 
readings of a sensor output at different points and finding an optimum connecting 
point among the many points. 
When to Use It
Multi-point curve fitting is super helpful when dealing with sensors that have non-
linear behaviour. Think of it as a way to tame those wild readings and make them behave 
predictably. One common example is thermocouples, which measure temperature but 
sometimes go a little haywire at extreme temperatures."
Explain key concepts from Robotics (robotics (7).pdf) - Page 32,"32
SENSORS AND ACTUATORS 1 SECTION 3
How It Works
1. Gather the Clues: You start by taking several readings from your sensor at 
different levels of what it is measuring (like temperature, pressure, light, and 
sound). This gives you clues about the shape of the curve.
2. Connect the Dots: Next, a mathematical formula is used to find the best curve 
that fits all your data points. This curve is like a map that shows you how the 
sensor’s readings change along with the quantity it is measuring.
3. Predict the Future: Now that you have this ‘map’ or curve, you can use it to 
predict what the sensor will read at any point along the curve. It is like knowing 
where the roller coaster will be at any moment, even if you have not ridden that 
exact part of the track yet.
The Result: A sensor that we can rely on, even when it tends to be a little unpredictable! 
By using multi-point curve fitting, you can make sure your robot projects get accurate 
information from all kinds of sensors, whether they are linear or not.
Pro Tip: There are already pre-made curves for common sensors like thermocouples, 
so you might not even need to create your own! But if you are working with a custom 
sensor, this is where your maths skills will shine!
Activity 3.10
Constructing a Robot that can Follow a Line 
When constructing a line-following robot that utilises a light sensor to detect the 
line, you will encounter raw sensor readings ranging from 20 (dark) to 80 (bright). 
To enhance the robot’s accuracy in following the line, it is essential to calibrate 
these readings to a range from zero (off track) to 100 (centred on the line).
This calibration process enables the robot’s sensor to interpret its environment 
more effectively. Lower calibrated values (close to 0) indicate the robot is off track, 
while higher values (up to 100) indicate it is centred on the line. This adjustment 
ensures the robot can clearly “see” and follow the line with precision, significantly 
improving its line-following performance.
Materials needed
• Light sensor
• Multimeter (or device to measure sensor output)
• Black surface (represents “off track”)
• White surface with a black line (represents the actual line)
Steps:
1. Place the sensor completely off the line (on a black surface).
2. Measure the raw output voltage with your multimeter. Write this number 
down (“RawLow”). Think of it as the “off track” reading."
Explain key concepts from Robotics (robotics (7).pdf) - Page 33,"33
SENSORS AND ACTUATORS 1 SECTION 3
3. Now, put the sensor right in the middle of the black line.
4. Measure the raw voltage output again. Write this number down (“RawHigh”). 
This is the “centred on line” reading.
5. Use a simple formula to convert these raw readings into a more useful range 
(0-100).
6. A calibrated range of 0-100 gives a clear scale for programming control 
algorithms, making it easier to define thresholds for steering corrections. Just 
remember the RawLow and RawHigh values you measured and plug them 
into the formula
 Calibrated Output = (Raw Output - RawLow) / (RawHigh - RawLow) * 100
a. Raw Output is the voltage you measure from the sensor at any point on the 
line.
b. RawLow is the value you recorded in step 1 (represents “off track”).
c. 100 and 0: These are your desired reference values for “centred on line” 
and “off track,” respectively.
7. Now test it out:
a. Place the sensor at different spots on the line (not directly centred).
b. Measure the raw voltage output (Raw Output) from the sensor at each 
position.
c. Use the formula above, plugging in your Raw Output value, RawLow, and 
100.
d. This will give you the Calibrated Output, which should be a number 
between 0 (off track) and 100 (centred)."
Explain key concepts from Robotics (robotics (7).pdf) - Page 34,"34
Review Questions 3.1
1. Imagine you are part of a team designing a new robot to help with household 
chores. You need to choose the appropriate sensors for different tasks. One task is 
to detect when the room lights are turned on or off, and another is to sense when 
the robot bumps into objects or people.
a. State two (2) sensors you would choose for detecting room light changes and 
the sensor you would use to sense obstacles. 
b. Explain the differences between the two sensors mentioned in 1(a) in terms of 
their functions and applications.
2. You are an engineer tasked with explaining how a new rescue robot can navigate 
through debris to find and assist injured people after an earthquake. This robot 
needs to ‘see’ its environment, ‘think’ about the best path to take, and ‘move’ 
through obstacles.
 Describe how the robot’s sensors, processors, and actuators work together similarly 
to how the human brain, senses, and moving parts (like muscles) function. Provide 
specific examples of each component’s role in both the robot and the human body."
Explain key concepts from Robotics (robotics (7).pdf) - Page 35,"35
Review Question 3.2
1. Describe how a robot moves on its own (autonomously) in a given environment.
2. You have been tasked with designing a new home-cleaning robot!  One of the 
most important features is the ability to avoid obstacles like furniture and pet 
toys.  Unfortunately, your budget only allows you to include two linear sensors. 
Considering the different functionalities of various linear sensors, which 
two would you choose to equip your robot with for the most effective obstacle 
detection?
3. You are an engineer tasked with maintaining a state-of-the-art greenhouse for 
a research facility. The greenhouse relies on various sensors to monitor and 
optimise plant growth conditions. However, you have noticed some unexpected 
fluctuations in sensor readings, leading to inconsistencies in plant growth across 
different areas.
4. Your job is to identify two factors that might be influencing these variations and 
propose solutions to control them for more consistent and reliable sensor data. 
Map the following sensors to their respective scientific principles.
Sensors Scientific Principle
Light sensor Measuring light intensity
Temperature sensor Measuring proximity
Location sensor Measuring the voltage across the diode terminals
Ultrasonic sensor Measuring and detecting the position of an object 
using a built-in GPS receiver"
Explain key concepts from Robotics (robotics (7).pdf) - Page 36,"36
Review Questions 3.3
1. Two-point calibration is a method for fine-tuning a sensor’s accuracy by taking 
readings at two known extremes within its measurement range. This calibration 
method is suitable for sensors with which characteristic?
2. A temperature sensor reads 50°C raw output. After a two-point calibration with 
ice water (0°C) and boiling water (100°C) as references, the calculated corrected 
value is 52°C. Explain how this correction improves the sensor’s performance.
3. When designing a line-following robot that uses a light sensor to detect the line. 
The raw sensor readings range from 20 (dark) to 80 (bright). However, you want 
the calibrated output to range from 0 (off-track) to 100 (centred on the line).
a. Follow the procedure for two-point calibration to convert the raw sensor 
readings to the desired calibrated output range (0-100).
b. Explain how this calibration improves the robot’s line-following performance."
Explain key concepts from Robotics (robotics (7).pdf) - Page 37,"37
SENSORS AND ACTUATORS 1 SECTION 3
EXTENDED READING
• Watch a simple video demonstration of some basic 
electronic components. Here Biomimicry for better 
design | Andy Middleton | TEDxBedford
 
• Watch a simple video demonstration of some basic 
electronic components. Here Meet Spot, the robot dog 
that can run, hop and open doors | Marc Raibert 
 
• Further reading about Actuators: Visit httpswww.
realpars.com
 
• Robots application in aero-engine repairs. https://
www.nottingham.ac.uk/utc-manuonwingtech/
research/robotics-for-in-situ-repair/robotics-for-in-
situ-repair.aspx 
 
• How robots are changing the farming industry | CNBC 
How Robots Are Changing The Farming Industry | 
CNBC"
Explain key concepts from Robotics (robotics (7).pdf) - Page 38,"38
SENSORS AND ACTUATORS 1 SECTION 3
REFERENCES
1. www.realpars.com  | Actuators and video demonstrations
2. Beig, F. (2023, September 14). Simple light sensor circuit. Circuits DIY. https://www.
circuitsdiy.com/simple-light-sensor-circuit/
3. Calibrating Sensors by Bill Earl | www.adafu.it
4. Bill Earl (2024). Sensors Precision. (https://learn.adafruit.com/calibrating-sensors/
why-calibrate) 
5. Bill Earl (2024). Multi-point-curve-fitting. (https://learn.adafruit.com/calibrating-
sensors/multi-point-curve-fitting) 
6. Bill Earl(2024).Thermocouple characteristic curves (https://learn.adafruit.com/
calibratingsensors/multi-point-curve-fitting)"
Explain key concepts from Robotics (robotics (7).pdf) - Page 39,"39
SENSORS AND ACTUATORS 1 SECTION 3
ACKNOWLEDGEMENTS
List of Contributors
Name Institution
Griffith Selorm Klogo  Kwame Nkrumah University of Science and Technology
Asare Boakye Ansah  Kumasi Technical University  
Gershon Normenyo Kwame Nkrumah University of Science and Technology
Nero Kofi Etornam 
Novor
Kwame Nkrumah University of Science and Technology
Samuel Quarm 
Olatunde 
GES, Kumasi"
Explain key concepts from Robotics (robotics (8).pdf) - Page 1,"1
ROBOTS AND 
SOCIETY 1 
SECTION  
2
Robotics Year 1"
Explain key concepts from Robotics (robotics (8).pdf) - Page 2,"2
ROBOTS AND SOCIETY 1 SECTION 2
Principles of Robotic Systems
Robots and Society
INTRODUCTION
This section focuses on robots and how they operate. You will explore the key differences 
between robotic and non-robotic systems and uncover the essential building blocks that 
make robots work. You will also look at the interconnected subsystems like sensors, 
actuators, and control systems that allow robots to perceive their environment, make 
decisions, and perform tasks. This section will also examine robot control systems, 
differentiating between feedback and non-feedback loops. By the end, learners will be 
able to classify these systems and proficiently use logic and loop diagrams in designing 
robot control systems. Knowledge from this section will help you explain how everyday 
appliances like air conditioners, toasters and motion sensor lights operates. 
At the end of this section, you will be able to:
• Assess various systems and classify whether they fall under robotic or non-robotic 
systems and outline the functions of the subsystems of robots. 
• Classify feedback and non-feedback loop systems and demonstrate the use of logic and 
loop diagrams in control systems design
• Describe robots and identify the differences between robotic and non-robotic systems.
• Describe the attributes and functionalities of a robot’s subsystems and how they 
interconnect.
• Contrast non-feedback loop systems and feedback loop systems.
• Evaluate the use of logic and loop diagrams and demonstrate their use in control systems’ 
design.
Key Ideas
• Robots are autonomous machines that can assist humans in a variety of tasks. They are 
programmed to perform complex operations. 
• Robots are typically composed of mechanical, electrical, and computational components 
that work together to enable their functionalities.
• The key features of a robot include autonomy, programmability, sensing and perception, 
mobility and interactivity.
• Robotic systems are not only made up of single robots but also include additional 
components such as controllers, communication interfaces, software systems and 
multiple robots working together or in coordination with other external systems.
• Robotic systems have sensors and actuators that execute tasks autonomously or semi-
autonomously, while non-robotic systems require human intervention for operation."
Explain key concepts from Robotics (robotics (8).pdf) - Page 3,"3
ROBOTS AND SOCIETY 1 SECTION 2
• Sensors and actuators allow robots to interact with their environment. Their control 
system processes information from the sensors and makes decisions, which are then 
carried out by the actuators, all powered power supply units (subsystems).
• A robot relies on interconnected subsystems for autonomy and task execution. The key 
subsystems of a robotic system are the sensing subsystem, the control subsystem, the 
actuation subsystem and the power subsystem.
• A control system is a collection of mechanical or electronic components that directs, 
instructs, controls or monitors the actions of other systems, devices, or processes.
• Control systems are essential in regulating processes and ensuring desired outcomes in 
the functioning of robots. Two major control systems of robots are the feedback loop and 
the non-feedback loop.
• A feedback loop is a control system that incorporates a feedback mechanism to 
continuously monitor and adjust output based on a comparison with a desired value or 
reference input.
• Non-feedback loop systems are control systems where the output does not influence or 
affect the control action.
• Loop diagrams, also known as control loop diagrams or process loop diagrams, are visual 
representations that show flow directions and the interaction of components in a control 
system 
• In a control loop, various sensors gather data, process it, and if modification is required 
make adjustments to keep the control process operating the way it should.
• Logic diagrams in control systems are used to represent the logical sequence of operations 
in the system. They show how different components and functions are logically connected 
to achieve the desired control action. 
• Control systems are important in robotics because they determine how the robot operates. 
The way a robotic arm moves or a machine that can navigate a maze autonomously—
this is where control system design comes into play.
ROBOTS, ROBOTICS SYSTEMS AND NON-
ROBOTIC SYSTEMS 
Robotic systems and non-robotic systems may be similar, but in real-case situations 
they are not. This material is developed to help you acquire knowledge of robots, 
robot systems and non-robotic systems. Robots rely on interconnected subsystems 
for autonomy and task execution. You will explore key components such as sensing, 
actuation, control, and power systems. Knowing these subsystems helps you to 
understand how robots perceive their environment, make decisions, and perform 
physical actions. Here, the differences between robotic and non-robotic systems, their 
roles and applications, as well as their attributes (characteristics) and functionalities of 
a robot’s subsystems and how they interconnect are considered."
Explain key concepts from Robotics (robotics (8).pdf) - Page 4,"4
ROBOTS AND SOCIETY 1 SECTION 2
Robots
The term “robot” was first used in the early 1900s by Karel Čapek, a Czech playwright, 
in his play “R.U.R.” or “Rossum’s Universal Robots.” In the play, robots were 
manufactured by humans and heartlessly exploited by factory owners until they 
revolted and ultimately destroyed humanity. In Czech, the word “robot” translates to 
“worker” or “servant.” 
In today’s world, a robot is a machine designed to perform tasks automatically or with 
minimal human intervention. Typically, robots are programmable devices that can 
conduct a variety of actions or movements based on predefined instructions. 
Robots are typically composed of mechanical, electrical, and computational components 
that work together to enable their functionalities. These components are clearly 
the results of advancements from the first, second and third industrial revolutions, 
respectively. Currently, many robots incorporate technological advancements from the 
Fourth Industrial Revolution, including artificial intelligence and connectivity.
Key Features of Robots
The following are the distinctive features of Robots:
1. Autonomy
 Robots can operate independently or semi-independently, executing tasks without 
continuous human intervention. This is the evidence of basic intelligence, but not 
in the same way as human intelligence operates. 
2. Programmability
 Robots can be programmed to perform a wide range of tasks, allowing flexibility 
and adaptability in their functions.
3. Sensing and perception
 Robots are equipped with sensors to perceive their environment, enabling them to 
gather information and make decisions based on their surroundings.
4. Mobility
 Many robots can move or manipulate objects in their environment, either through 
locomotion or manipulation mechanisms.
5. Interactivity
 Robots often interact with humans and/or their environment in various ways. They 
can receive input or commands from humans and/or their environment through 
interfaces such as touch screens, voice recognition, or gesture recognition. They 
can also provide output or feedback through displays, speech, or other forms of 
communication."
Explain key concepts from Robotics (robotics (8).pdf) - Page 5,"5
ROBOTS AND SOCIETY 1 SECTION 2
Robotic Systems
Robotic systems are defined as systems that provide intelligent services and information 
by interacting with their environment, including human beings, via the use of various 
sensors, actuators, and human interfaces. They are essentially machines called robots 
that replicate or substitute for human actions.
It is common for people to use the terms “robots” and “robotic systems” interchangeably, 
especially in casual conversation or general discussion. However, technically speaking, 
there is a distinction between the two. 
A robotic system is a more complex arrangement designed to achieve specific objectives 
efficiently by integrating robots with additional elements to perform interconnected 
tasks or functions. In other words, Robotic systems are not only made up of single 
robots but also include additional components such as controllers, communication 
interfaces, software systems and multiple robots working together or in coordination 
with other external systems. 
Robotic systems inherently have all the distinctive features of robots in addition to the 
features of the systems they integrate.
Robotic systems consist of three (3) main components:
1. Mechanical Construction
 A frame, form, or shape designed to achieve a particular task. For example, a 
robot designed to travel across heavy dirt or mud might use caterpillar tracks.
 Click the link below to watch a video of a Robotic arm performing varied tasks.
https://youtu.be/
wHVmXiI5rCE?si=Lf5KpA6mWD8sPwXZ 
 
2. Electrical components
 Robots need electrical components that control and power the machinery. For 
example, an electric current—a battery, for example—is needed to power most 
robots.
3. Software programme
 Robots contain at least some level of computer programming. Without a set of 
codes to instruct it on what to do, a robot would just be another piece of simple 
machinery. Inserting a programme into a robot gives it the ability to know when 
and how to carry out a task."
Explain key concepts from Robotics (robotics (8).pdf) - Page 6,"6
ROBOTS AND SOCIETY 1 SECTION 2
Integration of Robotic systems
Robotic Systems have been integrated in some environments in the following ways:
i. Manufacturing industry
 Robotic arms and automated assembly lines are extensively used in manufacturing 
plants to perform tasks such as welding, painting, assembly, and packaging. These 
robotic systems may consist of robotic arms, conveyor belts, sensors, controllers, 
communication modules, etc.
ii. Healthcare facilities
 Surgical robots assist surgeons in performing minimally invasive surgeries 
with greater precision and control. They can also automate repetitive tasks like 
medication dispensing, sterilisation, and patient transportation, improving patient 
outcomes and reducing healthcare worker strain. The automated Medication 
Dispensers may incorporate robotic mechanisms and medication management 
software for accurate dosing and dispensing. Also, the Surgical Robotic Systems 
may integrate robotic arms, end-effectors, cameras, a database of approved 
surgical methods, artificial intelligence models and control consoles for precise 
surgical procedures.
Fig. 2.1 Da Vinci robot surgeon performing keyhole (laparoscopic) surgery, a remote-controlled surgical 
system, developed and produced by the US company Intuitive Surgical.
iii. Agriculture
 Agricultural robotic systems, such as Precision Farm Drones and autonomous 
tractors, help farmers monitor crops, apply fertilisers and pesticides, and harvest 
produce. These robotic systems increase efficiency, optimise resource usage, and 
enable precision agriculture practices for higher yields and reduced environmental 
impact. The Precision Farm Drones are usually equipped with cameras, sensors, 
GPS modules, and communication systems. Also, the autonomous tractors"
Explain key concepts from Robotics (robotics (8).pdf) - Page 7,"7
ROBOTS AND SOCIETY 1 SECTION 2
integrate GPS guidance systems, sensors, actuators, communication systems and 
controllers for automated farming tasks.
Fig. 2.2 A self-driving tractor sows cotton seeds in the field at Yaha Township of Kuqa County, northwest 
China’s Xinjiang Uygur Autonomous Region, March 23, 2018. The smart tractor, with automatic navigation 
system, can do farm work itself including ploughing and seeding.
iv. Transportation
 Autonomous vehicles and drones are revolutionising transportation by providing 
safer, more efficient, and environmentally friendly mobility solutions. Robotic 
systems in transportation play roles in tasks such as delivery, surveillance, 
mapping, and maintenance. These autonomous vehicles would usually integrate 
the following Incorporate sensors (e.g., LiDAR, cameras), GPS receivers, actuators, 
communication modules, access to real-time traffic information and onboard 
computers for self-driving capabilities.
 Click the link below to watch a video of a fully self-driving car.
 https://youtu.be/tlThdr3O5Qo?si=B6-y4_SXfhebVyt- 
What is a Non-Robotic System? 
A non-robotic system is a system that uses human effort, mechanical machinery, or 
some automated system without the advanced capabilities of robots. It may have some 
of the features of robots, such as autonomy, sensing, and decision-making, but not all 
the combined features of robots are present."
Explain key concepts from Robotics (robotics (8).pdf) - Page 8,"8
ROBOTS AND SOCIETY 1 SECTION 2
Non-robotic systems are typically designed for specific purposes and have limited 
interaction with the environment. 
Examples of non-robotic systems are given below.
Non-robotic automated systems
Non-robotic systems perform pre-programmed tasks but lack the adaptability and 
autonomy associated with robotic systems. A typical example of such automated 
systems is the Automated Teller Machine (ATM). While ATMs automate certain 
banking transactions such as cash withdrawals, deposits, and balance inquiries, they do 
not incorporate all the features of robots. They lack robotic features such as autonomy, 
decision-making, or sensing. 
Other examples of non-robotic automated systems include vending machines, 
automatic doors, automatic conveyor belt systems, automatic car washers, self-service 
kiosks, elevators, lifts, etc.
i. Mechanised systems
 Mechanised systems involve the use of machinery or mechanical devices to aid 
in specific tasks. They are typically controlled by human operators and do not 
possess the autonomous decision-making capabilities found in robotic systems. 
Some examples include vehicles, lawnmowers, combine harvesters, escalators, 
etc.
ii. Computerised systems
 Computerised systems are not necessarily considered robotic systems because 
they lack physical manipulation capabilities and autonomy, which are defining 
characteristics of robots. While computerised systems may automate certain 
processes or tasks using software and electronic controls, they do not typically 
involve physical actuators or robotic arms to interact with the environment. 
Instead, computerised systems rely on algorithms, sensors, and digital interfaces 
to execute predefined instructions or commands. Some examples of computerised 
systems, which are non-robotic systems, include Traffic Light Control Systems, 
calculators, chatbots, web crawlers, Point-of-Sale (POS) Systems, Home Security 
Systems, Automated Inventory Management Systems, etc.
iii. Control systems
 Control systems are not considered robotic systems because they primarily 
focus on regulating and coordinating the operation of mechanical or electronic 
components without direct physical manipulation of the environment. While 
control systems may automate processes and provide feedback mechanisms to 
adjust parameters based on predefined criteria, they typically do not involve the 
integration of robotic actuators or manipulators for interacting with objects or 
performing tasks autonomously. Examples include Heating, Ventilation and Air 
Conditioning (HVAC) Systems, Industrial Process Control Systems, Water Level"
Explain key concepts from Robotics (robotics (8).pdf) - Page 9,"9
ROBOTS AND SOCIETY 1 SECTION 2
Control Systems, Aircraft Autopilot Systems, Speed Control Systems, Missile 
Guidance Systems, etc.
Activity 2.1
1. Designing Your Dream Robot
 Design your dream robot using readily available materials such as pen, 
pencil, paper, cardboard, etc. Label the parts of your designed robot and add a 
description on a separate sheet explaining what your robot does.
2. Discuss different systems in groups and sort them into either Robotic or Non-
Robotic Systems. Give justification for your classification. Share your findings 
with other groups.
SUBSYSTEMS OF A ROBOT
Robots rely on interconnected subsystems for autonomy and task execution. This 
section explores key components such as sensing, actuation, control, and power 
systems. Knowing these subsystems helps you understand how robots perceive their 
environment, make decisions, and perform physical actions.
Robotic subsystems are the fundamental components that make up a robot. They 
work together to enable the robot to function effectively. Robots encompass various 
subsystems that enable their autonomy and task performance. These subsystems work 
together in a coordinated manner to enable the robot to perform tasks and interact 
with the environment. 
After the robot has been powered using the power subsystem, the sensing subsystem 
perceives the environment, providing feedback to the control subsystem. The control 
subsystem processes the sensor data, makes decisions, and generates commands for the 
actuating subsystem. The actuating subsystem then actuates effectors to perform 
physical actions, allowing the robot to interact with objects and the surrounding 
environment. 
Effectors are end tools attached to actuators. Examples of effectors include grippers, 
end-of-arm tooling (EOAT), vacuum suction cups, cutting tools, welding torches, spray 
nozzles, dispensing nozzles, etc. 
This continuous loop of sensing, processing, and actuation facilitates the robot’s 
functionality and enables it to complete tasks autonomously or under human guidance. 
By integrating these subsystems and ensuring their proper coordination, robots can 
adapt to varying conditions, navigate environments, manipulate objects, and perform 
complex tasks, enhancing their usefulness across various industries and applications."
Explain key concepts from Robotics (robotics (8).pdf) - Page 10,"10
ROBOTS AND SOCIETY 1 SECTION 2
The main subsystems of robots are:
i. The sensing subsystem
 Like the sensory organs of the human body (such as eyes, ears, nose, and skin), 
the sensing subsystem of a robot perceives and collects information about the 
environment. A sensor is a device that detects a change in the environment 
and sends a signal to the processor for further action. Sensors such as cameras, 
LiDAR, proximity sensors, and touch sensors provide input that helps robots 
make informed decisions based on the data they gather.
ii. The control subsystem
 Like the nervous system in humans, the control subsystem processes sensory 
information, makes decisions, and coordinates the actions of the robot’s 
components. The control system governs the overall operation of the robot. It 
includes hardware and software components responsible for processing sensor 
data, generating control signals for the actuation system, and coordinating the 
robot’s actions. The control system enables robots to make decisions and execute 
tasks based on their programmed instructions. It usually consists of a processor 
and channels through which it transmits data or instructions to other components 
or subsystems.
iii. Actuation subsystem
 Comparable to the muscular system in humans, the actuating subsystem of a robot 
generates physical movements or actions based on commands from the control 
system. The actuation system provides robots with the capability to physically 
interact with the environment. It comprises motors, servos, hydraulics, or other 
mechanisms that generate motion and enable robots to manipulate objects, 
navigate their surroundings, or perform specific tasks. 
iv. Power subsystem
 Resembling the cardiovascular system in humans, the power subsystem provides 
energy to the other subsystems of the robot, enabling them to function and 
perform tasks. It may consist of batteries, fuel cells, or other power sources, along 
with the necessary circuits and distribution mechanisms to ensure the robot’s 
proper functioning. The power subsystems supply electrical energy to the robot’s 
actuators, sensors, and controllers, ensuring their proper functioning. They may 
also include mechanisms for recharging or replenishing energy sources."
Explain key concepts from Robotics (robotics (8).pdf) - Page 11,"11
ROBOTS AND SOCIETY 1 SECTION 2
Fig. 2.3: The subsystems of a robot"
Explain key concepts from Robotics (robotics (8).pdf) - Page 12,"12
ROBOTS AND SOCIETY 1 SECTION 2
Activity 2.2
Fig. 2.4 Subsystems of a robotic vacuum cleaner ().
a. Carefully examine the provided technical description of a robot vacuum 
cleaner in Fig. 3.4 and classify each of its labelled parts under the robot’s 
main subsystems (sensing, control, actuation, and power).
b. Provide justification for each category by briefly explaining why it belongs to 
that specific subsystem.
c. Present their results using at least one of the following methods:
i. Chart/Table: Fill out a chart or table with columns for “Part Name,” 
“Subsystem,” and “Justification.”
ii. Annotated List: Create a list of parts with annotations beside each one, 
specifying its subsystem and justification.
iii. Mind Map: Develop a mind map with the central theme “Robot 
Vacuum Cleaner Subsystems.” Branch out from the centre, listing each 
subsystem and its corresponding parts with justifications.
iv. Create a short presentation explaining the classification of parts and the 
role of each subsystem in the robot vacuum cleaner’s operation."
Explain key concepts from Robotics (robotics (8).pdf) - Page 13,"13
ROBOTS AND SOCIETY 1 SECTION 2
/gid00020/gid00047/gid00028/gid00045/gid00047
/gid00020/gid00032/gid00041/gid00031/gid00001/gid00046/gid00036/gid00034/gid00041/gid00028/gid00039/gid00001/gid00047/gid00042/gid00001
/gid00028/gid00048/gid00047/gid00042/gid00040/gid00028/gid00047/gid00036/gid00030/gid00001/gid00050/gid00028/gid00047/gid00032/gid00045/gid00001
/gid00030/gid00042/gid00041/gid00047/gid00045/gid00042/gid00039/gid00039/gid00032/gid00045
/gid00005/gid00036/gid00046/gid00043/gid00039/gid00028/gid00052/gid00001/gid00040/gid00042/gid00036/gid00046/gid00047/gid00048/gid00045/gid00032/gid00001
/gid00046/gid00032/gid00041/gid00046/gid00042/gid00045/gid00001/gid00049/gid00028/gid00039/gid00048/gid00032
/gid00016/gid00043/gid00032/gid00041/gid00001/gid00049/gid00028/gid00039/gid00049/gid00032/gid00001/gid00033/gid00042/gid00045/gid00001
/gid00046/gid00043/gid00032/gid00030/gid00036/gid00033/gid00036/gid00032/gid00031/gid00001/gid00031/gid00048/gid00045/gid00028/gid00047/gid00036/gid00042/gid00041
/gid00047/gid00035/gid00032/gid00001/gid00049/gid00028/gid00039/gid00048/gid00032/gid00001/gid00034/gid00045/gid00032/gid00028/gid00047/gid00032/gid00045/gid00001
/gid00042/gid00045/gid00001/gid00032/gid00044/gid00048/gid00028/gid00039/gid00001/gid00047/gid00042/gid00001
/gid00047/gid00035/gid00045/gid00032/gid00046/gid00035/gid00042/gid00039/gid00031/gid01148
/gid00035/gid00028/gid00046/gid00001/gid00050/gid00028/gid00047/gid00032/gid00045/gid00001/gid00030/gid00042/gid00041/gid00047/gid00045/gid00042/gid00039/gid00039/gid00032/gid00045/gid00001/gid00045/gid00032/gid00030/gid00032/gid00036/gid00049/gid00032/gid00031/gid00001
/gid00047/gid00045/gid00028/gid00041/gid00046/gid00040/gid00036/gid00047/gid00047/gid00032/gid00045/gid00001/gid00046/gid00036/gid00034/gid00041/gid00028/gid00039/gid01148
/gid00026/gid00006/gid00020
/gid00026/gid00006/gid00020
/gid00015/gid00016
/gid00015/gid00016
/gid00016/gid00029/gid00047/gid00028/gid00036/gid00041/gid00001/gid00040/gid00042/gid00036/gid00046/gid00047/gid00048/gid00045/gid00032/gid00001
/gid00046/gid00032/gid00041/gid00046/gid00042/gid00041/gid00001/gid00049/gid00028/gid00039/gid00048/gid00032"
Explain key concepts from Robotics (robotics (8).pdf) - Page 14,"14
ROBOTS AND SOCIETY 1 SECTION 2
FUNDAMENTALS OF CONTROL PRINCIPLES IN 
AUTOMATION AND ROBOTICS: 
FEEDBACK AND NON-FEEDBACK LOOP SYSTEM
In the world of automation and robotics, control systems play a crucial role in ensuring 
machines operate efficiently and accurately. Control systems are essential in regulating 
processes and ensuring desired outcomes in the functioning of robots and machinery 
in general. Understanding the principles of control systems is essential for individuals 
interested in and want to further explore robotics and automation. 
In this lesson, your teacher will help you to understand the fundamentals of control 
principles, focusing on the two main types of control systems; non-feedback loop and 
feedback loop control systems which are crucial aspects of robotics, automation, and 
process control. By the end of this section, you will be able to differentiate between 
feedback and non-feedback loop systems and to classify control systems effectively.
CONTROL SYSTEMS
A Control System is a collection of mechanical or electronic components that directs, 
instructs, controls, or monitors the actions of other systems, devices, or processes. A 
control system is made up of three main components: a sensor, a controller, and an 
actuator. 
• The sensor detects a physical quantity such as temperature, pressure, or position, 
and converts it into an electrical signal. 
• The controller processes this signal and generates an output signal used to control 
the actuator. 
• The actuator is a device that translates the output signal from the controller into 
a physical action, such as opening or closing a valve, turning a motor on or off, or 
adjusting the speed of a motor.
Control systems in robotics are like the brains that help robots decide what to do and 
how to do it. These systems take in information (inputs), such as commands you might 
give or data from sensors, and then tell the robot how to respond (outputs). This could 
involve moving parts of the robot, starting, or stopping motors, or adjusting sensors. 
Control systems allow robots to perform tasks by themselves, making sure that they act 
accurately and consistently."
Explain key concepts from Robotics (robotics (8).pdf) - Page 15,"15
ROBOTS AND SOCIETY 1 SECTION 2
Examples of control systems are:
1. Automatic doors: These systems use sensors to detect movement and open or 
close doors accordingly.
2. Automatic sprinkler/irrigation systems: They monitor soil moisture levels 
and adjust watering schedules to maintain optimal plant health and conserve 
water.
3. Lighting systems with motion sensors: These systems activate or deactivate 
lights by detecting motion in their vicinity.
There are two main types of control systems. They are:
1. Feedback loop control system (also known as closed-loop control system)
2. Non-feedback loop control system (also known as open loop control system)
Feedback Loop Control Systems
Feedback loop control systems, also known as closed-loop control systems, are control 
systems that incorporate a feedback mechanism to continuously monitor and adjust 
output based on a comparison with a desired value or reference input. 
In feedback loop systems, the output is fed back and compared with the desired value, 
and any differences or errors are used to generate a corrective action to regulate and 
maintain the output at a desired level.
In robotics, a closed-loop control system refers to a system in which feedback from 
sensors is used to continuously monitor and adjust the robot’s behaviour.
Imagine you have a robot that can move around a room. Now, let us say you want the 
robot to follow a line on the floor. How does the robot know if it is staying on the line 
or if it is drifting away?
This is where a closed-loop control system comes in. Think of it like this: the robot has 
a special sensor underneath it that can ‘see’ the line on the floor. This sensor sends 
information to the robot’s brain, like how your eyes send information to your brain.
Now, the robot’s brain is like a computer. It takes the information from the sensor and 
decides what the robot should do next. If the sensor detects that the robot is drifting 
away from the line, the brain tells the robot to adjust its wheels to get back on track. 
The robot keeps checking the sensor and adjusting it repeatedly, like a loop. That is 
why it is called a closed-loop control system. It is like the robot is always checking itself 
and making sure it is doing what it is supposed to be doing.
So, a closed loop control system in robotics is when a robot uses sensors to gather 
information about its surroundings and then uses that information to adjust its actions 
in real-time. It is like a smart robot that can stay on track and do its job effectively."
Explain key concepts from Robotics (robotics (8).pdf) - Page 16,"16
ROBOTS AND SOCIETY 1 SECTION 2
See demonstration: https://youtu.be/lnP32gzHdvI  
 
Key Characteristics of Feedback Loop Control 
Systems
The table below shows the key characteristics of feedback loop control systems.
Table 2.1 Key characteristics of feedback loop control systems
Continuous monitoring Feedback loop systems continuously monitor 
the output to compare it with a desired value or 
reference input.
Error detection These systems detect errors or deviations between 
the system output for a given reference input and 
the desired output value for the same reference 
input.
Adjustment and error 
correction
Feedback loop systems generate corrective actions 
or adjustments based on the detected errors or 
deviations to regulate and maintain the output at 
desired levels. Systems that can dynamically adjust 
their behaviour based on feedback, allowing for 
self-correction and adaptation, are known as Self-
correcting Systems.
Components of Feedback Loop Systems
Feedback loop systems, like any other system, consist of a set of components such 
as the reference input, error signal, control element, control signal, actuator, and the 
feedback signal.
Reference input
The reference input (or input for short) is a signal intended to drive a desired output 
value or set point that the feedback loop system aims to achieve. It is the input 
deliberately channelled through the system targeting a specific system’s performance. 
The controller compares the actual output with an ideal expected output to the reference 
input and measures feedback(error) to generate the control signal."
Explain key concepts from Robotics (robotics (8).pdf) - Page 17,"17
ROBOTS AND SOCIETY 1 SECTION 2
Error signal
The error signal is the difference between the reference input and the feedback 
information. It represents the deviation or error between the desired (reference input) 
and actual system performance. The error signal serves as the basis for the controller 
to generate the appropriate control action.
Controller (control element)
In a feedback loop system, a controller is a crucial component responsible for processing 
the feedback received from sensors and determining the appropriate actions to achieve 
the desired outcome or setpoint. The controller acts as the “brain” of the system, 
making decisions based on the feedback it receives and sending commands to the 
system’s actuators to adjust its behaviour accordingly. It receives information from the 
sensor and compares it to the desired output value with reference to the reference 
input. Based on this comparison, the controller generates a control signal or action that 
is sent to the actuator to adjust the plant’s behaviour.
Control signal (manipulating variable)
The control signal is generated by the controller based on the comparison between the 
desired value and the feedback information. It represents the corrective action needed 
to regulate or adjust the plant’s behaviour. The control signal is sent to the actuator to 
effect the necessary changes.
Actuator
The actuator is responsible for translating the control signal from the controller into 
physical action or manipulation. It could be a motor, a valve, a heating element, or any 
device that can modify the plant’s state or behaviour.
Feedback Signal/Path
The feedback signal/path feeds the output of the actuator back to the controller. It 
provides information on the actual performance or output of the system to compare 
with the desired value with respect to reference input. This feedback enables the 
controller to adjust and regulate the system.
Fig. 2.5 The structure of a feedback loop control system."
Explain key concepts from Robotics (robotics (8).pdf) - Page 18,"18
ROBOTS AND SOCIETY 1 SECTION 2
Figure 2.5 illustrates a feedback loop control system (or closed loop control system). 
The reference input sets the desired output for the system. The sensor plays a critical 
role by continuously measuring the system’s actual output. This measured value is fed 
back to the controller. The controller compares the actual output (feedback signal) 
with the desired output (reference input) to calculate the error signal. This error signal 
represents the difference between what the system is doing and what it is supposed to 
be doing. Based on this error, the controller generates a control signal that is sent to the 
actuator. The actuator translates this control signal into physical action, adjusting the 
system’s behaviour to reduce the error and bring the actual output closer to the desired 
output. 
This continuous cycle of measurement, comparison, adjustment, and measurement 
again ensures the system maintains the desired performance. By utilising feedback 
loops, systems can achieve stability, accuracy, and regulation of the desired output. 
A Real-World Example of a Feedback Loop Control 
System
Figure 2.6 Air conditioner as a feedback loop control system 
Imagine a home cooling system with a thermostat like an air conditioner. Air 
conditioners are devices designed to regulate indoor temperature and humidity levels, 
providing thermal comfort to the occupants. Air conditioners extract heat from the 
indoor air and transfer it to the outdoors, thereby cooling the interior space.
The thermostat (sensor) monitors the room temperature and compares it to the set 
point (desired temperature). If the room temperature is higher than the set point, the 
thermostat sends a signal to the air conditioner to turn on. The air conditioner cools 
the room, which causes the temperature to decrease. The thermostat continuously"
Explain key concepts from Robotics (robotics (8).pdf) - Page 19,"19
ROBOTS AND SOCIETY 1 SECTION 2
monitors the temperature and sends a signal to the air conditioner to adjust its output 
(cooling capacity) based on the room temperature. Once the room temperature reaches 
the set point, the thermostat sends a signal to the air conditioner to turn off or reduce 
its output.
This continuous process of monitoring, adjusting, and controlling the room temperature 
is a classic example of a negative feedback loop. 
Non-Feedback Loop Systems
Non-feedback loop systems, also known as open-loop systems, are control systems 
where the output does not influence or affect the control action. In these systems, the 
control action or output is determined solely based on the input or pre-determined 
instructions without actively monitoring the output. 
Non-feedback loop systems operate in a one-way fashion, where the output is not 
fed back for comparison or adjustment. Examples include electric bulbs, non-smart 
televisions, traffic light systems, etc.
Imagine a robotic arm that is programmed to pick up an object from a specific location 
A and move it to another location B. The robot is given a set of instructions (input) that 
include:
Figure 2.7 An illustration of a robot picking an object from location A to B.
The robot executes these instructions (process) without any feedback or monitoring 
(output) to ensure that the object has been successfully picked up or placed in the 
correct location. If the object is not in the expected location or the robot encounters 
an obstacle, the robot will not adjust its actions (no feedback loop) and may fail to 
complete the task.
In this scenario, the robotic arm is an example of an open-loop system/non-feedback 
loop system, as it does not use feedback to adjust its actions in real-time. This can 
lead to errors and inaccuracies, especially in complex or dynamic environments. Non-
feedback loop systems are often used in robotics for simple, repetitive tasks where the 
output requirements are well-defined, and there is no need for continuous monitoring 
or adjustments based on feedback."
Explain key concepts from Robotics (robotics (8).pdf) - Page 20,"20
ROBOTS AND SOCIETY 1 SECTION 2
Key Characteristics of Non-feedback Loop Systems
Understanding the key characteristics of non-feedback or open-loop systems is crucial 
for designing and analysing control systems in various fields including engineering, 
robotics, and automation. You are going to explore the defining features of open-
loop systems, including their lack of feedback, one-way communication, and limited 
adaptability. 
The table below shows the characteristics of a non-feedback loop control system.
Table 2.2 Key characteristics of non-feedback or open loop control system
No feedback loop There is no feedback from the output 
to the input to adjust the control 
action.
One-way communication Information flows only in one 
direction, from input to output, 
without any return path.
No real-time monitoring The system does not continuously 
monitor its output or performance.
No automatic adjustment The system does not adjust its 
control action based on output or 
performance.
Pre-programmed instructions The system follows a pre-defined set 
of instructions or algorithms without 
adapting to changing conditions.
No-self correctness The system does not correct its errors 
or deviations from the desired output.
Limited adaptability Open-loop systems are not very 
adaptable to changing conditions or 
unexpected disturbances.
Predictable output The output is predictable based on 
the input and the pre-programmed 
instructions.
Components of Non-feedback or Open Loop Control 
Systems
i. Input
 The signal or data that is sent to the system to start a certain operation or action 
is known as the input. It could be any other input data needed for the system to 
operate, or it could be a predetermined instruction with a set of parameters."
Explain key concepts from Robotics (robotics (8).pdf) - Page 21,"21
ROBOTS AND SOCIETY 1 SECTION 2
ii. Controller
 The controller is in charge of interpreting the input and producing the control 
action following the preset guidelines. It controls the system’s behavior and how 
it reacts to input. The controller can be implemented in many ways, including 
mechanical mechanisms, software algorithms, and electrical circuits. 
iii. Actuators
 Actuators are the parts that carry out the controller’s instructions for the physical 
actions or operations. After receiving the control signals from the controller, they 
convert them into electrical impulses, mechanical motions, or other forms of 
energy needed to carry out the intended task. 
iv. Output
 The outcome or consequence of the system’s operation, depending on the input 
and the control action, is known as the output. It may manifest as a motion, a 
signal that is generated, a particular output value, or any other output attribute 
that the system specifies. 
Figure. 2.8 The structure of a non-feedback loop control system (Chandni et al, 2017) 
Non-feedback loop control systems are commonly found in applications where the 
output requirements are well-defined, and there is no need for continuous monitoring 
or adjustments based on feedback. 
Real-world example: A pop-up toaster 
A pop-up toaster is a classic example of a non-feedback loop system. Here is a breakdown 
of its components and operation: 
• Input: You place bread slices into the toaster (providing the initial input). 
• Controller: The toaster has a built-in timer or a predetermined heating element 
setting (acting as the controller). This determines the toasting duration or level of 
heat applied. 
• Actuator: The heating elements inside the toaster function as the actuator. They 
receive the “on” signal from the controller and generate heat. 
• Output: The toasted bread (slightly browned and warm) is the final output. 
A pop-up toaster is a typical example of a non-feedback loop system because the 
desired outcome is well-defined: toasting bread to a predetermined level of crispness. 
There is no need for the toaster to constantly monitor the bread’s temperature and 
adjust the heating based on feedback. The timer or fixed heating element setting"
Explain key concepts from Robotics (robotics (8).pdf) - Page 22,"22
ROBOTS AND SOCIETY 1 SECTION 2
ensures consistent results (though slight variations might occur due to bread type or 
environmental factors). 
Figure 2.9 A pop-up toaster as a non-feedback loop system.
EVALUATING LOGIC AND LOOP DIAGRAMS IN 
CONTROL SYSTEMS DESIGN
In designing robot control systems, logic plays a key role. Logic helps robots make 
decisions based on comparing collected data with the expected data. This is similar to 
how you solve puzzles by reasoning through the steps. So, you can see that logic is used 
in robotics for decision-making. It allows robots to evaluate situations based on a set 
of programmed rules and conditions. For example, if a robot is faced with an obstacle, 
logic can help it decide whether to go around it, over it, or turn back. Logic provides a 
clear set of instructions that the robot can follow to perform tasks.
To visualise how information flows and actions are coordinated within these systems, 
we use loop diagrams and logic diagrams. These are fundamental tools that help robots 
make decisions and perform tasks without constant human intervention.
Practical Application of a Logic Diagram
Imagine you are creating a smart light system for your bedroom. You want the light to 
turn on when you enter the room and turn off when you leave. Also, you want the light 
to stay off if it is already daylight."
Explain key concepts from Robotics (robotics (8).pdf) - Page 23,"23
ROBOTS AND SOCIETY 1 SECTION 2
To design this system, you will need to understand and use logic diagrams.
 
 
motion detector 
(motion signal) 
light sensor 
(light signal) 
light threshold 
comparator 
turn ON 
light 
 
motion detected 
light level is low 
turn ON 
light 
TRUE 
 
FALSE 
 
Figure 2.10 
/gid00020/gid00047/gid00028/gid00045/gid00047
/gid00021/gid00048/gid00045/gid00041/gid00001/gid00042/gid00041/gid00001/gid00039/gid00036/gid00034/gid00035/gid00047/gid00021/gid00048/gid00045/gid00041/gid00001/gid00042/gid00514/gid00001/gid00039/gid00036/gid00034/gid00035/gid00047
/gid00014/gid00042/gid00047/gid00036/gid00042/gid00041/gid00001/gid00005/gid00032/gid00047/gid00032/gid00030/gid00047/gid00032/gid00031/gid01148
/gid00010/gid00046/gid00001/gid00036/gid00047/gid00001/gid00031/gid00028/gid00052/gid01148
/gid00026/gid00006/gid00020
/gid00015/gid00016 /gid00015/gid00016
/gid00015/gid00016
Fig. 2.11 Basic flowchart of a control system which regulates a motion sensory light
LOGIC DIAGRAMS
Logic diagrams are graphical representations that show how different inputs (like 
motion or light sensors) lead to specific outputs (like turning the light on or off). They 
represent logical relationships between variables, expressions, or operations. Think of 
them as visual guides that help you plan how a system will respond to different stimuli."
Explain key concepts from Robotics (robotics (8).pdf) - Page 24,"24
ROBOTS AND SOCIETY 1 SECTION 2
Some of the basic elements in logic diagrams may include Logic Gates, Symbols, 
Connections, Truth Tables and Composite Circuits.
Table 2.4: The various elements of a logic system and their descriptions 
Elements in  Logic 
Diagrams
Description
Logic Gates A logic gate is a device that executes a logical operation 
performed on one or more binary inputs that produces 
a single binary output. These are the fundamental 
components that perform basic logical operations. These 
logical operations check/test the conditions of two or 
more statements before making a decision. Typical logic 
operations include AND, OR, NAND, NOR and XOR.
Symbols Each type of logic gate and operation has a specific symbol 
to make the operation they perform easy to understand. 
Connections Lines connecting the symbols show how the inputs to logic 
gates interact to perform their logic operations.
Truth Tables Truth tables are used to show how different combinations 
of inputs on the logic operator interact to produce specific 
outputs. In other words, it gives a relationship between 
input connections and the resulting outputs.
Composite Circuits More complex systems use multiple inputs and outputs. 
This requires the combination of multiple logic gates to 
handle various logic conditions.
CONTROL LOGIC DIAGRAMS
A control logic diagram is a specialised type of logic diagram used to depict the control 
logic of a system, typically within the context of automation, machinery, or process 
control. These diagrams show how control elements like sensors, actuators, controllers, 
and other components interact to regulate and control the operation of a system.
Logic diagrams and control logic diagrams differ in their lines of operation. Logic 
diagrams focus on logical relationships and digital circuitry, but control logic diagrams 
emphasise control strategy and mechanisms for regulating system behaviour. 
Components of a Control Logic Diagram 
Some components of a control logic diagram are given below.
1. Symbols: Symbols in the control logic diagrams represent different control 
devices and components. Examples include shapes such as rectangles, circles,"
Explain key concepts from Robotics (robotics (8).pdf) - Page 25,"25
ROBOTS AND SOCIETY 1 SECTION 2
triangles, and diamonds. These symbols also have specific meanings. For example, 
rectangles may represent input or output devices.
2. Connections: A connection indicates the flow of control signals or logic between 
different components. Lines and arrows are used to connect the symbols. Every 
connection has its own representation.
3. Control devices: Sensors, motors, actuators and switches are typical control 
devices used in the control logic diagram. These devices are responsible for the 
measurement and control of variables within a control system.
4. Logic elements: They are the decision-making parts of control logic, or logic 
gates. They pick up inputs and give out reasonable outputs based on the meaning 
derived from the logic operation. Some examples include AND and OR gates and 
Programmable Logic Devices (PLDs).
5. Sequential logic: Sequential logic systems are designed to operate in sequential 
steps with the outputs depending on the current or previous state of the input. 
Examples of sequential logic elements are flip-flops, latches, state machines, 
and timing circuits. These elements enable the system to respond to changing 
conditions or events over time.
6. Feedback loops: Feedback loops regulate system behaviour and maintain desired 
set points or operating conditions. The output points are compared to the reference 
points in implementing the feedback loop. Feedback loops provide information 
about the system’s output or performance, which is used to adjust control actions 
and/or maintain stability.
7. Interlocks and safety systems: Interlocks and Safety Systems are measures 
implemented in logic systems to avoid harmful situations. Although not all 
control logic diagrams have interlocks and safety systems, their inclusion may 
prevent hazardous conditions or protect equipment and personnel. Examples are 
pressure switches and alarms.
Representation of Control Logic Diagrams
Logic diagrams can be represented in several ways, each with its advantages and 
applications. Some common ways to represent logic diagrams include flowcharts, 
Ladder Diagrams (LDs), Karnaugh Maps (K-maps), State Diagrams and Truth Tables. 
However, this section discusses the use of flowcharts.
Flowchart diagrams
You already know that algorithms are a step-by-step logical approach to solving a 
problem or completing a task. Flowchart diagrams can also be used to represent the 
steps in an algorithm. In a flowchart diagram the steps are presented graphically using 
shapes and connecting lines. The shapes represent actions, decisions, inputs, and 
outputs. The connecting lines show the flows between and among the shapes. The 
connecting lines sometimes have arrows, which give the direction of flow."
Explain key concepts from Robotics (robotics (8).pdf) - Page 26,"26
ROBOTS AND SOCIETY 1 SECTION 2
So, in summary a flowchart is a powerful tool used in control system design to visually 
represent the decision-making process and the direction of flow in the system. It 
involves a visual representation of a process using symbols. 
By connecting these symbols with arrows, flowcharts create a clear, step-by-step 
illustration of how a system operates logically.
Table 2.5: Basic flowchart symbols, names and their function
Symbol Name Function 
Start/End Also known as the “Terminator Symbol,” 
this symbol represents the start points, 
end points, and potential outcomes of 
a path. Often contains the description 
“Start” or “End” within the shape.
Arrows It is used to guide the viewer along their 
flowcharting path and the direction of 
flow of the logic being implemented. 
Input /output Also referred to as the “Data Symbol,” this 
shape represents data that is available for 
input or output as well as representing 
resources used or generated. While the 
paper tape symbol also represents input/
output, it is outdated and no longer in 
common use for flowchart diagramming.
Process The process symbol is the most common 
component of a flowchart and indicates a 
step in the process.
Decision Indicates a question to be answered — 
usually yes/no or true/false. The flowchart 
path may then split off into different 
branches depending on the answer or 
consequences thereafter.
Connector Usually used within more complex charts, 
this symbol connects separate elements 
across one page.
Annotations It seeks to ask and answer questions 
among team members or communicate 
implementation details as a flowchart is 
developed."
Explain key concepts from Robotics (robotics (8).pdf) - Page 27,"27
ROBOTS AND SOCIETY 1 SECTION 2
Representation of a control system using a flowchart
To represent a control system with a flow chart, follow the steps below:
1. Step 1: Define the problem: 
 When you are representing a system using a flowchart you start by identifying the 
control system’s purpose. 
• What does the system control (is it temperature, water level, robot movement)? 
• What sensors does it use to gather information (e.g., temperature sensor, 
pressure gauge, camera)?
• What actuators does it control to influence the system (e.g., heater, valve, 
motor)?
2. Step 2: Identify inputs, processes, and outputs 
 Determine the inputs, the processes (controllers) and the desired outputs for the 
control system.
3. Step 3: Develop the flowchart
 Use the appropriate flowchart symbols to represent each step of the workflow 
of the control system. Connect the symbols with arrows to show the flow of 
execution.
• Break down and list all the major steps involved in the process.
• Arrange the steps in a logical sequence and identify any loops or repetition 
processes.
• Use standard flowchart symbols to represent different elements.
• Connect the symbols with arrows to show the flow of the process.
• Label each process box with the correct action.
• Label decision diamonds with conditional statements such as a “Yes” or “No” 
or “True” or “False.
4. Step 4: Test the flowchart
 Follow the flowchart step-by-step, to verify the logic and ensure that it produces 
the desired outputs for different scenarios.
Example Flowchart Design: An automated coffee-brewing 
machine making coffee 
1. Switch ON
2. Sensor detects if the bean hopper is full
3. If the beans hopper is empty refill the beans hopper
4. If the beans hopper is full grind beans 
5. If the water reservoir is full brew the coffee
6. If the water reservoir is not full, refill the water reservoir"
Explain key concepts from Robotics (robotics (8).pdf) - Page 28,"28
ROBOTS AND SOCIETY 1 SECTION 2
7. Dispense the Coffee
8. Switch OFF
These actions can now be used to draw a flowchart by matching the action with the 
correct flowchart symbol. Read through the following to see how this has been done.
1. Start
 Switch ON. This will be represented by an oval shape since oval shapes represent 
the START of a process.
2. Check if Bean Hopper is full 
 The weight of the bean hopper is compared to the full weight value. If it is full the 
next state is entered. If the bean hopper is not full, then the bean hopper is filled 
with coffee beans. Because it is a decision the diamond shape is used.
3. Grind Beans
 The coffee beans are ground and then the next state is entered. The rectangle is 
used to depict that this state of the operation is a process.
4. Check if the Water Reservoir is full
 The processor compares the volume of water in the reservoir to the full volume. 
This step involves a DECISION being made by the system and hence, it is presented 
by a ‘Diamond’ shape. If empty, refill the reservoir, if the reservoir is full then 
move to the next state.
5. Brew Coffee
 The coffee brewing process is initiated. This stage is represented with a process 
symbol.
6. Dispense Coffee
 The coffee is finally ready to be served. 
7. End
 Switch OFF. This is represented by an oval shape since oval shapes represent the 
end of a process."
Explain key concepts from Robotics (robotics (8).pdf) - Page 29,"29
ROBOTS AND SOCIETY 1 SECTION 2
Putting the symbols together, the basic flowchart for the control system will be 
represented as in Figure 2.12.
Fig. 2.12 Basic flowchart diagram for design of an automated coffee-brewing machine making coffee 
LOOP DIAGRAMS
Loop diagrams provide a visual representation of the flow and interaction of components 
in a control system. They show the stages and steps in a loop, the flow of information, 
including measurements, error calculations, and control action, helping to visualise 
how a process is controlled. 
The difference between a loop diagram and a flowchart is important. In a loop diagram 
the focus is on the iteration process. Iteration simply means ‘repeating’ and that is 
exactly what a loop does, it leads back to the start, so the process continues. A flowchart 
is a much more general tool which describes the flow or process of a system as a series 
of actions or steps."
Explain key concepts from Robotics (robotics (8).pdf) - Page 30,"30
ROBOTS AND SOCIETY 1 SECTION 2
There are two types of loop diagrams used in control systems. The open loop diagram 
and closed loop diagram.
The main difference between an open and closed loop diagram is the presence of 
feedback.
Open Loop
The system operates without feedback, meaning the output is not influenced by the 
input. It’s simpler and known as a non-feedback system. A household toaster is a 
good example of a non-feedback system because bread is toasted to a set time without 
any feedback on the condition of the bread. If the bread is dry and hard the set time 
might produce burnt toast.
Closed Loop
The system uses feedback to continuously adjust and optimise its operation based on 
the input, making it more stable and consistent. It is known as a feedback system. A 
sensor controlled thermostat in a heating system is a great example of where feedback is 
used to continuously adjust and optimise the operation of the heater or air conditioner. 
You know that the thermostat uses a temperature sensor, and this monitors the room 
temperature and provides the feedback to switch the heater or cooler on.
Feedback and Non-Feedback Loop Diagram
1. A closed loop diagram for a control system
 A closed loop control system regulates a system’s behaviour based on feedback 
from its output, ensuring that it operates as close to the desired set point as 
possible. It functions to adjust itself to minimise errors that may occur.
Fig. 2.13 A feedback loop control system
2. Open loop diagram for a control system
 An open loop control system does not use feedback from the output to regulate or 
adjust the input. Instead, the system uses only the predetermined control actions 
based on the system’s input or set point."
Explain key concepts from Robotics (robotics (8).pdf) - Page 31,"31
ROBOTS AND SOCIETY 1 SECTION 2
Figure 2.14: A non-feedback loop control system
Elements in Loop Diagrams
Each element used in a loop diagram has a meaning. Like flowcharts the elements are 
represented by shapes and lines. 
These are the key elements in loop diagrams:
1. Blocks
 Rectangular boxes represent system components such as sensors, controllers, 
actuators, and processes (plant).
Fig. 2.15 Rectangular Block represents system components in a Loop Diagram
2. Lines
 Lines indicate flow. Solid lines are used to represent the flow of information or 
control signals while dashed lines signify power connections.
Fig. 2.16 Solid and Dashed Lines used in Loop Diagrams
3. Circular shapes
 Circular shapes in loop diagrams are less common than rectangular blocks, but 
they are used to represent the following: 
a. Summation Point: A circle with multiple lines entering it can represent a point 
where several signals are summed or averaged before proceeding further in 
the loop. This might be used, for example, to combine data from multiple 
temperature sensors in a building automation system."
Explain key concepts from Robotics (robotics (8).pdf) - Page 32,"32
ROBOTS AND SOCIETY 1 SECTION 2
b. Logic Operation: In some loop diagram notations, a circle can signify a logical 
operation like AND, OR, or NOT. This would be like how logic gates are 
represented in logic diagrams. For instance, a circle with “AND” written inside 
could indicate that two conditions need to be met (signals entering the circle) 
before a certain action is taken.
c. Special Process: Occasionally, a circle might be used to represent a specific 
process within the control loop that is too complex to depict with a simple 
block. This could be a mathematical function, a lookup table, or another sub-
system with its internal workings. The circle would have a label explaining its 
function.
Fig. 2.17 Circular Shape used in a Loop Diagram.
What to consider when using Loop Diagrams to 
represent control systems
Consider the following when using Loop Diagrams:
1. Signal flow representation
 Loop diagrams should clearly show the flow of signals within the loop, for example 
between different components, such as sensors, controllers, actuators, and from 
any power sources.
2. Feedback connections
 The presence and proper representation of feedback connections in loop diagrams 
are crucial for understanding how the system adjusts and regulates its behaviour 
based on feedback information.
3. Clarity and completeness
 Loop diagrams should be clear and complete, ensuring that all relevant components 
and connections within the control loop are accurately represented."
Explain key concepts from Robotics (robotics (8).pdf) - Page 33,"33
ROBOTS AND SOCIETY 1 SECTION 2
Fig. 2.18 A closed loop diagram of an automatic electric iron
Representation of a Control System using a 
Flowchart
Creating a logic diagram for a control system involves a series of steps to ensure accurate 
representation of the process and effective communication of the control logic. Here 
are the detailed steps:
 Step 1: Gather Information about the Process
• Gain a thorough understanding of the process you are controlling. This includes 
the sequence of operations, conditions that initiate or terminate actions, and 
any safety or operational constraints. This is where you identify all the inputs 
(sensors) and outputs (actuators) involved in the process and clearly define 
the conditions under which the process starts, stops, or changes state.
 Step 2: Identify the Specific Instruments Involved and Connect Them to the 
Control System
• Identify all the specific devices used in the process, such as sensors, actuators, 
controllers, and interfaces and understand how these instruments are connected 
to the control system, including wiring, signal types, and communication 
protocol.
 Step 3: Choose the Appropriate Tool for the Design
• Decide on the tools you will use to create the logic diagram. Common tools 
include paper, pen, and pencil for initial drafts. Software tools like CAD 
programs, diagramming software (e.g., Microsoft Visio, Lucidchart), or 
specialised control system design softwares can be used for more complex 
design.
 Step 4: Develop the Loop Diagram Layout
• Use standard symbols discussed above such as blocks, lines, and circular 
shapes to represent each instrument and component. Symbols should conform 
to industry standards (e.g., ISA-5.1 for instrumentation symbols). Draw 
connections between the symbols to illustrate the control logic. Use lines or 
arrows to indicate the flow of signals and actions. Label each symbol and 
connection clearly, indicating signal types, operational states, and any relevant 
details such as setpoints or thresholds."
Explain key concepts from Robotics (robotics (8).pdf) - Page 34,"34
ROBOTS AND SOCIETY 1 SECTION 2
 Step 5: Maintain Clarity and Consistency
• Organise the diagram in a logical manner, ensuring that the flow of control 
is easy to follow from start to finish. Use consistent labelling conventions 
throughout the diagram. This includes using the same terminology, symbols, 
and abbreviations.
 Step 6: Do a Peer Review with a Learner to Finalise the Design
• Present the logic diagram to a peer or learner who is familiar with the process 
but not directly involved in the design. This helps identify any unclear or 
ambiguous elements.
Activity 2.3
1. Follow the steps below to design a loop diagram to represent the control 
system for a home cooling system which regulates room temperature. Share 
and compare your diagrams with other learners.
 Step 1. Gather information about the process that is being controlled.
 Step 2. Identify the specific instruments involved and connect them to the 
control system.
 Step 3. Choose the appropriate tool for the design (paper, pen, pencil).
 Step 4. Develop the loop diagram layout i.e. using standard symbols to 
represent specific instruments and connecting them appropriately.
 Step 5. Maintain clarity and consistency i.e. ensure the diagrams are clearly 
labelled, and logically organised to show control flows.
 Step 6. Do a peer review with other learners to finalise the design.
Activity 2.4
1.
A. Watch this simple video on how traffic light systems work at 4-way and a 
pelican crossing without pedestrians crossing the road. Here Two phase 
traffic signal Animated explanation || Traffic studies
B. Under the supervision of your teacher,  visit a nearby town with a traffic 
light system and observe how the traffic light system works.
 Precaution: Ensure road and traffic rules are strictly adhered to."
Explain key concepts from Robotics (robotics (8).pdf) - Page 35,"35
ROBOTS AND SOCIETY 1 SECTION 2
Activity 2.5
Design a flowchart and loop diagram for a basic traffic light control system for a 
pelican crossing with pedestrians crossing the road. [This activity can be done as 
an individual or in group].
Scenario
Imagine you are a traffic engineer responsible for designing a control system for 
traffic lights at a busy pelican crossing. Your goal is to ensure that vehicles from 
both directions can pass and also allow pedestrians to cross safely and efficiently, 
without causing traffic jams or accidents. To achieve this, you will design a 
flowchart and a loop diagram to outline the steps and logic the traffic light control 
system will follow.
The Traffic Flow
The intersection has 2 approaches labelled A and B to indicate the direction of 
vehicles, and direction C and D to indicate pedestrians crossing the road. Each 
approach can have a red, yellow, or green light, and the lights will change in a 
specific sequence to control the traffic flow.
Materials needed: Pen, pencil, paper
a. Follow the steps below to design the flowchart for the system
 Step 1: Define the problem
 Step 2: Identify inputs, processes, and outputs 
 Step 3: Develop the flowchart
 Step 4: Test the flowchart
b. Follow the steps to design the loop diagram for the system.
 Step 1. Gather information about the process that is being controlled.
 Step 2. Identify the specific instruments involved and connect them to the 
control system.
 Step 3. Choose the appropriate tool for the design (paper, pen, pencil).
 Step 4. Develop the loop diagram layout i.e. using standard symbols to 
represent specific instruments and connecting them appropriately.
 Step 5. Maintain clarity and consistency i.e. ensure the diagrams are clearly 
labelled, and logically organised to show control flows.
 Step 6. Do a peer review with a learner to finalise the design.
Hint on system operation
• Start: This is where the system begins its operation.
• Initialise System: Set up initial conditions, such as turning on the system and 
setting all lights to red.
• Turn the green light on for approach A and B. At the same time, turn the red 
light on for approaches C, and D ( for the pedestrians).
• Allow the green light for A and B to stay on for a set period (e.g., 30 seconds).
• Yellow Light for A and B."
Explain key concepts from Robotics (robotics (8).pdf) - Page 36,"36
ROBOTS AND SOCIETY 1 SECTION 2
 Turn the yellow light on for approach A and B while keeping C, and D red.
• Allow the yellow light for A and B to stay on for a shorter period (e.g., 5 
seconds).
• Switch the light from yellow to red for the approaches A and B for a short 
while (1 second) and turn green light for the pedestrian (approaches C and 
D).
• Wait and allow the green light for C and D to stay on for a while (15 seconds).
• Now, turn on the red light for the pedestrian (i.e. approaches C and D), at the 
same time turn on the yellow light for the vehicles from the approaches A 
and B and then wait for a short while like 5 seconds).
• The process begins by looping back to “Turn the green light on for approach 
A and B. At the same time, turn the red light on for approaches C, and D ( for 
the pedestrians)”.
Comparison of Non-Feedback and Feedback Loop 
Control Systems
The table below shows the key differences between non-feedback (open-loop) systems 
and feedback (closed-loop) systems in robotics and automation.
Table 2.3 Key differences between non-feedback (open loop) systems and feedback (closed loop) systems
FEATURE NON-FEEDBACK LOOP 
CONTROL SYSTEMS
FEEDBACK LOOP CONTROL 
SYSTEMS
Definition Systems that operate without 
checking their output.
Systems that adjust themselves 
by checking their output.
Response to 
Input
Direct response without considering 
changes in output or external 
conditions.
The response includes 
adjustments based on output and 
changes in conditions.
Complexity Simpler design and operation. More complex due to 
components like sensors and 
controllers.
Cost Generally, less expensive due to 
simplicity.
More expensive due to additional 
components and technology.
Accuracy Less accurate, potential for errors 
due to lack of adjustment to external 
factors.
Higher accuracy through 
continuous adjustment to 
conditions and outputs.
Use Cases Suitable for applications where 
conditions are constant, and 
accuracy is less critical.
Ideal for applications requiring 
high precision and adaptability."
Explain key concepts from Robotics (robotics (8).pdf) - Page 37,"37
ROBOTS AND SOCIETY 1 SECTION 2
FEATURE NON-FEEDBACK LOOP 
CONTROL SYSTEMS
FEEDBACK LOOP CONTROL 
SYSTEMS
Scenarios These systems are best used where 
the input conditions are known 
and constant. For example, a non-
feedback system is suitable for 
a conveyor belt in a controlled 
environment where the speed does 
not need to change once set
Feedback systems shine in 
environments where the output 
needs constant fine-tuning. 
These systems are crucial 
in scenarios where safety, 
precision, and adaptability to 
environmental changes are 
required.
Suitability They are ideal for simple, cost-
effective solutions in stable 
environments where the output 
does not need constant adjustment. 
Examples include electric heaters 
with a fixed operating time or 
simple automated lights in a room.
They are essential in complex 
and critical applications such 
as in medical devices like 
pacemakers, where the device 
must adapt to the patient’s 
physiological conditions, or in 
automotive systems like anti-lock 
braking systems (ABS) which 
adjust braking force dynamically 
to prevent wheel lockup.
Example 
Applications
Basic household appliances like 
toasters, and simple lighting 
systems.
Thermostats, automatic pilots in 
aircraft, and industrial robotic 
arms.
Activity 2.6
1. In a group, select one of the following real-world scenarios that require a 
control system. 
• Automatically watering a potted plant 
• Automatically maintaining water temperature in a fish tank 
• Automatically regulating room temperature in an office space
• Thoroughly blending powdery ingredients 
 Identify if the selected scenario will require a feedback or non-feedback 
control system and provide justification. 
2. As a group, design the selected control system to address the scenario using 
simple materials (cardboard and straws)."
Explain key concepts from Robotics (robotics (8).pdf) - Page 38,"38
Review Questions 2.1
1. Identify a robot performing a specific task in any industry of your choice and list 
two key features of these robots.
2. Learner, look around your community, are there any non-robotic systems you can 
think of? Justify why you are classifying them as a non-robotic system.
3. With the recent influx of Self-driving (Autonomous) vehicles in the transportation 
industry, can you describe two features a self-driving car might have that a regular 
car does not have?
4. Robotic arms are replacing humans to perform tasks considered to be dangerous 
and unsafe. Mention three effectors used by these robots.
5. State and explain two (2) features that identify a true robotic subsystem."
Explain key concepts from Robotics (robotics (8).pdf) - Page 39,"39
Review Questions 2.2
1. Match the following shapes with their corresponding purpose
Shape Purpose
Input/output
Start
Process
Decision"
Explain key concepts from Robotics (robotics (8).pdf) - Page 40,"40
2. The flowchart below represents the control system of an automatic plant watering 
system. Consider it carefully and identify the key functional components of  the 
control system.
/gid00020/gid00047/gid00028/gid00045/gid00047
/gid00006/gid00041/gid00031
/gid00019/gid00032/gid00028/gid00031/gid00001/gid00040/gid00042/gid00036/gid00046/gid00047/gid00048/gid00045/gid00032/gid00001/gid00045/gid00032/gid00028/gid00031/gid00036/gid00041/gid00034/gid00001/gid00033/gid00045/gid00042/gid00040/gid00001/gid00046/gid00032/gid00041/gid00046/gid00042/gid00045
/gid00022/gid00046/gid00032/gid00045/gid00001/gid00045/gid00032/gid00043/gid00039/gid00052/gid00001/gid00030/gid00042/gid00040/gid00040/gid00028/gid00041/gid00031/gid00001/gid01152/gid01088/gid01153/gid00001/gid00042/gid00045/gid00001/gid00036/gid00034/gid00041/gid00042/gid00045/gid00032
/gid00023/gid00028/gid00039/gid00049/gid00032/gid00001/gid00042/gid00043/gid00032/gid00041/gid00001/gid00028/gid00041/gid00031/gid00001/gid00050/gid00028/gid00047/gid00032/gid00045/gid00001/gid00033/gid00039/gid00042/gid00050
/gid00015/gid00042/gid00047/gid00036/gid00033/gid00036/gid00030/gid00028/gid00047/gid00036/gid00042/gid00041/gid00001/gid00046/gid00032/gid00041/gid00031/gid00001/gid00047/gid00042/gid00001/gid00048/gid00046/gid00032/gid00045/gid00001/gid00036/gid00041/gid00001/gid00020/gid00014/gid00020
/gid00014/gid00042/gid00036/gid00046/gid00047/gid00048/gid00045/gid00032/gid00001/gid00045/gid00032/gid00028/gid00031/gid00036/gid00041/gid00034/gid00001/gid01757/gid00001/gid01092/gid01092/gid01087/gid01148
/gid00030/gid00042/gid00040/gid00040/gid00028/gid00041/gid00031/gid00001/gid00045/gid00032/gid00030/gid00032/gid00036/gid00049/gid00032/gid01142/gid00001
/gid00043/gid00045/gid00042/gid00030/gid00032/gid00032/gid00031/gid00001/gid00042/gid00045/gid00001/gid00041/gid00042/gid00047/gid01148
/gid00026/gid00006/gid00020
/gid00026/gid00006/gid00020
/gid00015/gid00016
/gid00015/gid00016
/gid00005/gid00032/gid00039/gid00028/gid00052/gid00001/gid00033/gid00042/gid00045/gid00001
/gid01093/gid00001/gid00035/gid00042/gid00048/gid00045/gid00046
/gid00005/gid00032/gid00039/gid00028/gid00052/gid00001/gid00033/gid00042/gid00045/gid00001
/gid01093/gid00001/gid00035/gid00042/gid00048/gid00045/gid00046"
Explain key concepts from Robotics (robotics (8).pdf) - Page 41,"41
Review Questions 2.3
1. A home heating system is the part of your house, which keeps you warm and 
comfortable. It includes a heater, which can be a big furnace or boiler that warms 
up air or water. This warm air or water travels through your house using pipes, 
radiators, or vents to spread the warmth everywhere. You can control this heating 
system by setting a digital thermostat to the required temperature, which tells the 
heating system when to turn it on or off based on the temperature you set. Once 
the rooms get to the temperature you set, the heating system switches off. 
 Explain why the thermostat makes this home heating system an example of a non-
feedback loop control system.
2. Match the following terms with their definitions: 
Term Definition
Reference input The result of a system’s operation. 
Error signal A signal used to initiate a specific action in a non-
feedback loop system. 
Output The difference between the desired output and the actual 
output in a feedback loop system. 
3. Describe the key difference between a feedback loop control system and a non-
feedback loop control system.
4. Imagine a simple watering system for a potted plant. Explain why a feedback loop 
control system would be a better choice compared to a non-feedback loop control 
system for this application.
5. Imagine you are designing a robot that needs to navigate the rows of plants on a 
maize farm. How could feedback loop systems be incorporated into the robot’s 
design to help it navigate the rows of maize plants efficiently? Explain the type of 
feedback loops you would use and how they would function."
Explain key concepts from Robotics (robotics (8).pdf) - Page 42,"42
Answers to review questions 2.1
1. A robot used in car body manufacture to assemble and weld together pressed 
parts. The advantages of using a programmed robot for this process are speed, 
high quality, accurate and consistent finish, few mistakes, never stops, so output 
is high, and productivity and profit maximised. Similar industries can be used as 
examples like PCB, furniture, making. Applications in packing, sorting, storage, 
and transport can also be contextualized to industry. 
2. An elevator (lift), supermarket checkout machine like Point-of-Sale (POS), cash 
dispensing like automated teller machine (ATM), Conveyor Belt are all examples of 
non-robotic systems. These systems might have some computerised components 
or mechanical movement, but they lack the ability to interact with the physical 
world (adaptability) and autonomy associated with robotic systems etc.
3. Advanced sensing systems which use a combination of radar, sensors, and cameras 
to detect obstacles and manage acceleration, braking, and steering, they also have 
advanced, safety features such as collision avoidance, lane-keeping assist, and 
automatic emergency braking.
4. Welding produces hot sparks and high-intensity light that can damage the eyes. 
Robot arms with welding torches attached are safer. Spray painting nozzles 
are attached to robot arms so human health is not damaged by breathing in 
contaminated air. Robot arms have grippers that can complete tasks with more 
precision, making complicated surgical procedures in hospitals safer, for example.
5. The sensing subsystem is responsible for interaction with the environment, 
receiving information, and the actuation subsystem receives the processed 
information and performs the physical action on the environment."
Explain key concepts from Robotics (robotics (8).pdf) - Page 43,"43
Answers to Review Questions 2.2
1. Question 1
Shape Purpose
Rectangle Process
Oval Start
Parallelogram Input/output
Diamond Decision 
2. Question 2
 Sensor reading, decision making, watering activation,"
Explain key concepts from Robotics (robotics (8).pdf) - Page 44,"44
ROBOTS AND SOCIETY 1 SECTION 2
Extended Reading
• MIT OpenCourseWare - Introduction to Robotics: 
• Lecture Notes | Introduction to Robotics | Mechanical Engineering | MIT 
OpenCourseWare
• Control system definition, types, and applications:
 https://www.electronicsforu.com/technology-trends/learn-electronics/control-
system-definition-types-applications-and-faqs
• Katy Borner (2021). Atlas of Forecasts: Modelling and Mapping, MIT Press.
• C.P. Basso (2012) Design Control Loops for Linear and Switching Power Supply, A 
Tutorial Guide. Artech House
References
• Katy Borner (2021) Atlas of Forecasts: Modelling and Mapping, MIT Press.
• C.P. Basso (2012) Design Control Loops for Linear and Switching Power Supply, A 
Tutorial Guide. Artech House.
• T. E. Marlin (2007) Designing Process and Control Systems for Dynamic Performance. 
McGrew Hills Publication.
• M. A.  Clifford (2004) Instrumentation and Control System Documentation. The 
Instrumentation System and Automation Society.
• After 40 Years, The Mac Is Immortal. (2024). Everand. https://www.everand.com/
article/706071578/After-40-Years-The-Mac-Is-Immortal
• Amofa, N. A. (2023, November 7). Nana Akua Amofa: Is the Use of Digital 
Public Relations Engaging Audiences Better? BellaNaija. https://www.bellanaija.
com/2023/11/nana-akua-amofa-digital-pr/
• Arnold, C. (2016). Disruptive innovation, toxic poison and LAT - who is stopping 
your company innovating? Disruptive innovation, toxic poison and LAT - who 
is stopping your company innovating? Disruptive innovation, toxic poison and 
LAT - who is stopping your company innovating? Retrieved March 22, 2024, from"
Explain key concepts from Robotics (robotics (8).pdf) - Page 45,"45
ROBOTS AND SOCIETY 1 SECTION 2
https://www.linkedin.com/pulse/disruptive-innovation-toxic-poison-lat-who-
stopping-chris-arnold. 
• Briefing, C. (2016, June 2). The Adoption of Advanced Robotics in Manufacturing: 
A Reality Today, or a Revolution for the Future? - China Briefing News. China 
Briefing News. https://www.china-briefing.com/news/adoption-advanced-
robotics-manufacturing-reality-today-revolution-future/
• Duranton, S. (2023). Thomas A. Edison exhibits a replica of his first successful 
incandescent lamp, ... [+]. Lightbulb Moment: Big Business Needs “mini-Edisons” 
To Drive Invention. Retrieved March 8, 2024, from https://www.forbes.com/
sites/sylvainduranton/2023/04/28/lightbulb-moment-big-business-needs-mini-
edisons-to-drive-invention/?sh=13caa06e2228. 
• Murray, J. Q. (2017). Machining History: Lathe, the Mother of all Tools. https://
blog.mmi-direct.com/machining-history-lathe-the-mother-of-all-tools
• Players, B. C. (2020, December 16). Governor Baker, regulating facial recognition 
technology is a racial justice issue. BostonGlobe.com. https://www.bostonglobe.
com/2020/12/16/opinion/governor-baker-regulating-facial-recognition-
technology-is-racial-justice-issue/
• Rutkowska, M., & Sulich, A. (2020). Green Jobs on Green Jobs on the background 
of Industry 4.0. Procedia Computer Science, 176, 1231-1240.
• Past And the Present: The History and Evolution of Robots, Ishan Daftardar, 2023. 
https://www.scienceabc.com/innovation/history-evolution-robots-robotics-
pathfinder-hal-nadine.html
 https://www.britannica.com/technology/robot-technology 
• https://www.igi-global.com/dictionary/developing-trends-in-power-and-
networking-technologies-for-intelligent-cities/46626 
• Robotics technology, Sam Daley, 2024. https://builtin.com/robotics
• Robotics: Construction of a Robots – Subsystems, Actuators, Sensors, Controllers, 
and algorithms. https://www.brighthubengineering.com/robotics/26214-
robotics-construction-of-a-robot/30/04/2024"
Explain key concepts from Robotics (robotics (8).pdf) - Page 46,"46
ROBOTS AND SOCIETY 1 SECTION 2
ACKNOWLEDGEMENTS
List of Contributors
Name Institution
Griffith Selorm Klogo  Kwame Nkrumah University of Science and Technology
Asare Boakye Ansah  Kumasi Technical University  
Gershon Normenyo Kwame Nkrumah University of Science and Technology
Nero Kofi Etornam 
Novor
Kwame Nkrumah University of Science and Technology
Samuel Quarm 
Olatunde 
GES, Kumasi"
Explain key concepts from Robotics (robotics (9).pdf) - Page 1,"1
ROBOT CONTROL 
PRINCIPLES 1 
SECTION  
1
Robotics Year 1"
Explain key concepts from Robotics (robotics (9).pdf) - Page 2,"2
ROBOT CONTROL PRINCIPLES 1 SECTION 1
Principles of Robotic Systems
Robot Control Principles
Introduction
This section of the course is developed to help you understand the distinct features and 
advancements that characterise the transition from each of the industrial revolutions. 
Studying the industrial revolutions provides a historical context for understanding the 
evolution of technology and automation, laying the foundation for appreciating the 
development and significance of robotics in modern industries. Robots have become 
increasingly prevalent in various 21st-century environments, contributing to economic 
and social benefits. However, it is crucial to consider these benefits within the context 
of accepted standards and ethics, known as Roboethics (Robot Ethics). This content 
will outline some essential economic and social benefits of using robots in different 
environments while also emphasising the importance of upholding ethical standards 
and inclusivity. By addressing these focal areas, learners will gain an understanding of 
the economic and social benefits of using robots in 21 st century environments while 
being mindful of accepted standards and ethics in robotic. This part of the course is 
designed to help you acquire knowledge in the use of logic and loop diagrams and 
develop skill in their use in control system design. This course will introduce you to 
how robots, much like us, think and act to achieve their tasks. You will explore the 
principles of robotic systems, focusing on the application of logic and control loops, 
and their significance in designing robot control systems.
At the end of the section, you will be able to:
1. Describe the distinct features and advancements that characterise the transition from 
each of the industrial revolutions. 
2. Analyse how the four organisational performance indicators (price, quality, flexibility, 
and innovation) have been impacted by the interdependence of humans and robots in 
working environments.
3. Identify the economic and social benefits of using robots in 21st-century environments 
(workplaces, smartly built environments such as smart homes and smart cities, 
playgrounds, etc.) within the confines of accepted standards and ethics"
Explain key concepts from Robotics (robotics (9).pdf) - Page 3,"3
ROBOT CONTROL PRINCIPLES 1 SECTION 1
Key Ideas
• Industrial Revolutions: These are periods that have introduced innovations such 
as mechanisation, steam power, and mass production, transforming economies and 
lifestyles worldwide.
• Roboethics: Roboethics is concerned with how robots can be used effectively and 
responsibly 
THE INDUSTRIAL REVOLUTION – UNVEILING 
THE EVOLUTION OF MODERN INDUSTRY
The changes that have happened over the years in industry and technologies have led 
to advancements in robots, their effect on humans, and how they both co-exist. To 
understand their impact, it is crucial to explore the distinct features and advancements 
characterising the transition from each of the industrial revolutions.
INDUSTRIAL REVOLUTIONS
The Industrial Revolutions, spanning from the late 18th century to date, have marked 
significant shifts in manufacturing, technology, and societal structure. These periods 
have introduced innovations such as mechanisation, steam power, and mass production, 
transforming economies and lifestyles worldwide. However, there are variations in 
research regarding each revolution’s precise start and end dates, reflecting differing 
interpretations of historical events and their impacts on society’s evolution. Despite 
these differences, the Industrial Revolutions collectively reshaped human civilisation, 
laying the foundation for modern industrialised societies and the field of robotics.
1. First Industrial Revolution (1760-1830)
The First Industrial Revolution, also known as Industry 1.0, marked a shift from manual 
labour to machine-based manufacturing. It led to the rise of factory systems, mass 
production, and the use of coal and iron as key resources, transforming agrarian-based 
(farming-based) economies into industrialised urban-centred economies. During this 
period, the concept of robots was not yet born; however, key ideas, especially regarding 
actuation (mechanical motion), were initiated, and this later became a significant 
feature of robots. 
Some of the key advancements that characterise this revolution include the following:
a. Early automation; Automated looms and textile machinery were introduced 
to mechanise the process of weaving cloth. An example of this is the machinery"
Explain key concepts from Robotics (robotics (9).pdf) - Page 4,"4
ROBOT CONTROL PRINCIPLES 1 SECTION 1
used to weave kente in Bonwire in Ashanti Region and other areas in Ghana. 
This introduction reduced reliance on human labour and boosted productivity. 
https://
en.wikipedia.org/
wiki/Loom
Fig. 1.1 A loom used in the textile industry
b. Mechanisation in mining; In 1712, the first steam engine was built. It used 
steam power for mechanical work. Steam pushed a piston up and was cooled by 
water, creating a vacuum that let the piston down by gravity. It was also used to 
pump water. Later,  other steam-powered machines, such as Thomas Savery’s 
steam pump, steam trains and drills, were developed to extract and transport 
coal and minerals. This enhanced efficiency and safety in mining operations. 
In Ghana, however, it wasn’t until the year 1901 was railway constructed by the 
British colonial government to connect the inland mining town of Tarkwa to the 
port city of Sekondi. This railway was essential for transporting minerals such as 
gold and manganese to the coast for export.
Fig. 1.2: A steam train
2. Second Industrial Revolution (1870-1914)
 The Second Industrial Revolution, which is also referred to as Industry 2.0, was 
marked by the widespread adoption of steel production, the development of"
Explain key concepts from Robotics (robotics (9).pdf) - Page 5,"5
ROBOT CONTROL PRINCIPLES 1 SECTION 1
electrical power and lighting, the invention of the telephone, the expansion of 
the railroad network and the introduction of mass production techniques. These 
advancements led to greater efficiency in industrial production. Even though 
these were not directly robotic systems, the Second Industrial Revolution set the 
stage for advancements in technologies, which played critical roles in providing 
electrical power, and other technologies, including communication technologies, 
which later became an integral part of robots. 
 Some of the notable advancements in the Second Industrial Revolution include 
the following:
a. Electrical power systems; The development of electrical power systems 
facilitated the automation of various process-powering machines and enabled 
the growth of industries like steel production and transportation. This 
innovation of the light bulb and electricity transmission system was in the 1800s 
by Thomas Edison. During this time in Ghana, locals still used kerosene powered 
lamps and candles. It was not until 1900s did Ghana enjoy the innovation of 
electrical power systems. 
Fig. 1.3 Thomas Edison at the Light Bulb’s Golden Jubilee anniversary (Duranton, 2023)
b. Assembly line innovations; The introduction of conveyor belts and 
mechanised assembly lines increased production rates and efficiency, as seen 
in Henry Ford’s automobile factories. In the same sense, in 1968, there was 
a vehicle assembly plant in Ghana which locally produced public buses into 
service. There were other plants that cropped up later in the first republic that 
boosted the use of automobiles."
Explain key concepts from Robotics (robotics (9).pdf) - Page 6,"6
ROBOT CONTROL PRINCIPLES 1 SECTION 1
Fig. 1.4 Assembly Line in Henry Ford’s Automobile industry (Arnold, 2016)
c. Precision machinery; Advanced machine tools, including lathes and milling 
machines, allowed for precise and standardised manufacturing, promoting 
interchangeable parts and mass production.
Fig. 1.5 An early generation Lathe and Milling Machine (Murray, 2022)
3. Third Industrial Revolution (1950s–1990s)
The Third Industrial Revolution, also known as the Digital Revolution or Industry 
3.0, involved the use of computers and electronics in the use of industrial production 
processes. The first and second industrial revolutions made significant progress in 
designing machines that had mechanical parts that were either controlled by steam 
engines or electrical energy. This was close to mimicking human actions in the real 
world but lacked a brain to mimic human thinking. 
By the third industrial revolution, some machines (with basic robotic functionalities) 
began to replace humans to perform repetitive tasks by using computers or processors 
acting on data received from sensors. These computing systems process data from 
sensors into actionable decisions used to coordinate the movement of mechanical 
subsystems. Robotic arms in factories are typical examples of these computer-controlled 
repetitive tasks. Robot arms were first used in factories in the 1970s. This forms the 
true definition of machines that fully qualify as robots. 
Some key technologies of the third industrial revolution include the following:"
Explain key concepts from Robotics (robotics (9).pdf) - Page 7,"7
ROBOT CONTROL PRINCIPLES 1 SECTION 1
a. Robotic automation; Industrial robots started to emerge, performing tasks 
with greater precision, speed, and reliability. Early applications included 
automated assembling, welding, and material handling in manufacturing plants.
Fig. 1.6: Robots being employed in an assembly line (Briefing, 2016)
b. Development of computer technology; During the third industrial 
revolution, computer technology advanced rapidly, causing a move from 
mainframe computers to personal computers (PCs). This shift made computing 
power more accessible to individuals and businesses, radically changing data 
processing and automation. The development of microprocessors and software 
applications further accelerated the integration of computers into various 
industries, fostering innovation and driving economic growth.
Fig. 1.7: An early Macintosh Apple PC (Everand, 2024)
c. Rise of the internet; During the third industrial revolution, the rise of the 
Internet revolutionised communication and information exchange. This global 
network of interconnected computers enabled instant communication and"
Explain key concepts from Robotics (robotics (9).pdf) - Page 8,"8
ROBOT CONTROL PRINCIPLES 1 SECTION 1
access to vast information and facilitated e-commerce. The internet transformed 
various aspects of society, including education, business, and entertainment, 
leading to significant advancements in technology and connectivity. Its 
widespread adoption paved the way for further digital innovations and the 
emergence of the digital age.
4. Fourth Industrial Revolution (2011 – present)
The Fourth Industrial Revolution, also known as Industry 4.0, is defined by the 
integration of cyber-physical systems, artificial intelligence, the Internet of Things 
(IoTs) and Big Data analytics. It has led to the digitalisation and connectivity of various 
industries, giving rise to smart homes, smart factories, and smart cities. Products and 
services are personalised based on data gathered and analysed with a special focus on 
sustainability. 
Robots are now at the forefront of this revolution, driven by the following advancements:
a. Artificial Intelligence (AI) and Machine Learning (ML); AI and ML 
systems are systems designed to simulate human cognitive processes, such as 
learning, reasoning, problem solving, perception, and decision-making. With this 
technological inclusion, robots are becoming smarter and capable of learning, 
adapting, and making complex decisions.
Fig. 1.8: AI being used in facial detection and recognition systems (Players, 2020)
b. Internet of Things (IoT) integration; IoT refers to a network of 
interconnected physical devices such as vehicles, appliances, and other objects 
that are embedded with sensors, software, and network connectivity, allowing 
them to collect and exchange data without human intervention. Robots are 
becoming an integral part of IoT, enabling them to collect and exchange data, 
optimise processes, and operate within interconnected systems like smart 
factories, smart homes, cyber-physical systems, smart cities, etc."
Explain key concepts from Robotics (robotics (9).pdf) - Page 9,"9
ROBOT CONTROL PRINCIPLES 1 SECTION 1
https://hashstudioz.
com/blog/how-
internet-of-things-
is-transforming-the-
agriculture-sector/
Fig. 1.9: IoT in Agriculture
c. Augmented Reality (AR) and Virtual Reality (VR); AR and VR 
technologies are changing the narrative in various industries. Augmented reality 
overlays digital information onto the real world, enhancing user experiences 
by adding virtual elements to the physical environment. Virtual reality, on the 
other hand, immerses users in a completely digital environment, simulating 
real-life experiences through computer-generated environments. Both AR and 
VR are transforming fields such as manufacturing, healthcare, education, and 
entertainment by providing immersive and interactive experiences, improving 
training simulations, enhancing design processes, and enabling remote 
collaboration.
Fig. 1.10: A man using Virtual Reality (VR) Headsets (Amofa, 2023)"
Explain key concepts from Robotics (robotics (9).pdf) - Page 10,"10
ROBOT CONTROL PRINCIPLES 1 SECTION 1
In summary, there are variations in research regarding each industrial revolution’s 
precise start and end dates, reflecting differing interpretations of historical events and 
their impacts on society’s evolution. Figure 1.11 shows a timeline of these revolutions.
Fig. 1.11: The Industrial Revolutions’ timeline (Rutkowska & Sulich, 2020)
Activity 1.1
1. Read on the Industrial Revolutions from books from the library, or watch the 
videos below on industrial revolution:
https://www.britannica.com/video/222419/did-
you-know-Industrial-Revolution
 
  
https://youtu.be/NDTvCO5ifKo?si=UNqLTb-
VbQCCvbw0s  
 
   
Identify one keyword unique to each industrial revolution and write them on 
flashcards with descriptions or definitions on the back.
2. Choose an industrial revolution of your interest and research additional 
significant advancements from that era not covered in the provided materials. 
a. Why do you think those advancements were uniquely developed during 
that specific industrial revolution?"
Explain key concepts from Robotics (robotics (9).pdf) - Page 11,"11
ROBOT CONTROL PRINCIPLES 1 SECTION 1
b. Research on how various historical events are linked to technological 
advancements.
c. Present your findings to the class.
INTERDEPENDENCE OF HUMANS AND ROBOTS 
- IMPACT ON ORGANISATIONAL PERFORMANCE 
INDICATORS 
In this lesson you will look at how the four organisational performance indicators 
(such as price, quality, flexibility, and innovation) have been impacted by the 
interdependence of humans and robots in working environments. As humans and 
robots increasingly work together in 21st century environments, it is essential to analyse 
how this interdependence affects organisational performance indicators. Price, quality, 
flexibility, and innovation play a significant role in assessing the effectiveness and 
competitiveness of organisations. 
ORGANISATIONAL PERFORMANCE INDICATORS 
AFFECTED BY ROBOT INTEGRATION
An organisation’s performance indicators are measurable values that determine how 
effectively an organisation achieves its objectives. Below are the four key organisational 
performance indicators.
1. Price
Price refers to the cost at which goods or services are offered to customers. The 
interdependence of humans and robots influences pricing in the following ways:
a. Reduced production costs: Robots can perform repetitive and labour-intensive 
tasks with high accuracy and speed, reducing production costs by minimising 
human labour requirements and human errors.
b. Economies of scale: When robots are used in manufacturing, they can enable 
higher production volumes without a proportional increase in costs. This is known 
as economies of scale. By leveraging automation and robotics, manufacturers 
can produce goods in larger quantities, which can result in lower per-unit costs. 
These cost savings can be passed on to consumers through reduced prices.
c. Enhanced cost control: With advanced data analysis and monitoring  
capabilities, robots contribute to improved cost control by identifying 
inefficiencies, reducing waste, and optimising resource utilisation."
Explain key concepts from Robotics (robotics (9).pdf) - Page 12,"12
ROBOT CONTROL PRINCIPLES 1 SECTION 1
d. Innovation and customisation: The use of robots in manufacturing can 
enable greater innovation and customisation capabilities. Robots can be 
programmed and reconfigured to manage different tasks and product variations 
more efficiently. This flexibility allows manufacturers to offer a wider range of 
customised products to meet consumer preferences. While customisation may 
increase costs in some cases, it can also justify higher price points for unique or 
personalised products.
2. Quality
Quality represents the level of excellence or superiority of products or services. The 
interplay between humans and robots impacts quality in the following ways:
a. Consistency and precision: Robots excel in consistently performing tasks 
with high precision, minimising errors and variations in product quality, thereby 
enhancing overall quality control. However, for robots to achieve the required 
levels of precision, human expertise will be required to calibrate robot sensors, 
maintain mechanical parts and actuators, configure and programme robot 
functionalities, and much more. 
b. Continuous improvement: The collaboration between humans and robots 
allows for continuous improvement in quality through the analysis of data 
collected during production processes, leading to refined processes and higher 
product quality.
3. Flexibility
Flexibility refers to an organisation’s ability to adapt and respond quickly to changing 
market demands or customer requirements. The interdependence of humans and 
robots impacts flexibility in the following ways:
a. Task allocation: Robots can manage repetitive or physically demanding tasks, 
freeing up human workers to focus on more complex, creative, and flexible 
activities, such as problem-solving and customer interaction.
b. Reconfigurability: Robots equipped with flexible programming and tooling 
capabilities can be easily reconfigured or reprogrammed to accommodate 
changes in production requirements or product variations, enhancing operational 
flexibility.
c. Scalability: The presence of robots allows organisations to scale their operations 
more efficiently by quickly adjusting production levels to meet changing market 
demands without incurring significant costs or delays."
Explain key concepts from Robotics (robotics (9).pdf) - Page 13,"13
ROBOT CONTROL PRINCIPLES 1 SECTION 1
4. Innovation
The act of one’s ingenuity and creativity in developing and implementing new ideas, 
processes, products, or services is referred to as innovation. The interdependence of 
humans and robots influences innovation in the following ways:
a. Enhanced research and development: Robots can assist in research and 
development activities by performing tasks that require extensive data analysis, 
simulations, or testing, enabling humans to focus on creativity and innovation.
b. Collaborative problem-solving: Humans and robots working together can 
leverage their unique strengths to tackle complex problems, combining human 
creativity, intuition, and adaptability with robot precision and computational 
capabilities.
c. Accelerated production of new technologies: Robots can accelerate the 
production process of innovative technologies, allowing organisations to bring 
new products or services to the market faster and gain a competitive edge."
Explain key concepts from Robotics (robotics (9).pdf) - Page 14,"14
ROBOT CONTROL PRINCIPLES 1 SECTION 1
HUMAN ROLES IN ROBOT-CENTRED 21ST-
CENTURY WORKING ENVIRONMENTS
During the progress made in the working environment discussed above, it is important 
to note that humans are required significantly to achieve the performance indicators 
above. Below are some significant roles humans play in 21st-century environments 
where robots and humans co-exist.
Design and Programming
Humans play a crucial role in designing and programming robots to perform tasks 
with precision and consistency. This involves defining the specific requirements, 
parameters, and desired outcomes for the robot’s operation. Human engineers and 
programmers create algorithms and code that govern the robot’s behaviour, ensuring 
that it conducts tasks accurately and consistently.
Calibration and Configuration
Humans calibrate and configure robots to operate within desired specifications. This 
includes setting up sensors, adjusting actuators, and fine-tuning control systems to 
ensure precise movements and reliable performance. Calibration helps eliminate any 
errors or deviations that may arise during robot operation, enabling more accurate and 
consistent results.
Maintenance and Upkeep
Robots require regular maintenance and upkeep to sustain their precision and 
consistency. Human technicians are responsible for inspecting, cleaning, and repairing 
robots as needed. Maintenance activities include checking sensors, replacing worn-
out components, and ensuring that the robot’s mechanical and electrical systems are 
functioning optimally. 
By maintaining robots in good working conditions, humans contribute to their 
continued precision and consistency.
Quality control and Monitoring
Humans play a vital role in quality control and monitoring processes to ensure that 
robots meet desired standards of precision and consistency. This involves conducting 
inspections, performing tests, and analysing data to assess the performance and output 
of robots. Humans may also oversee the robot’s operations, monitoring its behaviour 
in real-time and intervening if any deviations or errors occur. This active supervision 
helps maintain precision and consistency throughout the robot’s tasks."
Explain key concepts from Robotics (robotics (9).pdf) - Page 15,"15
ROBOT CONTROL PRINCIPLES 1 SECTION 1
Continuous Improvement and Adaptation
Humans are essential in improving and adapting robots. By analysing performance 
data and feedback, humans can identify areas for enhancement and refine the robot’s 
programming and operation. Iterative processes, such as machine learning or algorithm 
updates, enable robots to learn from their experiences and improve their precision and 
consistency over time. Human expertise and intervention guide these improvement 
efforts, ensuring that robots remain effective and reliable.
Skill Development and Training
The integration of robots in the workforce often necessitates new skills and knowledge 
for individuals to work effectively alongside these machines. This means that some 
people are needed to play the role of trainers, training others to supervise and collaborate 
effectively with robots in 21st-century working environments.
Activity 1.2
1. Read the two narratives on maize farm below and perform the activities that 
follow.
Narrative 1
 In the pre-automation era of a maize-producing farm, people did most 
of the work by hand, like planting, watering, and harvesting. This made 
things expensive because it needed lots of workers and sometimes mistakes 
happened. Also, the quality of the maize could vary a lot because people did 
not always do things the same way.
 But things changed when robots started helping on the farm, handling 
processes such as soil preparation, seed selection, planting, weed control, 
irrigation, fertilisation and harvesting with little supervision from humans. 
Robots could do repetitive tasks like planting and harvesting quickly and 
without mistakes. This made the whole farm production process cheaper 
because fewer workers were needed, and the robots were particularly good at 
what they did. Plus, the quality of the maize became more consistent because 
the robots did things the same way every time. 
 With robots, the farm became more flexible, too. Robots could do boring 
jobs, so people could focus on more interesting stuff like solving problems or 
producing new ideas. And if the farm needed to change what it was doing, 
the robots could easily be programmed to do something different.
Narrative 2
 In 2023, Mrs. Kusi had a one-acre maize farm and employed a number 
of workers. In each quarter of the year, Mrs. Kusi tasked his workers to 
handle soil preparation, seed selection, planting, weed control, irrigation, 
fertilization and harvesting. Table 1.1 represents the data gathered in 
each quarter of the year. The man hours per worker attribute provides"
Explain key concepts from Robotics (robotics (9).pdf) - Page 16,"16
ROBOT CONTROL PRINCIPLES 1 SECTION 1
information on how many hours each worker was to work during the period. 
The salary per worker attribute represents the total salary paid to each 
worker during the quarter. The cost of production represents how much 
Mrs. Kusi spent on buying seeds, fertilisers, weedicides and harvesting 
bags during the period. The expected yield represents how much yield in 
pounds (lbs) was expected from the one-acre maize farm during the period. 
The marketable yield represents how much quality yield, in pounds (lbs), 
was harvested and marketed. The price per pound (lb) displays the rate for 
selling each pound (lb) of the harvested produce.
Table 1.1: 1st 
Quarter
2nd 
Quarter
3rd 
Quarter
4th 
Quarter
Number of Workers 2 2 3 3
Man, Hours per Human 
Worker (hrs)
720 720 720 720
Salary per worker (GHC) 1,200 1,200 1,300 1,350
Cost of Production 
(GHC)
10,800 10,350 10,700 10,200
Expected Yield (lbs.) 4.5 4.5 5 5
Marketable Yield (lbs.) 3.5 3.2 3.7 3.9
Price per lb. (GHC) 4,500 4,600 4,500 4,800  
 That same year, Mrs. Nzoley also had a one-acre maize farm and employed 
some workers. In addition to her workers, she leased an agro-based robot 
from QUARM Technologies, paying a lease amount every quarter, adding 
up to her production cost. In each quarter of the year, Mrs Nzoley tasked 
the leased robot to manage soil preparation, seed selection, planting, weed 
control, irrigation, fertilisation and harvesting. The human workers were also 
tasked to monitor the operations of the robot, gather and analyse data on 
production activities and change the pre-programmed chips of the robot(s) 
depending on the task to be performed. Table 1.2 represents the data gathered 
in each quarter of the year."
Explain key concepts from Robotics (robotics (9).pdf) - Page 17,"17
ROBOT CONTROL PRINCIPLES 1 SECTION 1
Table 1.2: 1st Quarter 2nd Quarter 3rd Quarter 4th Quarter
Number of 
Workers
1 1 2 2
Man Hours 
per Worker 
(hrs)
360 360 360 360
Salary per 
worker 
(GHC)
900 900 1,000 1,000
Expected 
Yield (lbs)
4.5 4.5 5 5
Marketable 
Yield (lbs)
4.2 4.3 4.6 4.7
Price per lb 
(GHC)
4,500 4,600 4,500 4,800
 The data provided in Tables 1.1 and 1.2 give insights into both farmers’ 
labour needs, production costs, yield expectations, and revenue generation 
throughout the year.
2. Sit in groups with classmates and conduct a thorough performance analysis 
of at least one of the maize farm narratives, which show the changes that 
took place from pre-robot to post-robot integration in a working environment. 
3. Examine and critique in your groups, each of the maize narratives, focusing 
on your findings from (1) above and carefully highlighting any significant 
observations. 
4. Present your group’s findings to the class, organising them into a comparative 
narrative, table and/or graph highlighting key differences between the two 
eras.
ECONOMIC AND SOCIAL BENEFITS OF 
ROBOTS IN 21ST-CENTURY ENVIRONMENTS — 
BALANCING STANDARDS AND ETHICS
In this lesson, you will be guided to acquire knowledge of the economic and social 
benefits of robots in a 21st-century environment. 
The co-existence of man and robots can help in increasing productivity in the field of 
work. In view of these, standards and ethics have to be upheld to make the existence"
Explain key concepts from Robotics (robotics (9).pdf) - Page 18,"18
ROBOT CONTROL PRINCIPLES 1 SECTION 1
achieve the needed results in the 21st-century environment. You will be introduced 
to a 21st century environment, social and economic benefits of robots and roboethics.
The 21st-Century Environment
A 21st-century environment goes beyond just the physical surroundings. It emphasises 
creating environments designed with human needs and well-being in mind. It refers to 
an environment with a modern setting and conditions where people live. 
Twenty-first century environments are characterised by features such as digitalisation, 
automation, diversity, and innovation. These features reflect its multifaceted nature, 
shaped by technological progress, social change, economic forces, and environmental 
challenges. 
Adaptation to this evolving landscape requires innovative approaches, collaboration 
across sectors, and a commitment to sustainability and inclusive growth. 
On a whole, a 21st-century environment holds certain basic features which include:
1. Technology integration
2. Focus on skills
3. Sustainability and environmental awareness
4. Globalisation and interdependence
5. Shifting demographics
Some 21st- century environments include smart homes, smart cities, and smart 
workplaces.
Fig 1.12 Picture of a smart city
Smart cities are urban areas that utilise advanced technologies to improve quality of life, 
efficiency, and sustainability. By integrating IoT, big data, AI, and citizen engagement, 
smart cities collect and analyse data to optimise infrastructure, services, and resources. 
This leads to improved quality of life, economic growth, environmental sustainability, 
and enhanced governance."
Explain key concepts from Robotics (robotics (9).pdf) - Page 19,"19
ROBOT CONTROL PRINCIPLES 1 SECTION 1
Smart cities are rapidly emerging around the world, demonstrating the potential of 
technology to transform urban living. Here are some notable examples:
Singapore: Often hailed as one of the most advanced smart cities, Singapore utilises 
technology for efficient transportation, waste management, and urban planning.
Barcelona, Spain: Known for its innovative approach to urban development, Barcelona 
has implemented smart solutions for energy management, transportation, and citizen 
participation.
Copenhagen, Denmark: A pioneer in sustainable urban development, Copenhagen 
focuses on cycling infrastructure, renewable energy, and smart waste management.
New York City, USA: The Big Apple has embraced smart technology for various 
initiatives, including smart traffic management, energy efficiency, and public safety.
Songdo, South Korea: This planned city is designed to be a model of sustainability and 
smart living, featuring smart grids, smart transportation, and green infrastructure.
Dubai, UAE: Dubai is known for its ambitious smart city projects, including self-driving 
cars, smart buildings, and a focus on innovation.
Seoul, South Korea: Seoul has invested heavily in smart technologies for areas such as 
transportation, energy, and public safety.
Fig 1.13 A smart working environment
A smart working environment uses advanced technologies like IoT, automation, and 
AI to improve productivity and well-being. Key parts include smart devices to improve 
environmental factors like lighting and temperature, automation to handle simple 
tasks, online tools for working together, AI to help make better decisions, and flexible 
spaces that allow both remote and in-person work. Smart security systems, such as 
biometrics, ensure a secure workspace. These features create an efficient, adaptable, 
and intelligent work ecosystem that allows collaboration and streamlines operations."
Explain key concepts from Robotics (robotics (9).pdf) - Page 20,"20
ROBOT CONTROL PRINCIPLES 1 SECTION 1
Fig 1.14 A smart home
Smart homes are equipped with interconnected devices and systems that can be 
controlled remotely or automatically. These homes leverage technology to enhance 
comfort, convenience, and security. Key elements include connected devices, home 
automation, voice control, smart security, energy efficiency, and entertainment. 
Smart homes offer a more connected, comfortable, and secure living experience by 
incorporating these features.
Economic Importance of Robots
The activities of robots in the 21st century have become more advanced and touch all 
manner of work in the environment, the resulting wave came with lots of economic 
benefits. Some of the economic benefits include:
1. Economic Growth; Robots have helped create jobs in areas such as the 
programming, industry, and engineering field. The economy of a country sees 
the needed growth when its members have jobs in the required fields."
Explain key concepts from Robotics (robotics (9).pdf) - Page 21,"21
ROBOT CONTROL PRINCIPLES 1 SECTION 1
Fig 1.15 Robots in a working environment
2.  Improved Standardisation and Quality; Robots can perform tasks with 
high precision and minimal errors. This may lead to significant improvement 
in product quality control. Robots can work for longer hours and may not 
experience fatigue, hence showing a high level of reliability and consistency in 
their performance. Waste, rework, and unnecessary costs are therefore reduced. 
Quality and standardisation of tasks are achieved.
Fig 1.16 Robots in a packaging warehouse
3. Increase in Productivity and Efficiency; Automation: Robots can perform 
repetitive tasks better, which often exceed human capabilities in speed and 
accuracy. This behaviour of robots helps to increase production in industry."
Explain key concepts from Robotics (robotics (9).pdf) - Page 22,"22
ROBOT CONTROL PRINCIPLES 1 SECTION 1
 Labour costs can be reduced drastically since few robots may be required to 
perform tasks that many humans would be required to do as shown in Figure 
2.5.
4. Flood Gates to Innovation; Innovation in the field of health care, where 
robots are made to help in complex surgeries are typical examples, as well as in 
agriculture where robots are used in operating huge tractor equipment and in 
harvesting.
  
Fig 1.17a Robots in agriculture Fig 1.17b Robots in healthcare
5. Job Creation and skill enhancement; While there are concerns about the 
potential impact of automation on employment, robots can also create new job 
opportunities and demand for skilled workers. As businesses switch to involve 
robots in their activities, there is a growing need for engineers, technicians, 
programmers, and other professionals with expertise in robotics and automation.
6. Safety and risk reduction; Robots can perform hazardous or dangerous tasks 
in environments such as in manufacturing plants, construction sites, and disaster 
zones, reducing the risk of injury or harm to human workers. This improves 
workplace safety and mitigates occupational health hazards, leading to lower 
healthcare costs and improved worker well-being.
7. Global competitiveness; Countries and industries that embrace robotics 
technology can enhance their global competitiveness by improving efficiency, 
reducing costs, and delivering high-quality products and services. 
8. Supply chain optimisation;  Robots play a crucial role in supply chain 
management by automating material handling, inventory management, and 
distribution processes. This makes the supply chain more efficient, reduces 
lead times, and enhances performance, contributing to economic resilience and 
agility.
Social Benefits of Robots
The inclusion of robots in our social environment uniquely addresses the challenges 
of social isolation and offers a range of social benefits. Some of the benefits include:"
Explain key concepts from Robotics (robotics (9).pdf) - Page 23,"23
ROBOT CONTROL PRINCIPLES 1 SECTION 1
1. Promoting social inclusion and accessibility; Here robots may be designed 
and programmed to assist persons with disability with their day-to-day activities 
such as navigating public places and effective commuting.
Fig 1.18  A prosthetic leg with integrated robotics
2. Addressing challenging rescue missions in the 21st century 
environment; Robots can be deployed in hazardous environments for search 
and rescue operations, minimising risks for human personnel in natural 
disasters, robots can be deployed for search and rescue operations. This can 
minimise the risk that may be associated when humans are deployed.
 
 
https://www.
howeandhowe.com/
news-flash/articles/
featured-news/
howe-howe-keeps-
firefighters-safe-
through-use-thermite
Fig. 1.19: A robot on a rescue mission 
3. Enhancing public services in a technological age; In education, robots 
can also be used for simulations and practical exercises. This makes learning"
Explain key concepts from Robotics (robotics (9).pdf) - Page 24,"24
ROBOT CONTROL PRINCIPLES 1 SECTION 1
more engaging and interactive. Also, Robots equipped with telepresence 
technology can facilitate remote collaboration and communication. 
Fig. 1.20 A picture of a robot facilitating a class
4. Providing the aged with assistance; The need for elderly care increases 
as those responsible for their care are engaged with equally important issues. 
Robots can assist the aged with daily living activities like bathing, dressing, and 
medication reminders. This care by robots fosters independence and dignity 
within man-robot coexistence.
Fig. 1.21 A dignity robot providing assistance
5. Environmental conservation; Robots can be useful in environmental 
monitoring and conservation efforts. They can be made to collect data on 
ecosystems, track wildlife populations, and identify environmental threats. They"
Explain key concepts from Robotics (robotics (9).pdf) - Page 25,"25
ROBOT CONTROL PRINCIPLES 1 SECTION 1
can operate in remote or harsh environments where human access is limited, 
contributing to the preservation of natural habitats and biodiversity.
Fig. 1.22: A robot collecting data on an ecosystem
6. Public safety and security; Robots employed in law enforcement and 
security roles contribute to public safety by patrolling public spaces, monitoring 
potential threats, and assisting in emergency situations. In warehouses and 
industrial facilities, robots can be used to detect unauthorised entry or suspicious 
activity. They can help reduce crime rates, enhance surveillance capabilities, and 
provide support to first responders during crises.
Fig. 1.23 A robot used to patrol a pack to reduce crime."
Explain key concepts from Robotics (robotics (9).pdf) - Page 26,"26
ROBOT CONTROL PRINCIPLES 1 SECTION 1
ETHICAL CONSIDERATIONS - ROBOETHICS
Roboethics is a combination of the words ‘ROBOT AND ETHICS’ and is concerned 
with how robots can be used effectively and responsibly considering the potential 
impact on society, humans, and human well-being. In integrating robots into the 21st-
century environment, the following considerations and guidelines can be considered. 
This includes: 
1. Prioritise human safety: Ensure that robots are designed and programmed 
to prioritise human well-being and safety, minimising the risk of harm, and 
incorporating fail-safe mechanisms. Simply put, make sure robots are made to 
look out for people’s safety and do not do anything that could hurt them. 
2. Ensure transparency: Require clear documentation of robot capabilities and 
responsibilities to promote accountability and transparency in development 
and deployment. That way, if something goes wrong, you will know who is 
responsible.
3. Protect privacy: Establish protocols to safeguard privacy rights and securely 
manage sensitive data collected or accessed by robots. In other words, robots 
should be careful with our personal data, like secrets or confidential information. 
They should only use it in the right way and keep it safe.
4. Promote fairness and non-discrimination: Address biases in algorithms and ensure 
equal access to robotic technologies while eliminating potential reinforcement 
of social inequalities. Simply put, robots should not treat people differently 
because of things like how they look or where they are from. They should be fair 
to everyone and give everyone the same chances.
5. Implement ethical decision-making: Define principles for autonomous decision-
making in robots, aligning with ethical values and respecting human autonomy 
while addressing complex ethical dilemmas. In other words, robots should make 
right and fair decisions, just like people do. They should think carefully before 
they do something and make sure it is the best choice.
Activity 1.3
List three economic and three social benefits gained through the integration of 
robots into 21st century environments. 
1. Form a group of 3. In your group, rank your benefits considering:
a. The potential gains from robot integration.
b. Any potential drawbacks or ethical concerns associated with each benefit.
 How you can mitigate these drawbacks while maximising the benefits.
2. Share your thoughts with the class. Be ready to provide examples as to why 
you selected this ranking."
Explain key concepts from Robotics (robotics (9).pdf) - Page 27,"27
ROBOT CONTROL PRINCIPLES 1 SECTION 1
Activity 1.4 
Consider the following statement:
‘Robots will create more jobs than they replace’
1. Your teacher will divide you into two groups:
 Group 1 – To debate for the motion.
 Group 2 – To debate against the motion.
2. In your group, gather your thoughts on the statement and present your 
argument following the rules of the debate as set by your teacher.
Activity 1.5 
Your teacher will organise you in groups to do the following:
1. Consider the benefits and potential ethical concerns of the increasing use of 
robots in society. 
2. Create a video, poster or infographic to raise awareness in your school 
community.
Activity 1.6 
Watch the video demonstration (by clicking the link or scanning the QR Code below) 
on robot-human coexistence: https://youtu.be/pCXUigomiLE?si=tHctrBZRgI_
kp2Ss 
Using ethical frameworks and standards, explain how people might work, live, 
and communicate with robots. Should robots have the same rights as people?
Note: If you cannot watch the video, imagine you live in a world where there are 
the same number of robots as people."
Explain key concepts from Robotics (robotics (9).pdf) - Page 28,"28
Review Questions 1.1 
1. List two key advancements from the Fourth Industrial Revolution.
2. Describe the difference between machines of the first two Industrial Revolutions 
and robots that emerged in the Third Industrial Revolution.
3. Draw up a table to show potential drawbacks alongside the advancements 
brought about by each Industrial Revolution. 
4. How might the Fourth Industrial Revolution, with its emphasis on AI and data 
analysis, further transform the role of robots in industries?"
Explain key concepts from Robotics (robotics (9).pdf) - Page 29,"29
Review Questions 1.2
1. Explain the impact robots have on the performance indicators of ‘price’ and 
‘quality’.
2. State one way robot flexibility contributes to an organisation’s ability to adapt.
3. Explain one potential benefit and one drawback increased robot integration has 
on job availability.
4. Explain how the introduction of robots into maize farming might impact the 
four performance indicators of price, quality, flexibility, and innovation. Use the 
data and descriptions from the two case studies of maize farming.
5. Imagine a future where robots seamlessly integrate into various aspects of 
society, not just the workplace. Explore the potential social, economic, and 
cultural implications of widespread human-robot collaboration. How might 
this collaboration redefine the nature of work, leisure, and human interaction? 
Consider potential challenges in areas like social inequality, human-robot trust, 
and the impact on human identity. Propose strategies to ensure that this future 
is designed for the benefit of all members of society."
Explain key concepts from Robotics (robotics (9).pdf) - Page 30,"30
Review Questions 1.3
1. List six items that can be considered ‘smart items’ in your homes. 
2. Explain any two (2) social benefits robots can bring to society.
3. Explain two (2) economic benefits of robots-human coexistence.
4. Explain two (2) drawbacks of the widespread robot integration in the 
manufacturing industries.
5. How far do you agree with the statement ‘The manufacturing industries of the 
future will no longer need to employ any humans? In your response you should 
refer to the benefits and drawbacks of robots and show your knowledge of the 
role humans will play in factories of the future."
Explain key concepts from Robotics (robotics (9).pdf) - Page 31,"31
ROBOT CONTROL PRINCIPLES 1 SECTION 1
Extended Reading
1. Bartneck, C., Lütge, C., Wagner, A., & Welsh, S. (2021). An introduction to ethics 
in robotics and AI. Springer International Publishing
2. Sethi, K. (2024). Autonomous vehicles and systems: a technological and societal 
perspective. River Publishers 
3. Olson, J.S. & Kenny, S.L. (2015). The industrial revolution: Key themes and 
documents. Santa Barbara, California : ABC-CLIO, pages ix - xiii
4. Saeed, B. N. (2020). Introduction to robotics, analysis, control, applications, (3 rd 
ed) Hoboken, New Jersy, United States: Wiley pages 29–30
5. Judith, D. (2022). Meaningful features with ROBOTS “Designing a New 
Coexistence” CRS Press.
References 
1. Arnold, C. (2016). Disruptive innovation, toxic poison, and LAT - who is stopping 
your company from innovating? Retrieved March 22, 2024, from https://www.
linkedin.com/pulse/disruptive-innovation-toxic-poison-lat-who-stopping-chris-
arnold  
2. China Briefing (2016, June 2). The Adoption of Advanced Robotics in 
Manufacturing: A Reality Today, or a Revolution for the Future? - China Briefing 
News. China Briefing News. https://www.china-briefing.com/news/adoption-
advanced-robotics-manufacturing-reality-today-revolution-future/ 
3. Duranton, S. (2023). Thomas A. Edison exhibits a replica of his first successful 
incandescent lamp, ... [+]. Lightbulb Moment: Big Business Needs “mini-
Edisons” To Drive Invention. Retrieved March 8, 2024, from https://www.forbes.
com/sites/sylvainduranton/2023/04/28/lightbulb-moment-big-business-needs-
mini-edisons-to-drive-invention/?sh=13caa06e2228  
4. Murray, J. Q. (2017). Machining history: Lathe, the mother of all tools. https://
blog.mmi-direct.com/machining-history-lathe-the-mother-of-all-tools 
5. Players, B. C. (2020, December 16). Governor Baker, regulating facial recognition 
technology is a racial justice issue. BostonGlobe.com. https://www.bostonglobe.
com/2020/12/16/opinion/governor-baker-regulating-facial-recognition-
technology-is-racial-justice-issue/ 
6. Rutkowska, M., & Sulich, A. (2020). Green jobs on the background of Industry 
4.0. Procedia Computer Science, 176, 1231-1240."
Explain key concepts from Robotics (robotics (9).pdf) - Page 32,"32
ROBOT CONTROL PRINCIPLES 1 SECTION 1
Glossary 
Mechanisation The use of machines exclusively to work.
Innovation The process of bringing out new ideas, methods or products.
Augmented 
Reality
This is the overlay of digital information on reality.
Environment Refers to our surroundings or all the things around us.
Innovation The process of bringing out new ideas, methods or products.
IoT Internet of things
Pricing Setting the price for goods and services.
Quality refers to the standard or degree of excellence for a good or service.
Flexibility refers to the ability to adapt and quickly respond to change.
Automation Using machines, programs, and technology to complete tasks 
without any human interference. 
Augmented 
Reality (AR)
Augmented reality overlays digital information onto the real 
world, enhancing user experiences by adding virtual elements to 
the physical environment. 
Virtual Reality 
(VR)
Virtual reality immerses users in a completely digital environment, 
simulating real-life experiences through computer-generated 
environments.
Ethics Ethics are the set of values that guide behaviour and determine 
what is acceptable and unacceptable, the question of what is right 
and wrong, for example. 
Social benefits The benefit from programmes that are designed to provide 
assistance or support for an individual or group of individuals.
Economic 
benefits
The benefit from programmes that are designed to improve the 
wealth or the financial well-being of an individual, business, or 
the entire economy. 
Robots Robots are machines that are designed to carry out complex series 
of tasks or actions automatically."
Explain key concepts from Robotics (robotics (9).pdf) - Page 33,"33
ROBOT CONTROL PRINCIPLES 1 SECTION 1
Smart home A smart home is an arrangement of devices which use digital 
technology to make a home more responsive, efficient, and 
secure. A smart home consists of interconnected devices that 
automate and streamline domestic tasks, such as adjusting room 
temperature, controlling lighting, and managing security systems."
Explain key concepts from Robotics (robotics (9).pdf) - Page 34,"34
ROBOT CONTROL PRINCIPLES 1 SECTION 1
ACKNOWLEDGEMENTS
List of Contributors
Name Institution
Griffith Selorm Klogo  Kwame Nkrumah University of Science and Technology
Asare Boakye Ansah  Kumasi Technical University  
Gershon Normenyo Kwame Nkrumah University of Science and Technology
Nero Kofi Etornam 
Novor
Kwame Nkrumah University of Science and Technology
Samuel Quarm 
Olatunde 
GES, Kumasi"
